Date,price,prob_down,pred_ret,ret_1d
2008-02-19,926.6,0.5099601149559021,0.0047156414948403835,0.008633732795715332
2008-02-20,934.6,0.5103672742843628,0.00471924152225256,0.01230478286743164
2008-02-21,946.1,0.5107937455177307,0.0047129313461482525,-0.0014797449111938477
2008-02-22,944.7,0.5112285017967224,0.004702785983681679,-0.007515668869018555
2008-02-25,937.6,0.5116743445396423,0.004693855531513691,0.009065747261047363
2008-02-26,946.1,0.5121127367019653,0.0046799397096037865,0.012789368629455566
2008-02-27,958.2,0.512507975101471,0.004659851081669331,0.006574869155883789
2008-02-28,964.5,0.5128710865974426,0.004623262211680412,0.00787973403930664
2008-02-29,972.1,0.513181746006012,0.004568393342196941,0.009669780731201172
2008-03-03,981.5,0.5134287476539612,0.004510411527007818,-0.017931699752807617
2008-03-04,963.9,0.5136659741401672,0.004455355927348137,0.02313518524169922
2008-03-05,986.2,0.5139779448509216,0.004401772283017635,-0.011356711387634277
2008-03-06,975.0,0.5142296552658081,0.004346152301877737,-0.0028718113899230957
2008-03-07,972.2,0.5144325494766235,0.004291926510632038,-0.0023657679557800293
2008-03-10,969.9,0.514602780342102,0.004247961100190878,0.004433393478393555
2008-03-11,974.2,0.5147826075553894,0.004209850449115038,0.0047217607498168945
2008-03-12,978.8,0.5149131417274475,0.004161643795669079,0.01379239559173584
2008-03-13,992.3,0.5150585174560547,0.004114438779652119,0.005945801734924316
2008-03-14,998.2,0.5150907039642334,0.004063548054546118,0.0032057762145996094
2008-03-17,1001.4,0.5149861574172974,0.004004830028861761,0.0017974376678466797
2008-03-18,1003.2,0.5151560306549072,0.0039702001959085464,-0.05831336975097656
2008-03-19,944.7,0.5152015686035156,0.003941690549254417,-0.02656930685043335
2008-03-20,919.6,0.5151255130767822,0.003922126721590757,-0.0014136433601379395
2008-03-24,918.3,0.5150576233863831,0.003920848481357098,0.017750144004821777
2008-03-25,934.6,0.5149581432342529,0.0039234342984855175,0.015407681465148926
2008-03-26,949.0,0.5148571729660034,0.003926869481801987,-0.00021076202392578125
2008-03-27,948.8,0.514818549156189,0.0039350725710392,-0.019182145595550537
2008-03-28,930.6,0.5147396326065063,0.003938008565455675,-0.01547384262084961
2008-03-31,916.2,0.5145760774612427,0.003934876061975956,-0.03634577989578247
2008-04-01,882.9,0.5143983960151672,0.003941339906305075,0.01393139362335205
2008-04-02,895.2,0.5142098665237427,0.003948686644434929,0.010947227478027344
2008-04-03,905.0,0.5140297412872314,0.003957485780119896,0.004419922828674316
2008-04-04,909.0,0.5138280987739563,0.00395999476313591,0.015071511268615723
2008-04-07,922.7,0.513689398765564,0.00396224157884717,-0.009428858757019043
2008-04-08,914.0,0.5135909914970398,0.003964499570429325,0.021444201469421387
2008-04-09,933.6,0.5134953260421753,0.00395573303103447,-0.005676925182342529
2008-04-10,928.3,0.513475239276886,0.003947357647120953,-0.005063056945800781
2008-04-11,923.6,0.5134413838386536,0.003931235522031784,0.0019489526748657227
2008-04-14,925.4,0.513415515422821,0.003911788575351238,0.0035660266876220703
2008-04-15,928.7,0.5134973526000977,0.003889668732881546,0.01765906810760498
2008-04-16,945.1,0.5137687921524048,0.003869949374347925,-0.0056078433990478516
2008-04-17,939.8,0.5141894817352295,0.003857250092551112,-0.029367923736572266
2008-04-18,912.2,0.514580249786377,0.003850881941616535,0.002740621566772461
2008-04-21,914.7,0.5148942470550537,0.003843889571726322,0.008308649063110352
2008-04-22,922.3,0.5151458382606506,0.00383428274653852,-0.017456352710723877
2008-04-23,906.2,0.5153508186340332,0.003828380722552538,-0.0214080810546875
2008-04-24,886.8,0.51551353931427,0.003831710433587432,0.00045108795166015625
2008-04-25,887.2,0.5156318545341492,0.0038407137617468834,0.006424665451049805
2008-04-28,892.9,0.5156755447387695,0.0038482751697301865,-0.020942986011505127
2008-04-29,874.2,0.5155973434448242,0.003854952985420823,-0.013040542602539062
2008-04-30,862.8,0.5153259038925171,0.003852672642096877,-0.01611030101776123
2008-05-01,848.9,0.5149833559989929,0.0038537522777915,0.008481502532958984
2008-05-02,856.1,0.5146996378898621,0.0038633111398667097,0.018923044204711914
2008-05-05,872.3,0.5144290328025818,0.0038726809434592724,0.0042417049407958984
2008-05-06,876.0,0.5142152309417725,0.0038852645084261894,-0.0073059797286987305
2008-05-07,869.6,0.5139923095703125,0.003896570997312665,0.0126495361328125
2008-05-08,880.6,0.5137301087379456,0.0038983142003417015,0.004428863525390625
2008-05-09,884.5,0.5134860873222351,0.003892363980412483,-0.0009044408798217773
2008-05-12,883.7,0.5133211612701416,0.003884929232299328,-0.01720041036605835
2008-05-13,868.5,0.5132622718811035,0.003886370686814189,-0.003569364547729492
2008-05-14,865.4,0.5131805539131165,0.007301344536244869,0.01571524143218994
2008-05-15,879.0,0.5133962631225586,0.007303633727133274,0.022753119468688965
2008-05-16,899.0,0.5137410163879395,0.0073067983612418175,0.006674051284790039
2008-05-19,905.0,0.5141228437423706,0.007309441454708576,0.016022086143493652
2008-05-20,919.5,0.5145354866981506,0.007308334112167358,0.009244203567504883
2008-05-21,928.0,0.5149385929107666,0.007287804968655109,-0.010883569717407227
2008-05-22,917.9,0.5153477191925049,0.007241955026984215,0.008388638496398926
2008-05-23,925.6,0.5156924724578857,0.00718888221308589,-0.019338786602020264
2008-05-27,907.7,0.5159328579902649,0.007125487085431814,-0.007932126522064209
2008-05-28,900.5,0.5161388516426086,0.007051009684801102,-0.02587449550628662
2008-05-29,877.2,0.5162917375564575,0.006976164411753416,0.011513829231262207
2008-05-30,887.3,0.5164900422096252,0.006915262434631586,0.006311297416687012
2008-06-02,892.9,0.5165953040122986,0.006873525679111481,-0.012655436992645264
2008-06-03,881.6,0.5165561437606812,0.006855118554085493,-0.0019282698631286621
2008-06-04,879.9,0.5163978934288025,0.006843502167612314,-0.009205639362335205
2008-06-05,871.8,0.5163365006446838,0.00682917982339859,0.02707052230834961
2008-06-06,895.4,0.5161199569702148,0.006813614629209042,-0.0007817745208740234
2008-06-09,894.7,0.515909731388092,0.0067907837219536304,-0.029954135417938232
2008-06-10,867.9,0.515373706817627,0.006764249876141548,0.013596057891845703
2008-06-11,879.7,0.5144230127334595,0.0067516048438847065,-0.011935889720916748
2008-06-12,869.2,0.5133305191993713,0.006756029557436705,0.0012655258178710938
2008-06-13,870.3,0.5126798152923584,0.006758553441613913,0.015282034873962402
2008-06-16,883.6,0.5124524235725403,0.006767759099602699,0.0007922649383544922
2008-06-17,884.3,0.5124818086624146,0.006777988281100988,0.007463574409484863
2008-06-18,890.9,0.5125836730003357,0.0067962706089019775,0.012122511863708496
2008-06-19,901.7,0.5128756165504456,0.006809311918914318,-0.0004436373710632324
2008-06-20,901.3,0.5130947232246399,0.0068210698664188385,-0.0183069109916687
2008-06-23,884.8,0.5131847262382507,0.006831522099673748,0.004972934722900391
2008-06-24,889.2,0.513292133808136,0.0068553113378584385,-0.010346412658691406
2008-06-25,880.0,0.5135005116462708,0.006880650296807289,0.037613630294799805
2008-06-26,913.1,0.5135763883590698,0.006909313146024942,0.017741799354553223
2008-06-27,929.3,0.5138368010520935,0.006934829987585545,-0.0033358335494995117
2008-06-30,926.2,0.5139544606208801,0.0069648693315684795,0.017598748207092285
2008-07-01,942.5,0.5141394138336182,0.00699375756084919,0.002440333366394043
2008-07-02,944.8,0.5140751004219055,0.007013137452304363,-0.01365363597869873
2008-07-03,931.9,0.5139131546020508,0.007037954404950142,-0.00493621826171875
2008-07-07,927.3,0.5135512948036194,0.007069766521453857,-0.005823314189910889
2008-07-08,921.9,0.5134143233299255,0.007122361101210117,0.0058574676513671875
2008-07-09,927.3,0.5131415724754333,0.007182174362242222,0.014666318893432617
2008-07-10,940.9,0.5128656029701233,0.007245361804962158,0.019768238067626953
2008-07-11,959.5,0.5123840570449829,0.007281377911567688,0.01375722885131836
2008-07-14,972.7,0.5118280053138733,0.007306760177016258,0.0051403045654296875
2008-07-15,977.7,0.5112377405166626,0.007336827926337719,-0.016262710094451904
2008-07-16,961.8,0.5109925866127014,0.007365562487393618,0.008525729179382324
2008-07-17,970.0,0.511012077331543,0.0073839775286614895,-0.01309281587600708
2008-07-18,957.3,0.5112192630767822,0.007388725411146879,0.006058692932128906
2008-07-21,963.1,0.5117281079292297,0.007388744968920946,-0.0156785249710083
2008-07-22,948.0,0.5125041604042053,0.007384566590189934,-0.0270041823387146
2008-07-23,922.4,0.5132116675376892,0.0073733851313591,-0.0004336833953857422
2008-07-24,922.0,0.5135959982872009,0.007371218875050545,0.004989147186279297
2008-07-25,926.6,0.5138200521469116,0.00736163230612874,0.0010792016983032227
2008-07-28,927.6,0.5138023495674133,0.007352563552558422,-0.012074112892150879
2008-07-29,916.4,0.5138527750968933,0.007353689521551132,-0.01473158597946167
2008-07-30,902.9,0.513983428478241,0.00736415758728981,0.012182950973510742
2008-07-31,913.9,0.5139996409416199,0.0073847696185112,-0.005361676216125488
2008-08-01,909.0,0.5139126777648926,0.0074125900864601135,-0.009791016578674316
2008-08-04,900.1,0.5135603547096252,0.0074383653700351715,-0.023886263370513916
2008-08-05,878.6,0.5132427215576172,0.007463817484676838,-0.0034145116806030273
2008-08-06,875.6,0.513022243976593,0.007490688934922218,-0.0055961012840271
2008-08-07,870.7,0.5127173662185669,0.0075333211570978165,-0.014815688133239746
2008-08-08,857.8,0.6583077907562256,-0.014207731001079082,-0.04231756925582886
2008-08-11,821.5,0.6562230587005615,-0.013883494772017002,-0.016189873218536377
2008-08-12,808.2,0.6536288261413574,-0.013470285572111607,0.02078688144683838
2008-08-13,825.0,0.65079665184021,-0.0130286430940032,-0.02036362886428833
2008-08-14,808.2,0.6472152471542358,-0.012491495348513126,-0.027468442916870117
2008-08-15,786.0,0.6426489353179932,-0.011829040013253689,0.01743006706237793
2008-08-18,799.7,0.6378666758537292,-0.01112105417996645,0.014255285263061523
2008-08-19,811.1,0.633178174495697,-0.01042159553617239,-0.0009862780570983887
2008-08-20,810.3,0.6282468438148499,-0.009695444256067276,0.028014302253723145
2008-08-21,833.0,0.6238141655921936,-0.00899884570389986,-0.006722688674926758
2008-08-22,827.4,0.6195854544639587,-0.008304992690682411,-0.009185433387756348
2008-08-25,819.8,0.6160759329795837,-0.007669629529118538,0.002927541732788086
2008-08-26,822.2,0.6130030751228333,-0.007099602371454239,0.007175803184509277
2008-08-27,828.1,0.6101376414299011,-0.006598585285246372,0.0033812522888183594
2008-08-28,830.9,0.6074999570846558,-0.006142487749457359,-0.001925647258758545
2008-08-29,829.3,0.6054922938346863,-0.005749765783548355,-0.029301822185516357
2008-09-02,805.0,0.6037788391113281,-0.005458026193082333,-0.0028571486473083496
2008-09-03,802.7,0.602042019367218,-0.00518120639026165,-0.005979776382446289
2008-09-04,797.9,0.6008201241493225,-0.004978670738637447,-0.00037604570388793945
2008-09-05,797.6,0.5993248820304871,-0.004792329855263233,-0.00012534856796264648
2008-09-08,797.5,0.5970413684844971,-0.004567302763462067,-0.013040781021118164
2008-09-09,787.1,0.5947540998458862,-0.004365013912320137,-0.03709816932678223
2008-09-10,757.9,0.5915219187736511,-0.004099693149328232,-0.02190268039703369
2008-09-11,741.3,0.5871052145957947,-0.003737209364771843,0.025630593299865723
2008-09-12,760.3,0.5823948383331299,-0.0033615920692682266,0.02998816967010498
2008-09-15,783.1,0.5785005688667297,-0.0030927713960409164,-0.008428037166595459
2008-09-16,776.5,0.5745648145675659,-0.002876201644539833,0.09027683734893799
2008-09-17,846.6,0.5721523761749268,-0.002880713902413845,0.054453134536743164
2008-09-18,892.7,0.5692681074142456,-0.0029057934880256653,-0.03595834970474243
2008-09-19,860.6,0.5655458569526672,-0.0028812363743782043,0.05031383037567139
2008-09-22,903.9,0.5628679990768433,-0.0029447833076119423,-0.02035623788833618
2008-09-23,885.5,0.5608702898025513,-0.003050384111702442,0.003952622413635254
2008-09-24,889.0,0.5589046478271484,-0.0031200842931866646,-0.012710869312286377
2008-09-25,877.7,0.556084394454956,-0.0030832383781671524,0.005924582481384277
2008-09-26,882.9,0.5532594323158264,-0.003027183935046196,0.006002902984619141
2008-09-29,888.2,0.5529211759567261,-0.003259919583797455,-0.01576220989227295
2008-09-30,874.2,0.5504211783409119,-0.003287205472588539,0.007435321807861328
2008-10-01,880.7,0.5468989610671997,-0.003205370157957077,-0.047348737716674805
2008-10-02,839.0,0.543280303478241,-0.003134031780064106,-0.012038111686706543
2008-10-03,828.9,0.5385929942131042,-0.0029448699206113815,0.040776968002319336
2008-10-06,862.7,0.5342690944671631,-0.002825268544256687,0.018198728561401367
2008-10-07,878.4,0.5300337076187134,-0.0027247988618910313,0.028119206428527832
2008-10-08,903.1,0.5260398983955383,-0.0026753051206469536,-0.02214592695236206
2008-10-09,883.1,0.5227686762809753,-0.002741018310189247,-0.031366705894470215
2008-10-10,855.4,0.5191794037818909,-0.0028090812265872955,-0.01928919553756714
2008-10-13,838.9,0.5112758874893188,-0.002271343022584915,-0.0030993223190307617
2008-10-14,836.3,0.5024155378341675,-0.0015426874160766602,-0.0009565949440002441
2008-10-15,835.5,0.495816171169281,-0.0010629505850374699,-0.04069417715072632
2008-10-16,801.5,0.48726189136505127,-0.00040900660678744316,-0.020461678504943848
2008-10-17,785.1,0.4765279293060303,0.0002707601524889469,0.0031843185424804688
2008-10-20,787.6,0.4611987769603729,0.0014686554204672575,-0.02729809284210205
2008-10-21,766.1,0.4456448554992676,0.0027002335991710424,-0.04281425476074219
2008-10-22,733.3,0.43497234582901,0.00343985203653574,-0.027273952960968018
2008-10-23,713.3,0.42547106742858887,0.004122529178857803,0.022150516510009766
2008-10-24,729.1,0.4192403554916382,0.0045172106474637985,0.017281651496887207
2008-10-27,741.7,0.41460102796554565,0.004819408990442753,-0.0032358169555664062
2008-10-28,739.3,0.4073469042778015,0.005421552807092667,0.018260478973388672
2008-10-29,752.8,0.40090781450271606,0.00596068799495697,-0.020722627639770508
2008-10-30,737.2,0.39339005947113037,0.006627971306443214,-0.027672290802001953
2008-10-31,716.8,0.385149747133255,0.007343485951423645,0.011997818946838379
2008-11-03,725.4,0.5282583236694336,0.0016869523096829653,0.042183637619018555
2008-11-04,756.0,0.5281423926353455,0.0018900404684245586,-0.01944446563720703
2008-11-05,741.3,0.5277842283248901,0.002055241260677576,-0.01362466812133789
2008-11-06,731.2,0.5273103713989258,0.0021511514205485582,0.0027352571487426758
2008-11-07,733.2,0.5270035862922668,0.002224462805315852,0.016912102699279785
2008-11-10,745.6,0.5267477035522461,0.002277736086398363,-0.01824033260345459
2008-11-11,732.0,0.5264591574668884,0.002313287928700447,-0.019535481929779053
2008-11-12,717.7,0.526032567024231,0.0023279779125005007,-0.017834722995758057
2008-11-13,704.9,0.5257344841957092,0.0023593143559992313,0.053199052810668945
2008-11-14,742.4,0.5253957509994507,0.002378388773649931,-0.0006734728813171387
2008-11-17,741.9,0.5250561237335205,0.002367139793932438,-0.012535452842712402
2008-11-18,732.6,0.5243980288505554,0.0023451840970665216,0.004504561424255371
2008-11-19,735.9,0.5233805775642395,0.0022941012866795063,0.0172576904296875
2008-11-20,748.6,0.5217832326889038,0.0021982681937515736,0.05757415294647217
2008-11-21,791.7,0.5201486349105835,0.002107324544340372,0.03498804569244385
2008-11-24,819.4,0.5186057090759277,0.0020741214975714684,-0.001220405101776123
2008-11-25,818.4,0.5168407559394836,0.0020740146283060312,-0.012096822261810303
2008-11-26,808.5,0.5147235989570618,0.00210734736174345,0.009523868560791016
2008-11-28,816.2,0.5121645331382751,0.002180705312639475,-0.05096793174743652
2008-12-01,774.6,0.5088757276535034,0.002239212626591325,0.008649587631225586
2008-12-02,781.3,0.505239725112915,0.0022958596237003803,-0.0159989595413208
2008-12-03,768.8,0.5013190507888794,0.002359265461564064,-0.006503641605377197
2008-12-04,763.8,0.4983181357383728,0.002424060134217143,-0.017412900924682617
2008-12-05,750.5,0.49648672342300415,0.002484741387888789,0.022518396377563477
2008-12-08,767.4,0.4950706362724304,0.0025664549320936203,0.0065155029296875
2008-12-09,772.4,0.49388986825942993,0.002649113768711686,0.04492485523223877
2008-12-10,807.1,0.49299487471580505,0.0027332142926752567,0.022054314613342285
2008-12-11,824.9,0.4924043118953705,0.0027973714750260115,-0.007273614406585693
2008-12-12,818.9,0.49202248454093933,0.0028431029058992863,0.02014899253845215
2008-12-15,835.4,0.4917179048061371,0.0028728297911584377,0.007541298866271973
2008-12-16,841.7,0.4913921654224396,0.002889563562348485,0.030652284622192383
2008-12-17,867.5,0.4910516142845154,0.002878741594031453,-0.009106636047363281
2008-12-18,859.6,0.4905930757522583,0.0028437860310077667,-0.026989221572875977
2008-12-19,836.4,0.4900140166282654,0.0027976876590400934,0.011716842651367188
2008-12-22,846.2,0.4894788861274719,0.002748833503574133,-0.010635793209075928
2008-12-23,837.2,0.48899465799331665,0.0027015586383640766,0.011825084686279297
2008-12-24,847.1,0.48860326409339905,0.0026632642839103937,0.02750563621520996
2008-12-26,870.4,0.48827263712882996,0.0026356729213148355,0.0048253536224365234
2008-12-29,874.6,0.48797842860221863,0.0026128035970032215,-0.006059885025024414
2008-12-30,869.3,0.48768794536590576,0.002607814036309719,0.016450047492980957
2008-12-31,883.6,0.48758989572525024,0.0026159347034990788,-0.005432307720184326
2009-01-02,878.8,0.4877890646457672,0.0026377879548817873,-0.02457892894744873
2009-01-05,857.2,0.4880813956260681,0.002676782663911581,0.009566068649291992
2009-01-06,865.4,0.48840388655662537,0.0027324508409947157,-0.028079569339752197
2009-01-07,841.1,0.4887124001979828,0.0027773601468652487,0.015218257904052734
2009-01-08,853.9,0.4890185296535492,0.0028156116604804993,0.00046837329864501953
2009-01-09,854.3,0.4892277717590332,0.0028455136343836784,-0.03979867696762085
2009-01-12,820.3,0.4891939163208008,0.00286684138700366,-0.00024384260177612305
2009-01-13,820.1,0.4889833927154541,0.002899543382227421,-0.014510393142700195
2009-01-14,808.2,0.4884866178035736,0.0029245191253721714,-0.0018559694290161133
2009-01-15,806.7,0.4877854287624359,0.0029541580006480217,0.04041147232055664
2009-01-16,839.3,0.48726537823677063,0.002992866560816765,0.01822948455810547
2009-01-20,854.6,0.4867309331893921,0.003000200493261218,-0.005850672721862793
2009-01-21,849.6,0.486512154340744,0.0030319252982735634,0.010122418403625488
2009-01-22,858.2,0.48653459548950195,0.0030754597391933203,0.04322993755340576
2009-01-23,895.3,0.4866928160190582,0.0031372352968901396,0.014743685722351074
2009-01-26,908.5,0.4870852530002594,0.0031962483190000057,-0.010236620903015137
2009-01-27,899.2,0.48751869797706604,0.0032545016147196293,-0.0123443603515625
2009-01-28,888.1,0.48809581995010376,0.0033122911117970943,0.0191420316696167
2009-01-29,905.1,0.4888753592967987,0.003347756341099739,0.024527668952941895
2009-01-30,927.3,0.5591334104537964,0.001988404430449009,-0.02221500873565674
2009-02-02,906.7,0.5605632662773132,0.0019576919730752707,-0.016212642192840576
2009-02-03,892.0,0.5625370144844055,0.001916277687996626,0.010762333869934082
2009-02-04,901.6,0.5649191737174988,0.001853104680776596,0.013309717178344727
2009-02-05,913.6,0.5669676065444946,0.0017863241955637932,0.00032842159271240234
2009-02-06,913.9,0.5691384673118591,0.0017068239394575357,-0.023525536060333252
2009-02-09,892.4,0.5714259743690491,0.0015940784942358732,0.023868203163146973
2009-02-10,913.7,0.5737568140029907,0.0014625659678131342,0.032943010330200195
2009-02-11,943.8,0.5759536623954773,0.0013392171822488308,0.004979848861694336
2009-02-12,948.5,0.577789843082428,0.001235222676768899,-0.007380068302154541
2009-02-13,941.5,0.5795724987983704,0.001103449845686555,0.02708446979522705
2009-02-17,967.0,0.5813242793083191,0.0009651724249124527,0.011065125465393066
2009-02-18,977.7,0.5829878449440002,0.0008381239604204893,-0.001636505126953125
2009-02-19,976.1,0.584608793258667,0.0007184883579611778,0.02632927894592285
2009-02-20,1001.8,0.5863684415817261,0.0005959556438028812,-0.007187068462371826
2009-02-23,994.6,0.5881710648536682,0.0004700147546827793,-0.025638461112976074
2009-02-24,969.1,0.5897533297538757,0.00033473968505859375,-0.0035083889961242676
2009-02-25,965.7,0.5911861062049866,0.00020227208733558655,-0.024748921394348145
2009-02-26,941.8,0.5924708843231201,6.558652967214584e-05,-0.0003185272216796875
2009-02-27,941.5,0.5937137603759766,-7.522804662585258e-05,-0.002655327320098877
2009-03-02,939.0,0.5948536396026611,-0.0002176603302359581,-0.027795493602752686
2009-03-03,912.9,0.5957082509994507,-0.00035735173150897026,-0.007558345794677734
2009-03-04,906.0,0.5963146090507507,-0.00048802001401782036,0.023178815841674805
2009-03-05,927.0,0.5967015027999878,-0.0006146891973912716,0.016289114952087402
2009-03-06,942.1,0.597011923789978,-0.0007310719229280949,-0.025899529457092285
2009-03-09,917.7,0.5971989035606384,-0.0008358187042176723,-0.0240820050239563
2009-03-10,895.6,0.5971709489822388,-0.0009249388240277767,0.0165252685546875
2009-03-11,910.4,0.597112238407135,-0.0010071932338178158,0.014608979225158691
2009-03-12,923.7,0.5970949530601501,-0.0010890043340623379,0.006603837013244629
2009-03-13,929.8,0.5972827672958374,-0.0011696130968630314,-0.008819103240966797
2009-03-16,921.6,0.5978167653083801,-0.0012560193426907063,-0.005642294883728027
2009-03-17,916.4,0.5985491275787354,-0.0013457899913191795,-0.03022700548171997
2009-03-18,888.7,0.5993221402168274,-0.0014744088985025883,0.0783165693283081
2009-03-19,958.3,0.6006174683570862,-0.0016111857257783413,-0.002608776092529297
2009-03-20,955.8,0.6018989682197571,-0.0017954814247786999,-0.003871142864227295
2009-03-23,952.1,0.6033870577812195,-0.001976925414055586,-0.030248939990997314
2009-03-24,923.3,0.6048793196678162,-0.002149522304534912,0.013105154037475586
2009-03-25,935.4,0.6064237356185913,-0.0023069665767252445,0.004490017890930176
2009-03-26,939.6,0.6078751683235168,-0.0024542175233364105,-0.017667055130004883
2009-03-27,923.0,0.6091850996017456,-0.0025812871754169464,-0.008125662803649902
2009-03-30,915.5,0.6103793978691101,-0.0026777475140988827,0.007755279541015625
2009-03-31,922.6,0.6113535761833191,-0.0027569085359573364,0.0037935972213745117
2009-04-01,926.1,0.6120727062225342,-0.002820377703756094,-0.02019214630126953
2009-04-02,907.4,0.6126437187194824,-0.002870533149689436,-0.01300424337387085
2009-04-03,895.6,0.6130977869033813,-0.002911965362727642,-0.026909291744232178
2009-04-06,871.5,0.6134770512580872,-0.002943378873169422,0.012277722358703613
2009-04-07,882.2,0.6137404441833496,-0.002968522720038891,0.002947092056274414
2009-04-08,884.8,0.6138691902160645,-0.002990342676639557,-0.002938508987426758
2009-04-09,882.2,0.6138842701911926,-0.0029961694963276386,0.014169096946716309
2009-04-13,894.7,0.6138633489608765,-0.0030073141679167747,-0.00424724817276001
2009-04-14,890.9,0.6137937903404236,-0.0030290656723082066,0.0021326541900634766
2009-04-15,892.8,0.6136701703071594,-0.0030464068986475468,-0.015120983123779297
2009-04-16,879.3,0.6135308146476746,-0.0030548763461411,-0.013533473014831543
2009-04-17,867.4,0.6133184432983398,-0.0030433759093284607,0.022596240043640137
2009-04-20,887.0,0.6131110787391663,-0.003022280056029558,-0.005524277687072754
2009-04-21,882.1,0.6128472089767456,-0.0029893196187913418,0.010996460914611816
2009-04-22,891.8,0.6126012802124023,-0.0029536662623286247,0.015810728073120117
2009-04-23,905.9,0.612400472164154,-0.0029297657310962677,0.008499741554260254
2009-04-24,913.6,0.6123544573783875,-0.002922732848674059,-0.0067862868309021
2009-04-27,907.4,0.6124030351638794,-0.0029242835007607937,-0.016089975833892822
2009-04-28,892.8,0.61326003074646,-0.004340828396379948,0.007840514183044434
2009-04-29,899.8,0.6135831475257874,-0.004335006698966026,-0.010113358497619629
2009-04-30,890.7,0.6141607165336609,-0.004352816380560398,-0.0034804344177246094
2009-05-01,887.6,0.6148852109909058,-0.0043846312910318375,0.01577281951904297
2009-05-04,901.6,0.6158804297447205,-0.004441956989467144,0.002329230308532715
2009-05-05,903.7,0.6171010136604309,-0.00452461838722229,0.007524609565734863
2009-05-06,910.5,0.6185711026191711,-0.004634037613868713,0.00494229793548584
2009-05-07,915.0,0.6205279231071472,-0.004790850915014744,-0.0006557106971740723
2009-05-08,914.4,0.6230229735374451,-0.0049903783947229385,-0.001531064510345459
2009-05-11,913.0,0.6261033415794373,-0.005248798988759518,0.01150059700012207
2009-05-12,923.5,0.6293700933456421,-0.005512134172022343,0.002165675163269043
2009-05-13,925.5,0.6331648826599121,-0.00582518707960844,0.002701282501220703
2009-05-14,928.0,0.6372579336166382,-0.0061703892424702644,0.0031250715255737305
2009-05-15,930.9,0.6411486268043518,-0.006524237804114819,-0.01031261682510376
2009-05-18,921.3,0.6443509459495544,-0.006831199862062931,0.005427122116088867
2009-05-19,926.3,0.6474623084068298,-0.007127923890948296,0.011551380157470703
2009-05-20,937.0,0.6508532762527466,-0.007445378229022026,0.01472783088684082
2009-05-21,950.8,0.654955267906189,-0.007821240462362766,0.008098483085632324
2009-05-22,958.5,0.6598066091537476,-0.008263273164629936,-0.005633831024169922
2009-05-26,953.1,0.6647900938987732,-0.00872731301933527,0.0001049041748046875
2009-05-27,953.2,0.6700392961502075,-0.009223412722349167,0.008707523345947266
2009-05-28,961.5,0.6752816438674927,-0.009735886007547379,0.017992734909057617
2009-05-29,978.8,0.6803156137466431,-0.01025670487433672,-0.00020432472229003906
2009-06-01,978.6,0.6853300929069519,-0.010784512385725975,0.004700660705566406
2009-06-02,983.2,0.6903629899024963,-0.01131515484303236,-0.01901954412460327
2009-06-03,964.5,0.6950559020042419,-0.011826966889202595,0.017314672470092773
2009-06-04,981.2,0.6995764374732971,-0.012319681234657764,-0.019873619079589844
2009-06-05,961.7,0.7033888697624207,-0.012755434028804302,-0.010398268699645996
2009-06-08,951.7,0.7064674496650696,-0.013127955608069897,0.0024167299270629883
2009-06-09,954.0,0.7100625038146973,-0.013549123890697956,0.0
2009-06-10,954.0,0.7133137583732605,-0.013930645771324635,0.007651925086975098
2009-06-11,961.3,0.7163509130477905,-0.014281698502600193,-0.02205348014831543
2009-06-12,940.1,0.7187705039978027,-0.014576525427401066,-0.014041006565093994
2009-06-15,926.9,0.7206359505653381,-0.014823631383478642,0.0050705671310424805
2009-06-16,931.6,0.7221806645393372,-0.015036123804748058,0.004079103469848633
2009-06-17,935.4,0.7235045433044434,-0.015210851095616817,-0.001496732234954834
2009-06-18,934.0,0.7245527505874634,-0.015344330109655857,0.0017130374908447266
2009-06-19,935.6,0.7253310680389404,-0.015438499860465527,-0.016032516956329346
2009-06-22,920.6,0.7258759140968323,-0.01551122684031725,0.003584623336791992
2009-06-23,923.9,0.726290225982666,-0.015558970160782337,0.011040091514587402
2009-06-24,934.1,0.7266018390655518,-0.015595140866935253,0.00535273551940918
2009-06-25,939.1,0.7266088724136353,-0.015603880397975445,0.0017037391662597656
2009-06-26,940.7,0.7265285849571228,-0.015594894997775555,-0.00031888484954833984
2009-06-29,940.4,0.7263303399085999,-0.01556814182549715,-0.014142990112304688
2009-06-30,927.1,0.7259359955787659,-0.015517554245889187,0.014993071556091309
2009-07-01,941.0,0.7256459593772888,-0.015468244440853596,-0.010945796966552734
2009-07-02,930.7,0.725287139415741,-0.01542638149112463,-0.0071988701820373535
2009-07-06,924.0,0.7247946858406067,-0.015379034914076328,0.0051947832107543945
2009-07-07,928.8,0.724288821220398,-0.015341308899223804,-0.02131783962249756
2009-07-08,909.0,0.7233758568763733,-0.015274274162948132,0.007590770721435547
2009-07-09,915.9,0.7224509119987488,-0.015185481868684292,-0.004039764404296875
2009-07-10,912.2,0.7213056683540344,-0.01507375854998827,0.010962486267089844
2009-07-13,922.2,0.7200497984886169,-0.014938770793378353,0.00032532215118408203
2009-07-14,922.5,0.718770444393158,-0.014785773120820522,0.01799452304840088
2009-07-15,939.1,0.7181562781333923,-0.01466647069901228,-0.0042594075202941895
2009-07-16,935.1,0.7178417444229126,-0.014563494361937046,0.002245783805847168
2009-07-17,937.2,0.7181537747383118,-0.014519340358674526,0.012057185173034668
2009-07-20,948.5,0.7188449501991272,-0.014516002498567104,-0.002003192901611328
2009-07-21,946.6,0.7196400761604309,-0.014535578899085522,0.006761074066162109
2009-07-22,953.0,0.7206916809082031,-0.014584158547222614,0.0015739202499389648
2009-07-23,954.5,0.6296343803405762,-0.00384731637313962,-0.0017810463905334473
2009-07-24,952.8,0.6307836174964905,-0.003966911230236292,0.0005247592926025391
2009-07-27,953.3,0.6319371461868286,-0.00409963121637702,-0.015000522136688232
2009-07-28,939.0,0.6329513192176819,-0.004227663855999708,-0.012566566467285156
2009-07-29,927.2,0.6336506605148315,-0.004329958464950323,0.008304595947265625
2009-07-30,934.9,0.634251058101654,-0.004417681600898504,0.020109057426452637
2009-07-31,953.7,0.6350353956222534,-0.004505773540586233,0.003040790557861328
2009-08-03,956.6,0.6359981894493103,-0.004609314259141684,0.011394500732421875
2009-08-04,967.5,0.6370026469230652,-0.004719344433397055,-0.003410816192626953
2009-08-05,964.2,0.6380324959754944,-0.0048458329401910305,-0.003629922866821289
2009-08-06,960.7,0.6389374136924744,-0.004969107452780008,-0.0035390853881835938
2009-08-07,957.3,0.6395446062088013,-0.005071665626019239,-0.012848615646362305
2009-08-10,945.0,0.6398661732673645,-0.005148415919393301,0.0008465051651000977
2009-08-11,945.8,0.64005446434021,-0.005205328110605478,0.005180835723876953
2009-08-12,950.7,0.640241801738739,-0.00525031378492713,0.0042073726654052734
2009-08-13,954.7,0.6404696106910706,-0.005280689802020788,-0.008065402507781982
2009-08-14,947.0,0.640571653842926,-0.005290992092341185,-0.013410806655883789
2009-08-17,934.3,0.6405059695243835,-0.005288137588649988,0.0036391019821166992
2009-08-18,937.7,0.6403841376304626,-0.005274116527289152,0.005972027778625488
2009-08-19,943.3,0.6403321623802185,-0.005258845631033182,-0.0031803250312805176
2009-08-20,940.3,0.6402767896652222,-0.005235384684056044,0.01371908187866211
2009-08-21,953.2,0.6403096914291382,-0.00522436061874032,-0.011435210704803467
2009-08-24,942.3,0.6402741074562073,-0.0052089993841946125,0.0023347139358520508
2009-08-25,944.5,0.6402155160903931,-0.005190547090023756,-0.0002117753028869629
2009-08-26,944.3,0.6400480270385742,-0.005162386689335108,0.0012707710266113281
2009-08-27,945.5,0.6399446725845337,-0.0051440089009702206,0.012162923812866211
2009-08-28,957.0,0.6398454308509827,-0.005125462543219328,-0.0055381059646606445
2009-08-31,951.7,0.6397972702980042,-0.005113422404974699,0.0031522512435913086
2009-09-01,954.7,0.6397080421447754,-0.005102134775370359,0.022939085960388184
2009-09-02,976.6,0.6397716999053955,-0.005094637628644705,0.019660115242004395
2009-09-03,995.8,0.6399444937705994,-0.005089898128062487,-0.000903785228729248
2009-09-04,994.9,0.6401945948600769,-0.005100047681480646,0.0030153989791870117
2009-09-08,997.9,0.6406674385070801,-0.005139556247740984,-0.0026054978370666504
2009-09-09,995.3,0.6412601470947266,-0.005194923374801874,0.0001004934310913086
2009-09-10,995.4,0.6419733166694641,-0.005257088225334883,0.009543895721435547
2009-09-11,1004.9,0.6428149938583374,-0.005332155618816614,-0.004975616931915283
2009-09-14,999.9,0.6436383724212646,-0.005415696185082197,0.0051004886627197266
2009-09-15,1005.0,0.6445533633232117,-0.005516552831977606,0.013830900192260742
2009-09-16,1018.9,0.6456134915351868,-0.005634062457829714,-0.0064775943756103516
2009-09-17,1012.3,0.6466918587684631,-0.0057556345127522945,-0.003062307834625244
2009-09-18,1009.2,0.64769047498703,-0.005877646151930094,-0.005449831485748291
2009-09-21,1003.7,0.6485211849212646,-0.005990402307361364,0.01046133041381836
2009-09-22,1014.2,0.6493949294090271,-0.006104032043367624,-0.0011832118034362793
2009-09-23,1013.0,0.650263249874115,-0.006217130925506353,-0.015301108360290527
2009-09-24,997.5,0.6509069204330444,-0.00631048483774066,-0.007318258285522461
2009-09-25,990.2,0.6514060497283936,-0.006387846078723669,0.0023227930068969727
2009-09-28,992.5,0.6517473459243774,-0.006438851822167635,0.0006045103073120117
2009-09-29,993.1,0.6519404053688049,-0.006472113076597452,0.015003561973571777
2009-09-30,1008.0,0.6521714925765991,-0.00650404067710042,-0.008432567119598389
2009-10-01,999.5,0.6523020267486572,-0.006523835007101297,0.00370180606842041
2009-10-02,1003.2,0.6524209976196289,-0.006539595779031515,0.013456940650939941
2009-10-05,1016.7,0.6526075005531311,-0.006551485974341631,0.021540284156799316
2009-10-06,1038.6,0.652932345867157,-0.006569058168679476,0.004525423049926758
2009-10-07,1043.3,0.6532904505729675,-0.006584389600902796,0.011597752571105957
2009-10-08,1055.4,0.6537935733795166,-0.0066167074255645275,-0.007201015949249268
2009-10-09,1047.8,0.6542090177536011,-0.0066553265787661076,0.008493900299072266
2009-10-12,1056.7,0.6546787023544312,-0.006708149332553148,0.007097601890563965
2009-10-13,1064.2,0.655234694480896,-0.006770201493054628,-0.0002818107604980469
2009-10-14,1063.9,0.6558992266654968,-0.006850237492471933,-0.013253092765808105
2009-10-15,1049.8,0.656571626663208,-0.006939768325537443,0.000857234001159668
2009-10-16,1050.7,0.5930683016777039,0.007997356355190277,0.006281614303588867
2009-10-19,1057.3,0.5932393670082092,0.008016051724553108,0.0004729032516479492
2009-10-20,1057.8,0.593397319316864,0.008033418096601963,0.005577564239501953
2009-10-21,1063.7,0.5936781764030457,0.008059714920818806,-0.00554656982421875
2009-10-22,1057.8,0.5940079689025879,0.008090292103588581,-0.0020798444747924805
2009-10-23,1055.6,0.5943325757980347,0.00811855960637331,-0.012788951396942139
2009-10-26,1042.1,0.5946120619773865,0.008138679899275303,-0.0071010589599609375
2009-10-27,1034.7,0.5947810411453247,0.008146366104483604,-0.004638969898223877
2009-10-28,1029.9,0.5949392318725586,0.008148586377501488,0.016021013259887695
2009-10-29,1046.4,0.5950585007667542,0.008148521184921265,-0.0064029693603515625
2009-10-30,1039.7,0.595281720161438,0.00815354660153389,0.013176918029785156
2009-11-02,1053.4,0.5956524610519409,0.0081701148301363,0.02933359146118164
2009-11-03,1084.3,0.5961816906929016,0.008203509263694286,0.0022133588790893555
2009-11-04,1086.7,0.5967594385147095,0.008242622017860413,0.0018404722213745117
2009-11-05,1088.7,0.5972261428833008,0.00827622041106224,0.005878567695617676
2009-11-06,1095.1,0.5976147055625916,0.008308733813464642,0.005205035209655762
2009-11-09,1100.8,0.5979390740394592,0.008341148495674133,0.0009992122650146484
2009-11-10,1101.9,0.5982668995857239,0.008374538272619247,0.010980963706970215
2009-11-11,1114.0,0.5986483097076416,0.008413156494498253,-0.007181346416473389
2009-11-12,1106.0,0.5990381836891174,0.008452116511762142,0.009132027626037598
2009-11-13,1116.1,0.5994366407394409,0.008492941036820412,0.020159482955932617
2009-11-16,1138.6,0.5999206900596619,0.00854184478521347,0.00017571449279785156
2009-11-17,1138.8,0.6004550457000732,0.00859632808715105,0.0016683340072631836
2009-11-18,1140.7,0.6010055541992188,0.008654083125293255,0.0006136894226074219
2009-11-19,1141.4,0.6015985012054443,0.008715413510799408,0.004380583763122559
2009-11-20,1146.4,0.6021946668624878,0.008777049370110035,0.015614151954650879
2009-11-23,1164.3,0.6028153300285339,0.00884254090487957,0.001030564308166504
2009-11-24,1165.5,0.6034305095672607,0.008908363059163094,0.018361210823059082
2009-11-25,1186.9,0.6041267514228821,0.008980553597211838,-0.010700225830078125
2009-11-27,1174.2,0.6048823595046997,0.009051471948623657,0.005876421928405762
2009-11-30,1181.1,0.6056661009788513,0.009121746756136417,0.015240073204040527
2009-12-01,1199.1,0.6064725518226624,0.009196663275361061,0.010758042335510254
2009-12-02,1212.0,0.6072927713394165,0.009275916963815689,0.004455447196960449
2009-12-03,1217.4,0.6081644296646118,0.009359248913824558,-0.0399211049079895
2009-12-04,1168.8,0.6087382435798645,0.009416857734322548,-0.0046201348304748535
2009-12-07,1163.4,0.6090333461761475,0.009449928998947144,-0.017706692218780518
2009-12-08,1142.8,0.6090773344039917,0.009456980973482132,-0.019600987434387207
2009-12-09,1120.4,0.6088530421257019,0.00943835824728012,0.004730343818664551
2009-12-10,1125.7,0.6084604263305664,0.009404344484210014,-0.005596458911895752
2009-12-11,1119.4,0.6079225540161133,0.009357176721096039,0.003484010696411133
2009-12-14,1123.3,0.6073100566864014,0.009303553961217403,-0.0008012056350708008
2009-12-15,1122.4,0.6066872477531433,0.009244497865438461,0.01167142391204834
2009-12-16,1135.5,0.6060540676116943,0.009179008193314075,-0.02527517080307007
2009-12-17,1106.8,0.6053580045700073,0.009104624390602112,0.003614068031311035
2009-12-18,1110.8,0.6046311259269714,0.009026788175106049,-0.013863921165466309
2009-12-21,1095.4,0.6037784814834595,0.008937925100326538,-0.008581340312957764
2009-12-22,1086.0,0.6027703285217285,0.008835304528474808,0.006721973419189453
2009-12-23,1093.3,0.601749837398529,0.008730829693377018,0.009878277778625488
2009-12-24,1104.1,0.6008164882659912,0.008632538840174675,0.0028077363967895508
2009-12-28,1107.2,0.6000200510025024,0.008544430136680603,-0.009212374687194824
2009-12-29,1097.0,0.5992836356163025,0.008459754288196564,-0.005013644695281982
2009-12-30,1091.5,0.5985733270645142,0.00837690383195877,0.0033898353576660156
2009-12-31,1095.2,0.5979974865913391,0.008304312825202942,0.02054417133331299
2010-01-04,1117.7,0.5975720882415771,0.008246774785220623,0.0003578662872314453
2010-01-05,1118.1,0.5972355008125305,0.0082000233232975,0.015919923782348633
2010-01-06,1135.9,0.5970751643180847,0.00817157980054617,-0.00246506929397583
2010-01-07,1133.1,0.596982479095459,0.008151436224579811,0.004500865936279297
2010-01-08,1138.2,0.5969506502151489,0.008139636367559433,0.010982275009155273
2010-01-11,1150.7,0.5970372557640076,0.008140666410326958,-0.018944919109344482
2010-01-12,1128.9,0.597148060798645,0.008141634054481983,0.00664365291595459
2010-01-13,1136.4,0.5645132660865784,0.004696553573012352,0.005455732345581055
2010-01-14,1142.6,0.5645892024040222,0.0046911705285310745,-0.010939955711364746
2010-01-15,1130.1,0.5646455883979797,0.0046822126023471355,0.008494853973388672
2010-01-19,1139.7,0.5646786689758301,0.004678509663790464,-0.024041354656219482
2010-01-20,1112.3,0.564662754535675,0.004678206518292427,-0.008630871772766113
2010-01-21,1102.7,0.5646272897720337,0.0046738525852561,-0.012242674827575684
2010-01-22,1089.2,0.5645841360092163,0.004663013853132725,0.0055086612701416016
2010-01-25,1095.2,0.5645611882209778,0.004652974661439657,0.002465367317199707
2010-01-26,1097.9,0.5645327568054199,0.00464450940489769,-0.012296199798583984
2010-01-27,1084.4,0.5644784569740295,0.004640598781406879,-0.0007377862930297852
2010-01-28,1083.6,0.564387857913971,0.0046411738730967045,-0.0005536675453186035
2010-01-29,1083.0,0.564260721206665,0.004645395092666149,0.019667625427246094
2010-02-01,1104.3,0.5641337633132935,0.004656302276998758,0.011862754821777344
2010-02-02,1117.4,0.5640314221382141,0.004668785724788904,-0.005369603633880615
2010-02-03,1111.4,0.5639088749885559,0.004686854314059019,-0.044088542461395264
2010-02-04,1062.4,0.5637627243995667,0.004698630888015032,-0.009600996971130371
2010-02-05,1052.2,0.5635794401168823,0.004715034272521734,0.012830257415771484
2010-02-08,1065.7,0.5633896589279175,0.004733178298920393,0.010321855545043945
2010-02-09,1076.7,0.5632315278053284,0.00475182943046093,-0.0008357763290405273
2010-02-10,1075.8,0.5630822777748108,0.004773028660565615,0.01710343360900879
2010-02-11,1094.2,0.5629583597183228,0.004797283094376326,-0.00429534912109375
2010-02-12,1089.5,0.5628374218940735,0.004821490030735731,0.027352094650268555
2010-02-16,1119.3,0.5627709031105042,0.004840927664190531,0.0001786947250366211
2010-02-17,1119.5,0.5626869797706604,0.0048667206428945065,-0.0013399124145507812
2010-02-18,1118.0,0.5625700950622559,0.004891597665846348,0.0029517412185668945
2010-02-19,1121.3,0.5624184012413025,0.004915846511721611,-0.007758915424346924
2010-02-22,1112.6,0.5622652173042297,0.004939873702824116,-0.00889807939529419
2010-02-23,1102.7,0.5621283054351807,0.004961114842444658,-0.005622506141662598
2010-02-24,1096.5,0.5619738698005676,0.004981025587767363,0.010305523872375488
2010-02-25,1107.8,0.5618427991867065,0.004998151212930679,0.009478211402893066
2010-02-26,1118.3,0.5617578625679016,0.005009146872907877,-0.0004470944404602051
2010-03-01,1117.8,0.5616620779037476,0.005017854738980532,0.017087101936340332
2010-03-02,1136.9,0.5615896582603455,0.0050255605019629,0.005101561546325684
2010-03-03,1142.7,0.5615803003311157,0.0050282906740903854,-0.0088387131690979
2010-03-04,1132.6,0.5615581274032593,0.0050302837044000626,0.0019425153732299805
2010-03-05,1134.8,0.5615153908729553,0.005035149399191141,-0.009869635105133057
2010-03-08,1123.6,0.5614652037620544,0.005041478201746941,-0.001423954963684082
2010-03-09,1122.0,0.5614030361175537,0.0050497232005000114,-0.012655913829803467
2010-03-10,1107.8,0.5613369941711426,0.00505788205191493,0.0001804828643798828
2010-03-11,1108.0,0.5612778663635254,0.005065658129751682,-0.005866408348083496
2010-03-12,1101.5,0.5612586736679077,0.005068648606538773,0.0032682418823242188
2010-03-15,1105.1,0.5611990690231323,0.005072683095932007,0.015473723411560059
2010-03-16,1122.2,0.561188817024231,0.00507346261292696,0.0016040802001953125
2010-03-17,1124.0,0.5611975193023682,0.005070180166512728,0.0030249357223510742
2010-03-18,1127.4,0.5611600279808044,0.005069006234407425,-0.017739951610565186
2010-03-19,1107.4,0.5610710382461548,0.005071005783975124,-0.0073143839836120605
2010-03-22,1099.3,0.5609716176986694,0.005074693355709314,0.0038205385208129883
2010-03-23,1103.5,0.5608233213424683,0.005082240328192711,-0.013502538204193115
2010-03-24,1088.6,0.5605411529541016,0.005100146867334843,0.003766298294067383
2010-03-25,1092.7,0.5601955056190491,0.005126494914293289,0.010524392127990723
2010-03-26,1104.2,0.5598830580711365,0.005151091609150171,0.005524396896362305
2010-03-29,1110.3,0.5596076846122742,0.005176359321922064,-0.005223870277404785
2010-03-30,1104.5,0.5593517422676086,0.005200395360589027,0.007967472076416016
2010-03-31,1113.3,0.5591716766357422,0.005221763160079718,0.010599017143249512
2010-04-01,1125.1,0.5590348839759827,0.0052406336180865765,0.006932735443115234
2010-04-05,1132.9,0.5588666796684265,0.005259986501187086,0.0019419193267822266
2010-04-06,1135.1,0.5587031245231628,0.005277994554489851,0.015152931213378906
2010-04-07,1152.3,0.558577835559845,0.005293217487633228,-8.684396743774414e-05
2010-04-08,1152.2,0.5584520101547241,0.005305618513375521,0.007724404335021973
2010-04-09,1161.1,0.5583824515342712,0.0053142160177230835,0.0004305839538574219
2010-04-12,1161.6,0.5261507630348206,0.0042470041662454605,-0.007575690746307373
2010-04-13,1152.8,0.5262885689735413,0.004247952718287706,0.005378127098083496
2010-04-14,1159.0,0.5264325737953186,0.004251380451023579,0.0006039142608642578
2010-04-15,1159.7,0.526583731174469,0.0042529539205133915,-0.02017754316329956
2010-04-16,1136.3,0.526719331741333,0.004242726601660252,-0.0009681582450866699
2010-04-19,1135.2,0.5268139243125916,0.004233157727867365,0.002995133399963379
2010-04-20,1138.6,0.5268584489822388,0.004225277341902256,0.008431434631347656
2010-04-21,1148.2,0.5269123911857605,0.004218917805701494,-0.005138397216796875
2010-04-22,1142.3,0.5269351601600647,0.004214630927890539,0.009454488754272461
2010-04-23,1153.1,0.526951014995575,0.004216298460960388,0.00034689903259277344
2010-04-26,1153.5,0.5269675254821777,0.004219657275825739,0.007108807563781738
2010-04-27,1161.7,0.5270841121673584,0.004219541791826487,0.008263826370239258
2010-04-28,1171.3,0.5271846652030945,0.004231754224747419,-0.002475917339324951
2010-04-29,1168.4,0.5272257924079895,0.004244645591825247,0.010013699531555176
2010-04-30,1180.1,0.5273337364196777,0.0042574359104037285,0.002203226089477539
2010-05-03,1182.7,0.5274274349212646,0.004275765269994736,-0.011921882629394531
2010-05-04,1168.6,0.5275163650512695,0.004284152761101723,0.0051343441009521484
2010-05-05,1174.6,0.5275956988334656,0.004292027093470097,0.018985271453857422
2010-05-06,1196.9,0.5277864933013916,0.004299857188016176,0.010944962501525879
2010-05-07,1210.0,0.5280899405479431,0.004319509491324425,-0.007933855056762695
2010-05-10,1200.4,0.5281943678855896,0.004357322584837675,0.01624453067779541
2010-05-11,1219.9,0.528270423412323,0.00439616572111845,0.018689990043640137
2010-05-12,1242.7,0.5283260941505432,0.004440356511622667,-0.011185228824615479
2010-05-13,1228.8,0.5283383131027222,0.004473583772778511,-0.0011393427848815918
2010-05-14,1227.4,0.52836674451828,0.004495232831686735,0.00024437904357910156
2010-05-17,1227.7,0.5283468961715698,0.004515191540122032,-0.010914623737335205
2010-05-18,1214.3,0.5282784700393677,0.004524744115769863,-0.017870426177978516
2010-05-19,1192.6,0.5281362533569336,0.004527402576059103,-0.0040247440338134766
2010-05-20,1187.8,0.5280961990356445,0.004524516873061657,-0.010186970233917236
2010-05-21,1175.7,0.527982771396637,0.0045339795760810375,0.015395164489746094
2010-05-24,1193.8,0.5278680324554443,0.004549641162157059,0.0033506155014038086
2010-05-25,1197.8,0.5276989340782166,0.004566018469631672,0.012940406799316406
2010-05-26,1213.3,0.5275417566299438,0.004582731518894434,-0.0011538863182067871
2010-05-27,1211.9,0.5272952914237976,0.004606092348694801,0.0002474784851074219
2010-05-28,1212.2,0.5270673632621765,0.004621895495802164,0.010394454002380371
2010-06-01,1224.8,0.5269232392311096,0.0046354965306818485,-0.0034291744232177734
2010-06-02,1220.6,0.5267163515090942,0.004653461277484894,-0.010076940059661865
2010-06-03,1208.3,0.5264549851417542,0.0046625277027487755,0.006538033485412598
2010-06-04,1216.2,0.5262741446495056,0.004657704383134842,0.018993616104125977
2010-06-07,1239.3,0.5261659026145935,0.004657536279410124,0.003792405128479004
2010-06-08,1244.0,0.526034951210022,0.004663551226258278,-0.012459814548492432
2010-06-09,1228.5,0.5258689522743225,0.004665528889745474,-0.0062677860260009766
2010-06-10,1220.8,0.5256363153457642,0.004672504961490631,0.006634950637817383
2010-06-11,1228.9,0.5253934860229492,0.0046778479591012,-0.004556894302368164
2010-06-14,1223.3,0.5251665115356445,0.0046800607815384865,0.008092761039733887
2010-06-15,1233.2,0.5249605178833008,0.004687764681875706,-0.0031624436378479004
2010-06-16,1229.3,0.5247930884361267,0.0046902867034077644,0.014805078506469727
2010-06-17,1247.5,0.5247051119804382,0.004693613853305578,0.007775545120239258
2010-06-18,1257.2,0.5246809720993042,0.00469833891838789,-0.013919830322265625
2010-06-21,1239.7,0.5246685147285461,0.004694790579378605,0.0001614093780517578
2010-06-22,1239.9,0.5247023701667786,0.004684169311076403,-0.004677832126617432
2010-06-23,1234.1,0.5247489809989929,0.00467161787673831,0.009237527847290039
2010-06-24,1245.5,0.5248711705207825,0.004661133512854576,0.008269786834716797
2010-06-25,1255.8,0.5250247120857239,0.004658430814743042,-0.014015018939971924
2010-06-28,1238.2,0.5251696109771729,0.004652942530810833,0.0030690431594848633
2010-06-29,1242.0,0.5253875851631165,0.004644095432013273,0.002817988395690918
2010-06-30,1245.5,0.5256203413009644,0.004641612526029348,-0.03147327899932861
2010-07-01,1206.3,0.5257526636123657,0.004635900724679232,0.0009118318557739258
2010-07-02,1207.4,0.5258349776268005,0.004634334240108728,-0.010435640811920166
2010-07-06,1194.8,0.5258772969245911,0.004630555864423513,0.003180384635925293
2010-07-07,1198.6,0.5398142337799072,0.005554815288633108,-0.0023360252380371094
2010-07-08,1195.8,0.5400717854499817,0.00552150746807456,0.01154029369354248
2010-07-09,1209.6,0.5402612686157227,0.005500033963471651,-0.009176552295684814
2010-07-12,1198.5,0.5403686165809631,0.00548303360119462,0.012348771095275879
2010-07-13,1213.3,0.540461540222168,0.005466115195304155,-0.005357265472412109
2010-07-14,1206.8,0.540547251701355,0.005451269447803497,0.0010771751403808594
2010-07-15,1208.1,0.5407133102416992,0.005442020017653704,-0.016637682914733887
2010-07-16,1188.0,0.5409576892852783,0.005432258825749159,-0.005303084850311279
2010-07-19,1181.7,0.5412331223487854,0.005420521833002567,0.00829315185546875
2010-07-20,1191.5,0.5414426326751709,0.005407606717199087,8.392333984375e-05
2010-07-21,1191.6,0.5415595769882202,0.005397311411798,0.0032728910446166992
2010-07-22,1195.5,0.5416831374168396,0.00538515392690897,-0.006524503231048584
2010-07-23,1187.7,0.5417422652244568,0.005378325469791889,-0.003957211971282959
2010-07-26,1183.0,0.5417391061782837,0.005378464236855507,-0.021132707595825195
2010-07-27,1158.0,0.5417160391807556,0.005379916168749332,0.002072572708129883
2010-07-28,1160.4,0.5416507720947266,0.005381637718528509,0.006894230842590332
2010-07-29,1168.4,0.541624903678894,0.005384798627346754,0.011383056640625
2010-07-30,1181.7,0.5416134595870972,0.00538798188790679,0.0014386177062988281
2010-08-02,1183.4,0.5416098833084106,0.005391012877225876,0.001520991325378418
2010-08-03,1185.2,0.5416345596313477,0.005394682288169861,0.007171750068664551
2010-08-04,1193.7,0.5416563749313354,0.005397493485361338,0.0029320716857910156
2010-08-05,1197.2,0.5416846871376038,0.005399145185947418,0.00517880916595459
2010-08-06,1203.4,0.541740894317627,0.00539908604696393,-0.0022436976432800293
2010-08-09,1200.7,0.5417952537536621,0.005396973807364702,-0.0037478208541870117
2010-08-10,1196.2,0.541845977306366,0.005391852464526892,0.0010868310928344727
2010-08-11,1197.5,0.5418774485588074,0.005383593495935202,0.014446854591369629
2010-08-12,1214.8,0.5419737696647644,0.005383738782256842,8.225440979003906e-05
2010-08-13,1214.9,0.5420995950698853,0.005386947654187679,0.007901906967163086
2010-08-16,1224.5,0.5422507524490356,0.005385757889598608,0.001714944839477539
2010-08-17,1226.6,0.5423930287361145,0.005377584137022495,0.0025272369384765625
2010-08-18,1229.7,0.542519211769104,0.005366791505366564,0.0033342838287353516
2010-08-19,1233.8,0.5426639914512634,0.005357543006539345,-0.005349397659301758
2010-08-20,1227.2,0.5427890419960022,0.005347377620637417,-0.00024437904357910156
2010-08-23,1226.9,0.5428984761238098,0.005337362643331289,0.003993868827819824
2010-08-24,1231.8,0.5430211424827576,0.005329169798642397,0.006250977516174316
2010-08-25,1239.5,0.5431346297264099,0.005319119431078434,-0.0033077597618103027
2010-08-26,1235.4,0.5432389974594116,0.005307008977979422,0.0004856586456298828
2010-08-27,1236.0,0.5433109998703003,0.005291219800710678,0.000889897346496582
2010-08-30,1237.1,0.5433717966079712,0.0052795130759477615,0.009053468704223633
2010-08-31,1248.3,0.5434010624885559,0.005267334170639515,-0.0016021728515625
2010-09-01,1246.3,0.5433995127677917,0.005251328460872173,0.004172325134277344
2010-09-02,1251.5,0.5433569550514221,0.0052358899265527725,-0.0018378496170043945
2010-09-03,1249.2,0.5432221293449402,0.005221926607191563,0.006484270095825195
2010-09-07,1257.3,0.5430824160575867,0.005213990341871977,-0.0013521909713745117
2010-09-08,1255.6,0.5429617762565613,0.005209328606724739,-0.00533604621887207
2010-09-09,1248.9,0.5428550243377686,0.00520575325936079,-0.003523111343383789
2010-09-10,1244.5,0.5427391529083252,0.005201083142310381,0.0004820823669433594
2010-09-13,1245.1,0.542621910572052,0.005194224417209625,0.019757390022277832
2010-09-14,1269.7,0.5425388216972351,0.0051890271715819836,-0.0023627877235412598
2010-09-15,1266.7,0.5424715280532837,0.005185140296816826,0.004105210304260254
2010-09-16,1271.9,0.5424615144729614,0.005181641783565283,0.002908945083618164
2010-09-17,1275.6,0.5424858331680298,0.005179429426789284,0.002665400505065918
2010-09-20,1279.0,0.5425023436546326,0.005176258273422718,-0.005160272121429443
2010-09-21,1272.4,0.5425856709480286,0.005178265739232302,0.01398921012878418
2010-09-22,1290.2,0.5427379012107849,0.005180225241929293,0.0031778812408447266
2010-09-23,1294.3,0.5429514646530151,0.005180207546800375,0.0013134479522705078
2010-09-24,1296.0,0.5431973338127136,0.005176858510822058,0.0005401372909545898
2010-09-27,1296.7,0.5434518456459045,0.005172329023480415,0.007634758949279785
2010-09-28,1306.6,0.5436721444129944,0.0051573957316577435,0.0014542341232299805
2010-09-29,1308.5,0.5439050793647766,0.005136359948664904,-0.0005349516868591309
2010-09-30,1307.8,0.5505719184875488,0.0018959178123623133,0.006346464157104492
2010-10-01,1316.1,0.5507769584655762,0.001884138910099864,-0.0005318522453308105
2010-10-04,1315.4,0.5509660243988037,0.0018725576810538769,0.017865300178527832
2010-10-05,1338.9,0.5511178374290466,0.0018544744234532118,0.005601644515991211
2010-10-06,1346.4,0.5512467622756958,0.0018352451734244823,-0.009284019470214844
2010-10-07,1333.9,0.5513408184051514,0.001817944459617138,0.007721662521362305
2010-10-08,1344.2,0.5514097213745117,0.0018043664749711752,0.006769895553588867
2010-10-11,1353.3,0.5514354705810547,0.001796820666640997,-0.005615949630737305
2010-10-12,1345.7,0.5514151453971863,0.0017942206468433142,0.017686009407043457
2010-10-13,1369.5,0.5513772964477539,0.0017948653548955917,0.005257368087768555
2010-10-14,1376.7,0.551331102848053,0.001795480726286769,-0.004067659378051758
2010-10-15,1371.1,0.5512851476669312,0.0017991878557950258,7.295608520507812e-05
2010-10-18,1371.2,0.5512599945068359,0.0018033848609775305,-0.026327311992645264
2010-10-19,1335.1,0.5512290000915527,0.0018107742071151733,0.0061419010162353516
2010-10-20,1343.3,0.5512251257896423,0.0018145870417356491,-0.01384657621383667
2010-10-21,1324.7,0.5512169003486633,0.0018177193123847246,-0.00022643804550170898
2010-10-22,1324.4,0.5512099266052246,0.0018211472779512405,0.010495305061340332
2010-10-25,1338.3,0.5512203574180603,0.001821773825213313,-0.00022417306900024414
2010-10-26,1338.0,0.5512382984161377,0.001822947058826685,-0.011808693408966064
2010-10-27,1322.2,0.551264226436615,0.001824982464313507,0.015050649642944336
2010-10-28,1342.1,0.5513269305229187,0.0018224220257252455,0.011176466941833496
2010-10-29,1357.1,0.5514114499092102,0.0018164478242397308,-0.005084395408630371
2010-11-01,1350.2,0.5515058636665344,0.001808052184060216,0.004591941833496094
2010-11-02,1356.4,0.5516229271888733,0.0017960132099688053,-0.014228880405426025
2010-11-03,1337.1,0.5517200231552124,0.0017834091559052467,0.0341036319732666
2010-11-04,1382.7,0.5518239736557007,0.0017712302505970001,0.01055908203125
2010-11-05,1397.3,0.551888644695282,0.0017645163461565971,0.003936171531677246
2010-11-08,1402.8,0.5519168972969055,0.0017645019106566906,0.004989981651306152
2010-11-09,1409.8,0.551908552646637,0.0017708542291074991,-0.007589757442474365
2010-11-10,1399.1,0.5518855452537537,0.0017811781726777554,0.0028589963912963867
2010-11-11,1403.1,0.5518373250961304,0.0017963796854019165,-0.02686905860900879
2010-11-12,1365.4,0.5517696142196655,0.0018105891067534685,0.0021971464157104492
2010-11-15,1368.4,0.5516771078109741,0.0018187786918133497,-0.021996498107910156
2010-11-16,1338.3,0.5516295433044434,0.0018243638332933187,-0.0011208057403564453
2010-11-17,1336.8,0.5516347289085388,0.0018271838780492544,0.01204371452331543
2010-11-18,1352.9,0.5516705513000488,0.0018280581571161747,-0.0005174875259399414
2010-11-19,1352.2,0.5516994595527649,0.001828266540542245,0.004067420959472656
2010-11-22,1357.7,0.5517159104347229,0.0018287908751517534,0.014583468437194824
2010-11-23,1377.5,0.5517070889472961,0.001829818356782198,-0.0033393502235412598
2010-11-24,1372.9,0.5516701936721802,0.0018307564314454794,-0.007720887660980225
2010-11-26,1362.3,0.5516437888145447,0.0018309205770492554,0.0027159452438354492
2010-11-29,1366.0,0.5516222715377808,0.0018306481651961803,0.013909220695495605
2010-11-30,1385.0,0.5516195297241211,0.00182912009768188,0.0016607046127319336
2010-12-01,1387.3,0.5516242384910583,0.0018263333477079868,0.0008649826049804688
2010-12-02,1388.5,0.5516220927238464,0.0018242648802697659,0.012171387672424316
2010-12-03,1405.4,0.551612913608551,0.0018236967734992504,0.007044315338134766
2010-12-06,1415.3,0.5515804290771484,0.0018260132055729628,-0.004945933818817139
2010-12-07,1408.3,0.5514888763427734,0.0018318835645914078,-0.018320024013519287
2010-12-08,1382.5,0.5513649582862854,0.0018408559262752533,0.006943941116333008
2010-12-09,1392.1,0.5512438416481018,0.001852107234299183,-0.005603015422821045
2010-12-10,1384.3,0.5511232614517212,0.0018638353794813156,0.009391069412231445
2010-12-13,1397.3,0.5510548949241638,0.0018739900551736355,0.004508614540100098
2010-12-14,1403.6,0.5509891510009766,0.0018832492642104626,-0.012895405292510986
2010-12-15,1385.5,0.5509330630302429,0.001892003696411848,-0.010898590087890625
2010-12-16,1370.4,0.5509182810783386,0.0018993027042597532,0.005983591079711914
2010-12-17,1378.6,0.550927460193634,0.0019058072939515114,0.0050051212310791016
2010-12-20,1385.5,0.5509240031242371,0.0019116858020424843,0.001948714256286621
2010-12-21,1388.2,0.5509169697761536,0.0019167193677276373,-0.001008450984954834
2010-12-22,1386.8,0.5508901476860046,0.001921642804518342,-0.004903435707092285
2010-12-23,1380.0,0.5508536100387573,0.0019260928966104984,0.0017391443252563477
2010-12-27,1382.4,0.4939359426498413,0.006447074469178915,0.01649296283721924
2010-12-28,1405.2,0.4937804043292999,0.006458774674683809,0.0056220293045043945
2010-12-29,1413.1,0.49371078610420227,0.006461892277002335,-0.005307495594024658
2010-12-30,1405.6,0.49372291564941406,0.006455092690885067,0.011027336120605469
2010-12-31,1421.1,0.4938523471355438,0.006436622701585293,0.0010554790496826172
2011-01-03,1422.6,0.4940118193626404,0.006410001777112484,-0.03099954128265381
2011-01-04,1378.5,0.49413830041885376,0.006387797184288502,-0.003699660301208496
2011-01-05,1373.4,0.4941486120223999,0.006376808974891901,-0.0014562606811523438
2011-01-06,1371.4,0.49405989050865173,0.006382205989211798,-0.0021146535873413086
2011-01-07,1368.5,0.4938967227935791,0.006402794737368822,0.0037997961044311523
2011-01-10,1373.7,0.49369412660598755,0.006430396810173988,0.007498025894165039
2011-01-11,1384.0,0.4934472441673279,0.006459221709519625,0.00122833251953125
2011-01-12,1385.7,0.49318259954452515,0.006481586955487728,0.0008660554885864258
2011-01-13,1386.9,0.493007630109787,0.006491170264780521,-0.019107341766357422
2011-01-14,1360.4,0.49287149310112,0.00649363873526454,0.005660057067871094
2011-01-18,1368.1,0.4928438067436218,0.006488850340247154,0.0015349388122558594
2011-01-19,1370.2,0.4929833710193634,0.006474242080003023,-0.01729673147201538
2011-01-20,1346.5,0.4932153820991516,0.006453155539929867,-0.004084646701812744
2011-01-21,1341.0,0.49354109168052673,0.006424154620617628,0.0026099681854248047
2011-01-24,1344.5,0.4939250946044922,0.006387959234416485,-0.009073972702026367
2011-01-25,1332.3,0.49434930086135864,0.00635002925992012,0.000525355339050293
2011-01-26,1333.0,0.4947562515735626,0.006309994496405125,-0.01095271110534668
2011-01-27,1318.4,0.49514058232307434,0.006271445192396641,0.01691436767578125
2011-01-28,1340.7,0.49561798572540283,0.006233010441064835,-0.005146503448486328
2011-01-31,1333.8,0.49610093235969543,0.006191178224980831,0.004348397254943848
2011-02-01,1339.6,0.49653518199920654,0.006142840720713139,-0.0060465335845947266
2011-02-02,1331.5,0.4969395399093628,0.006093730218708515,0.015621542930603027
2011-02-03,1352.3,0.4972839653491974,0.006049803923815489,-0.002957940101623535
2011-02-04,1348.3,0.4975214898586273,0.00601553451269865,-0.0005192160606384277
2011-02-07,1347.6,0.49767017364501953,0.005990803241729736,0.011724591255187988
2011-02-08,1363.4,0.49775075912475586,0.005971293430775404,0.0010268688201904297
2011-02-09,1364.8,0.4978426694869995,0.0059548644348979,-0.0021248459815979004
2011-02-10,1361.9,0.49790340662002563,0.005943904165178537,-0.0014685392379760742
2011-02-11,1359.9,0.49790048599243164,0.005942105315625668,0.00345611572265625
2011-02-14,1364.6,0.4978370666503906,0.005947873927652836,0.0065953731536865234
2011-02-15,1373.6,0.49779215455055237,0.005957287270575762,0.0008008480072021484
2011-02-16,1374.7,0.4977554678916931,0.005964892916381359,0.007274270057678223
2011-02-17,1384.7,0.49774742126464844,0.005968138575553894,0.002527594566345215
2011-02-18,1388.2,0.49777311086654663,0.005965051241219044,0.008860468864440918
2011-02-22,1400.5,0.49797070026397705,0.005954625550657511,0.009211063385009766
2011-02-23,1413.4,0.49831706285476685,0.005930555984377861,0.0013443231582641602
2011-02-24,1415.3,0.49876129627227783,0.005893995985388756,-0.004663407802581787
2011-02-25,1408.7,0.49917787313461304,0.005854933522641659,0.0004259347915649414
2011-02-28,1409.3,0.49954140186309814,0.005815677810460329,0.015184760093688965
2011-03-01,1430.7,0.4999581575393677,0.005774396937340498,0.004543185234069824
2011-03-02,1437.2,0.5003966093063354,0.005728200078010559,-0.014750897884368896
2011-03-03,1416.0,0.5007365345954895,0.00568111427128315,0.008615732192993164
2011-03-04,1428.2,0.5010813474655151,0.005636509507894516,0.0041310787200927734
2011-03-07,1434.1,0.5014649629592896,0.005592919420450926,-0.005020558834075928
2011-03-08,1426.9,0.501789927482605,0.005553966388106346,0.0016820430755615234
2011-03-09,1429.3,0.5020886659622192,0.005521164275705814,-0.011963963508605957
2011-03-10,1412.2,0.5024083852767944,0.0054983715526759624,0.006585478782653809
2011-03-11,1421.5,0.502686619758606,0.005478122737258673,0.002180814743041992
2011-03-14,1424.6,0.502989649772644,0.0054553197696805,-0.022462427616119385
2011-03-15,1392.6,0.5033906102180481,0.005430473480373621,0.0024415254592895508
2011-03-16,1396.0,0.5039517879486084,0.0054017952643334866,0.005730628967285156
2011-03-17,1404.0,0.5045343041419983,0.005364131648093462,0.008475780487060547
2011-03-18,1415.9,0.5050985813140869,0.005318889860063791,0.007274508476257324
2011-03-21,1426.2,0.505567193031311,0.005270521156489849,0.0009115934371948242
2011-03-22,1427.5,0.5059846043586731,0.005224967375397682,0.007285475730895996
2011-03-23,1437.9,0.5179439187049866,0.004594422411173582,-0.002155900001525879
2011-03-24,1434.8,0.5188109874725342,0.0045516518875956535,-0.006063640117645264
2011-03-25,1426.1,0.5193621516227722,0.004513337276875973,-0.004417598247528076
2011-03-28,1419.8,0.5197177529335022,0.004480590112507343,-0.0026764869689941406
2011-03-29,1416.0,0.519862711429596,0.004456156399101019,0.005508542060852051
2011-03-30,1423.8,0.5198811888694763,0.00443954486399889,0.010605454444885254
2011-03-31,1438.9,0.5198425054550171,0.0044287038035690784,-0.00750577449798584
2011-04-01,1428.1,0.5198017358779907,0.0044212001375854015,0.002870917320251465
2011-04-04,1432.2,0.5197494626045227,0.004416292998939753,0.013685345649719238
2011-04-05,1451.8,0.5196396112442017,0.004413386341184378,0.004063844680786133
2011-04-06,1457.7,0.5195323824882507,0.00441065663471818,0.0005488395690917969
2011-04-07,1458.5,0.5194275975227356,0.004407319240272045,0.010215997695922852
2011-04-08,1473.4,0.519442081451416,0.004402773920446634,-0.0040721893310546875
2011-04-11,1467.4,0.5195479393005371,0.0043976991437375546,-0.009881436824798584
2011-04-12,1452.9,0.5198391079902649,0.004390909802168608,0.001376509666442871
2011-04-13,1454.9,0.5202513337135315,0.004382685292512178,0.011547088623046875
2011-04-14,1471.7,0.5207561254501343,0.0043724835850298405,0.009241104125976562
2011-04-15,1485.3,0.5214703679084778,0.00435843737795949,0.004712820053100586
2011-04-18,1492.3,0.5222077369689941,0.004340637940913439,0.001474142074584961
2011-04-19,1494.5,0.5230187177658081,0.0043036057613790035,0.002542734146118164
2011-04-20,1498.3,0.5239461064338684,0.004244549665600061,0.003270268440246582
2011-04-21,1503.2,0.5250034332275391,0.004176037851721048,0.003592371940612793
2011-04-25,1508.6,0.5261711478233337,0.00409729452803731,-0.0037120580673217773
2011-04-26,1503.0,0.5274668335914612,0.004010386299341917,0.009115099906921387
2011-04-27,1516.7,0.5288160443305969,0.003914731089025736,0.009296536445617676
2011-04-28,1530.8,0.5302660465240479,0.003810014110058546,0.016461968421936035
2011-04-29,1556.0,0.5317815542221069,0.00369634130038321,0.00044989585876464844
2011-05-02,1556.7,0.5333417654037476,0.0035746879875659943,-0.01066356897354126
2011-05-03,1540.1,0.5349094867706299,0.0034496260341256857,-0.016362547874450684
2011-05-04,1514.9,0.5365011692047119,0.003322312608361244,-0.022443711757659912
2011-05-05,1480.9,0.5379263758659363,0.003201262094080448,0.006955146789550781
2011-05-06,1491.2,0.5389812588691711,0.0031004727352410555,0.00784611701965332
2011-05-09,1502.9,0.5396790504455566,0.003039373317733407,0.00911569595336914
2011-05-10,1516.6,0.5400364398956299,0.002994174137711525,-0.010220229625701904
2011-05-11,1501.1,0.5400390625,0.002967547858133912,0.0036640167236328125
2011-05-12,1506.6,0.5397367477416992,0.0029581449925899506,-0.008761405944824219
2011-05-13,1493.4,0.5391607284545898,0.0029681166633963585,-0.0020088553428649902
2011-05-16,1490.4,0.538628876209259,0.002988738939166069,-0.00711214542388916
2011-05-17,1479.8,0.5381741523742676,0.0030157840810716152,0.010677099227905273
2011-05-18,1495.6,0.5376759767532349,0.0030452795326709747,-0.002273380756378174
2011-05-19,1492.2,0.537224292755127,0.00307394634000957,0.011124610900878906
2011-05-20,1508.8,0.536787211894989,0.003103273455053568,0.004308104515075684
2011-05-23,1515.3,0.5362573862075806,0.003137314459308982,0.005213379859924316
2011-05-24,1523.2,0.5357005596160889,0.003174598328769207,0.002232193946838379
2011-05-25,1526.6,0.5351006984710693,0.0032142363488674164,-0.002489149570465088
2011-05-26,1522.8,0.5345839262008667,0.003254513954743743,0.00886523723602295
2011-05-27,1536.3,0.5342400670051575,0.003289444837719202,-0.00026035308837890625
2011-05-31,1535.9,0.5341207385063171,0.003315433394163847,0.004232048988342285
2011-06-01,1542.4,0.534252405166626,0.0033332332968711853,-0.0067427754402160645
2011-06-02,1532.0,0.5346019268035889,0.003336617723107338,0.0063315629959106445
2011-06-03,1541.7,0.5352407693862915,0.0033250260166823864,0.0031135082244873047
2011-06-06,1546.5,0.5360427498817444,0.0032991243060678244,-0.0020691752433776855
2011-06-07,1543.3,0.5370439291000366,0.003258591052144766,-0.003369450569152832
2011-06-08,1538.1,0.5381335616111755,0.0032087969593703747,0.0026006698608398438
2011-06-09,1542.1,0.5391826033592224,0.003147825598716736,-0.008754312992095947
2011-06-10,1528.6,0.5400534272193909,0.0030910747591406107,-0.008897006511688232
2011-06-13,1515.0,0.5408452153205872,0.0030369600281119347,0.005808591842651367
2011-06-14,1523.8,0.5414866209030151,0.002984393388032913,0.0011812448501586914
2011-06-15,1525.6,0.5419787764549255,0.002944563515484333,0.0024253129959106445
2011-06-16,1529.3,0.5423548817634583,0.0029186694882810116,0.006081223487854004
2011-06-17,1538.6,0.49111154675483704,0.004576291888952255,0.0018848180770874023
2011-06-20,1541.5,0.49104955792427063,0.004580663982778788,0.0029191970825195312
2011-06-21,1546.0,0.49100854992866516,0.004583641886711121,0.00446319580078125
2011-06-22,1552.9,0.49095088243484497,0.0045882463455200195,-0.0211217999458313
2011-06-23,1520.1,0.4908573031425476,0.004593783989548683,-0.012893855571746826
2011-06-24,1500.5,0.4907550811767578,0.004597182385623455,-0.0029990077018737793
2011-06-27,1496.0,0.49069222807884216,0.004594598896801472,0.0024732351303100586
2011-06-28,1499.7,0.49065425992012024,0.004587681032717228,0.0068013668060302734
2011-06-29,1509.9,0.4906314015388489,0.00457867281511426,-0.005033433437347412
2011-06-30,1502.3,0.4906567335128784,0.004566776100546122,-0.013312935829162598
2011-07-01,1482.3,0.49070364236831665,0.004552003461867571,0.020238876342773438
2011-07-05,1512.3,0.49074843525886536,0.004537428263574839,0.01084434986114502
2011-07-06,1528.7,0.4907861053943634,0.00452627195045352,0.0009812116622924805
2011-07-07,1530.2,0.49084100127220154,0.004516180604696274,0.007188558578491211
2011-07-08,1541.2,0.4908590316772461,0.004511939361691475,0.004931330680847168
2011-07-11,1548.8,0.4908391237258911,0.004514434840530157,0.008458137512207031
2011-07-12,1561.9,0.4908328950405121,0.0045195105485618114,0.014917731285095215
2011-07-13,1585.2,0.4908554255962372,0.004526853561401367,0.00239717960357666
2011-07-14,1589.0,0.49089673161506653,0.0045361644588410854,0.0005035400390625
2011-07-15,1589.8,0.490912526845932,0.004547609947621822,0.007736802101135254
2011-07-18,1602.1,0.490912526845932,0.004560799337923527,-0.0007489919662475586
2011-07-19,1600.9,0.4908836781978607,0.0045752255246043205,-0.0026235580444335938
2011-07-20,1596.7,0.490860253572464,0.004589298274368048,-0.006200253963470459
2011-07-21,1586.8,0.490862637758255,0.004599942360073328,0.009137868881225586
2011-07-22,1601.3,0.49083444476127625,0.004611495416611433,0.006682038307189941
2011-07-25,1612.0,0.4908144772052765,0.0046229735016822815,0.0028536319732666016
2011-07-26,1616.6,0.49082157015800476,0.004633806180208921,-0.0009897351264953613
2011-07-27,1615.0,0.4908239245414734,0.004645110107958317,-0.0009906888008117676
2011-07-28,1613.4,0.49082472920417786,0.004654028918594122,0.009235143661499023
2011-07-29,1628.3,0.49081408977508545,0.004664262291043997,-0.005711495876312256
2011-08-01,1619.0,0.49075672030448914,0.004678068216890097,0.014144539833068848
2011-08-02,1641.9,0.49063506722450256,0.00469750352203846,0.013094544410705566
2011-08-03,1663.4,0.4904961884021759,0.004720908123999834,-0.004328548908233643
2011-08-04,1656.2,0.49030444025993347,0.004752996377646923,-0.004468023777008057
2011-08-05,1648.8,0.4901580214500427,0.004781023133546114,0.0372391939163208
2011-08-08,1710.2,0.49007588624954224,0.004809562116861343,0.017424941062927246
2011-08-09,1740.0,0.4899223744869232,0.004841879475861788,0.023735642433166504
2011-08-10,1781.3,0.48973795771598816,0.004885152913630009,-0.01824510097503662
2011-08-11,1748.8,0.4895564317703247,0.004926880355924368,-0.004917740821838379
2011-08-12,1740.2,0.48927947878837585,0.004968950059264898,0.00879216194152832
2011-08-15,1755.5,0.4889725148677826,0.005012392997741699,0.015323281288146973
2011-08-16,1782.4,0.4886105954647064,0.005060373805463314,0.004937171936035156
2011-08-17,1791.2,0.4882298409938812,0.005110668018460274,0.015464544296264648
2011-08-18,1818.9,0.4878751337528229,0.00516351405531168,0.01649343967437744
2011-08-19,1848.9,0.48757705092430115,0.005213267169892788,0.021526217460632324
2011-08-22,1888.7,0.48729872703552246,0.005262603517621756,-0.01609569787979126
2011-08-23,1858.3,0.4870113730430603,0.0053103030659258366,-0.056072771549224854
2011-08-24,1754.1,0.4867241084575653,0.005350793246179819,0.003249526023864746
2011-08-25,1759.8,0.48643335700035095,0.005378551781177521,0.019490838050842285
2011-08-26,1794.1,0.48617303371429443,0.005397607572376728,-0.003177046775817871
2011-08-29,1788.4,0.4859452545642853,0.005413580220192671,0.02141571044921875
2011-08-30,1826.7,0.4857053756713867,0.0054299295879900455,0.0009853839874267578
2011-08-31,1828.5,0.4854830205440521,0.005448163487017155,-0.0013672113418579102
2011-09-01,1826.0,0.48524555563926697,0.005468862131237984,0.026122689247131348
2011-09-02,1873.7,0.4849972128868103,0.005494104232639074,-0.002028048038482666
2011-09-06,1869.9,0.4847559928894043,0.005524071864783764,-0.029787719249725342
2011-09-07,1814.2,0.4845631718635559,0.005548627581447363,0.02215862274169922
2011-09-08,1854.4,0.4843243360519409,0.005572513677179813,0.001078486442565918
2011-09-09,1856.4,0.4840824604034424,0.005597045179456472,-0.025048494338989258
2011-09-12,1809.9,0.48388180136680603,0.005615283269435167,0.009337544441223145
2011-09-13,1826.8,0.49079105257987976,0.0039735473692417145,-0.0018064379692077637
2011-09-14,1823.5,0.4888361990451813,0.004055877216160297,-0.024677813053131104
2011-09-15,1778.5,0.4870084524154663,0.004147424828261137,0.018892288208007812
2011-09-16,1812.1,0.4852641522884369,0.0042396667413413525,-0.01970088481903076
2011-09-19,1776.4,0.4837247133255005,0.004362113773822784,0.017000675201416016
2011-09-20,1806.6,0.4823927879333496,0.004495558794587851,-0.0006088614463806152
2011-09-21,1805.5,0.4812763035297394,0.004617174156010151,-0.03672116994857788
2011-09-22,1739.2,0.4802738428115845,0.004740514326840639,-0.05847513675689697
2011-09-23,1637.5,0.47939926385879517,0.0048795584589242935,-0.027480900287628174
2011-09-26,1592.5,0.4785820543766022,0.005031646229326725,0.0364835262298584
2011-09-27,1650.6,0.47802144289016724,0.0051675112918019295,-0.02078026533126831
2011-09-28,1616.3,0.477755606174469,0.005283731035888195,-0.0004950165748596191
2011-09-29,1615.5,0.47760120034217834,0.0053832377307116985,0.003033161163330078
2011-09-30,1620.4,0.47747769951820374,0.005446790251880884,0.021969914436340332
2011-10-03,1656.0,0.4773632287979126,0.005479901097714901,-0.024939656257629395
2011-10-04,1614.7,0.47714316844940186,0.005516476463526487,0.015854358673095703
2011-10-05,1640.3,0.4770561158657074,0.005546517204493284,0.007071852684020996
2011-10-06,1651.9,0.47694694995880127,0.0055743553675711155,-0.010533332824707031
2011-10-07,1634.5,0.47681015729904175,0.005599764175713062,0.021474480628967285
2011-10-10,1669.6,0.4766828417778015,0.0056213089264929295,-0.00592958927154541
2011-10-11,1659.7,0.4765615463256836,0.005637538153678179,0.013014435768127441
2011-10-12,1681.3,0.47647345066070557,0.005645971745252609,-0.008326888084411621
2011-10-13,1667.3,0.47639256715774536,0.00564922671765089,0.008696675300598145
2011-10-14,1681.8,0.47630226612091064,0.005649175960570574,-0.00374603271484375
2011-10-17,1675.5,0.47626060247421265,0.005641732830554247,-0.014204740524291992
2011-10-18,1651.7,0.4761936664581299,0.0056374333798885345,-0.0034509897232055664
2011-10-19,1646.0,0.4761711061000824,0.005632289685308933,-0.020716845989227295
2011-10-20,1611.9,0.4761911928653717,0.005628593731671572,0.014392971992492676
2011-10-21,1635.1,0.47625070810317993,0.005623761564493179,0.010030031204223633
2011-10-24,1651.5,0.4763244688510895,0.0056155771017074585,0.029124975204467773
2011-10-25,1699.6,0.47651106119155884,0.005594121757894754,0.013591408729553223
2011-10-26,1722.7,0.4768069386482239,0.0055613345466554165,0.013931632041931152
2011-10-27,1746.7,0.4771946966648102,0.0055194818414747715,-0.00028628110885620117
2011-10-28,1746.2,0.4775339961051941,0.005475240293890238,-0.012598812580108643
2011-10-31,1724.2,0.47774118185043335,0.0054368795827031136,-0.007655680179595947
2011-11-01,1711.0,0.47777652740478516,0.005411718972027302,0.010344743728637695
2011-11-02,1728.7,0.4776753783226013,0.00540153356269002,0.020535707473754883
2011-11-03,1764.2,0.4775049090385437,0.005399888847023249,-0.005044698715209961
2011-11-04,1755.3,0.4772194027900696,0.0054077995009720325,0.019939661026000977
2011-11-07,1790.3,0.47684863209724426,0.005422508344054222,0.004524350166320801
2011-11-08,1798.4,0.4763922095298767,0.005444149486720562,-0.004170358180999756
2011-11-09,1790.9,0.4759361445903778,0.005466317292302847,-0.017868101596832275
2011-11-10,1758.9,0.475392609834671,0.005499775521457195,0.016260147094726562
2011-11-11,1787.5,0.47492048144340515,0.005534979049116373,-0.005426526069641113
2011-11-14,1777.8,0.4745851457118988,0.005565996747463942,0.0021936893463134766
2011-11-15,1781.7,0.47421756386756897,0.0056003304198384285,-0.004433929920196533
2011-11-16,1773.8,0.473855197429657,0.0056360261514782906,-0.030443131923675537
2011-11-17,1719.8,0.4735042452812195,0.00567666906863451,0.002849102020263672
2011-11-18,1724.7,0.4731825292110443,0.005719127599149942,-0.026903152465820312
2011-11-21,1678.3,0.4728918671607971,0.005762850865721703,0.014240503311157227
2011-11-22,1702.2,0.4726503789424896,0.005803403444588184,-0.0038185715675354004
2011-11-23,1695.7,0.4724383056163788,0.005839335732161999,-0.006015181541442871
2011-11-25,1685.5,0.4722200334072113,0.005873965099453926,0.015010356903076172
2011-11-28,1710.8,0.47199055552482605,0.0059088594280183315,0.0015197992324829102
2011-11-29,1713.4,0.4717576801776886,0.005942479241639376,0.01873469352722168
2011-11-30,1745.5,0.47151726484298706,0.005974625702947378,-0.0058435797691345215
2011-12-01,1735.3,0.47126278281211853,0.00600482989102602,0.006742358207702637
2011-12-02,1747.0,0.47097480297088623,0.0060341632924973965,-0.009330332279205322
2011-12-05,1730.7,0.4706471860408783,0.006066605914384127,-0.0016177892684936523
2011-12-06,1727.9,0.47031354904174805,0.006100621540099382,0.007523536682128906
2011-12-07,1740.9,0.4619930684566498,0.0042401272803545,-0.01786428689956665
2011-12-08,1709.8,0.4592345058917999,0.0042892936617136,0.0017546415328979492
2011-12-09,1712.8,0.45678168535232544,0.0043391152285039425,-0.028374671936035156
2011-12-12,1664.2,0.45429712533950806,0.004403694532811642,-0.002583801746368408
2011-12-13,1659.9,0.45150402188301086,0.004486840218305588,-0.04554492235183716
2011-12-14,1584.3,0.4485491216182709,0.004586951807141304,-0.0061226487159729
2011-12-15,1574.6,0.4458569288253784,0.004643585532903671,0.013336777687072754
2011-12-16,1595.6,0.44311195611953735,0.004690566565841436,-0.0007520318031311035
2011-12-19,1594.4,0.4406299293041229,0.0047251940704882145,0.01329648494720459
2011-12-20,1615.6,0.43867790699005127,0.004808943253010511,-0.0022901296615600586
2011-12-21,1611.9,0.4369863271713257,0.004947104025632143,-0.0018611550331115723
2011-12-22,1608.9,0.43533068895339966,0.005088902078568935,-0.002610504627227783
2011-12-23,1604.7,0.43371254205703735,0.005236827302724123,-0.006543278694152832
2011-12-27,1594.2,0.4323088228702545,0.005374109838157892,-0.01963365077972412
2011-12-28,1562.9,0.4311235547065735,0.005494250915944576,-0.01471620798110962
2011-12-29,1539.9,0.4301302134990692,0.005597664974629879,0.016819238662719727
2011-12-30,1565.8,0.4298432171344757,0.005623702425509691,0.021650195121765137
2012-01-03,1599.7,0.429810494184494,0.005628780461847782,0.007626533508300781
2012-01-04,1611.9,0.42985954880714417,0.005628820508718491,0.004652857780456543
2012-01-05,1619.4,0.4297676980495453,0.0056447298265993595,-0.00203782320022583
2012-01-06,1616.1,0.4294752776622772,0.005679276771843433,-0.0053214430809021
2012-01-09,1607.5,0.4291090667247772,0.005721549969166517,0.014618992805480957
2012-01-10,1631.0,0.4287278950214386,0.0057652173563838005,0.0050275325775146484
2012-01-11,1639.2,0.4282689690589905,0.0058133588172495365,0.004941463470458984
2012-01-12,1647.3,0.42794907093048096,0.005839001387357712,-0.01025921106338501
2012-01-13,1630.4,0.42755845189094543,0.005868628621101379,0.015210986137390137
2012-01-17,1655.2,0.42725783586502075,0.005888716317713261,0.0025979280471801758
2012-01-18,1659.5,0.4270665943622589,0.005887802690267563,-0.0032539963722229004
2012-01-19,1654.1,0.427005410194397,0.00587537232786417,0.005803704261779785
2012-01-20,1663.7,0.42700833082199097,0.005859698168933392,0.00859534740447998
2012-01-23,1678.0,0.4272862672805786,0.005825264845043421,-0.008224129676818848
2012-01-24,1664.2,0.4277818202972412,0.00578687246888876,0.021391749382019043
2012-01-25,1699.8,0.4285111129283905,0.0057550654746592045,0.015590071678161621
2012-01-26,1726.3,0.42940324544906616,0.005710982251912355,0.0031859874725341797
2012-01-27,1731.8,0.43047651648521423,0.005654009059071541,-0.00046199560165405273
2012-01-30,1731.0,0.43160194158554077,0.005592284724116325,0.003928422927856445
2012-01-31,1737.8,0.4329299330711365,0.005517093930393457,0.005351543426513672
2012-02-01,1747.1,0.4341230094432831,0.005452220793813467,0.005552053451538086
2012-02-02,1756.8,0.43512415885925293,0.005400633439421654,-0.01075822114944458
2012-02-03,1737.9,0.43590793013572693,0.0053690532222390175,-0.008688628673553467
2012-02-06,1722.8,0.4365052580833435,0.005351589061319828,0.013698577880859375
2012-02-07,1746.4,0.4371310770511627,0.005333531182259321,-0.009791553020477295
2012-02-08,1729.3,0.43777400255203247,0.005315377376973629,0.00560915470123291
2012-02-09,1739.0,0.43848153948783875,0.005293535999953747,-0.009028136730194092
2012-02-10,1723.3,0.4391443729400635,0.005270942114293575,-0.00017410516738891602
2012-02-13,1723.0,0.4396620988845825,0.005256889387965202,-0.0041207075119018555
2012-02-14,1715.9,0.4398774206638336,0.005259177181869745,0.006060957908630371
2012-02-15,1726.3,0.4398926794528961,0.00526789017021656,0.00028967857360839844
2012-02-16,1726.8,0.4397381842136383,0.005285322200506926,-0.0013319849967956543
2012-02-17,1724.5,0.4394281506538391,0.005312367808073759,0.01890397071838379
2012-02-21,1757.1,0.43919795751571655,0.005332814529538155,0.007341623306274414
2012-02-22,1770.0,0.43900996446609497,0.005346883554011583,0.008418083190917969
2012-02-23,1784.9,0.438895583152771,0.0053539276123046875,-0.005490541458129883
2012-02-24,1775.1,0.43898871541023254,0.005347071215510368,-0.0008450150489807129
2012-02-27,1773.6,0.4391660690307617,0.005333172157406807,0.007555246353149414
2012-02-28,1787.0,0.4394552707672119,0.005312080029398203,-0.043144941329956055
2012-02-29,1709.9,0.43968477845191956,0.005298892967402935,0.0065500736236572266
2012-03-01,1721.1,0.4398108124732971,0.005296989344060421,-0.0071465373039245605
2012-03-02,1708.8,0.4397132694721222,0.005310766864567995,-0.0033942461013793945
2012-03-05,1703.0,0.4395444691181183,0.0053284866735339165,-0.01855546236038208
2012-03-06,1671.4,0.46415144205093384,0.006478671450167894,0.00711977481842041
2012-03-07,1683.3,0.46397289633750916,0.006499616429209709,0.00879216194152832
2012-03-08,1698.1,0.46381956338882446,0.006513158790767193,0.007537841796875
2012-03-09,1710.9,0.4636189043521881,0.006536311004310846,-0.006838560104370117
2012-03-12,1699.2,0.46332913637161255,0.006566207855939865,-0.003236830234527588
2012-03-13,1693.7,0.462936133146286,0.006600001361221075,-0.030229628086090088
2012-03-14,1642.5,0.46244651079177856,0.006638446822762489,0.010106563568115234
2012-03-15,1659.1,0.4619949162006378,0.0066716959699988365,-0.0021698474884033203
2012-03-16,1655.5,0.4616239070892334,0.006695929914712906,0.006886124610900879
2012-03-19,1666.9,0.46139103174209595,0.006702929735183716,-0.012118339538574219
2012-03-20,1646.7,0.4612666964530945,0.006698927376419306,0.0020040273666381836
2012-03-21,1650.0,0.461215615272522,0.006690101698040962,-0.004666626453399658
2012-03-22,1642.3,0.4612063765525818,0.006679670885205269,0.01217806339263916
2012-03-23,1662.3,0.46125516295433044,0.006665367633104324,0.013956546783447266
2012-03-26,1685.5,0.46137377619743347,0.006642823573201895,-0.0004152655601501465
2012-03-27,1684.8,0.46154412627220154,0.006617261096835136,-0.015966296195983887
2012-03-28,1657.9,0.4616933763027191,0.006594492122530937,-0.003438115119934082
2012-03-29,1652.2,0.46181583404541016,0.006575820501893759,0.010349869728088379
2012-03-30,1669.3,0.46194446086883545,0.006555123254656792,0.004912257194519043
2012-04-02,1677.5,0.462093323469162,0.006531817838549614,-0.004470944404602051
2012-04-03,1670.0,0.4621693193912506,0.006514647975564003,-0.03455084562301636
2012-04-04,1612.3,0.4621581435203552,0.006509090308099985,0.010047674179077148
2012-04-05,1628.5,0.46208229660987854,0.006513388827443123,0.00859689712524414
2012-04-09,1642.5,0.4620559811592102,0.006519687362015247,0.01035010814666748
2012-04-10,1659.5,0.46208497881889343,0.006526774726808071,-0.0003013014793395996
2012-04-11,1659.0,0.4621394872665405,0.006531463470309973,0.012356877326965332
2012-04-12,1679.5,0.46220341324806213,0.0065334090031683445,-0.012146472930908203
2012-04-13,1659.1,0.4622606337070465,0.006539251189678907,-0.006268501281738281
2012-04-16,1648.7,0.4623298943042755,0.0065451087430119514,0.0009704828262329102
2012-04-17,1650.3,0.4623953104019165,0.006548294797539711,-0.006968438625335693
2012-04-18,1638.8,0.4624495804309845,0.0065525854006409645,0.0010982751846313477
2012-04-19,1640.6,0.4624828100204468,0.006559691391885281,0.0009143352508544922
2012-04-20,1642.1,0.4625077545642853,0.006564665585756302,-0.006211519241333008
2012-04-23,1631.9,0.4625345766544342,0.006567706819623709,0.0068018436431884766
2012-04-24,1643.0,0.4625689387321472,0.006567825563251972,-0.000973820686340332
2012-04-25,1641.4,0.46260151267051697,0.006564933806657791,0.011088013648986816
2012-04-26,1659.6,0.4626386761665344,0.006561088841408491,0.002651214599609375
2012-04-27,1664.0,0.46268707513809204,0.006555262953042984,-0.0003605484962463379
2012-04-30,1663.4,0.4627438187599182,0.006549278739839792,-0.001022040843963623
2012-05-01,1661.7,0.4627732038497925,0.006545172072947025,-0.004994869232177734
2012-05-02,1653.4,0.4627596437931061,0.006547908298671246,-0.011612474918365479
2012-05-03,1634.2,0.4627072811126709,0.00655606621876359,0.006425142288208008
2012-05-04,1644.7,0.462658166885376,0.006569042336195707,-0.0037088394165039062
2012-05-07,1638.6,0.46258968114852905,0.006585767958313227,-0.021115601062774658
2012-05-08,1604.0,0.46249428391456604,0.0066068582236766815,-0.006421506404876709
2012-05-09,1593.7,0.4623779356479645,0.0066321175545454025,0.000878453254699707
2012-05-10,1595.1,0.4622262716293335,0.006660445127636194,-0.007209599018096924
2012-05-11,1583.6,0.46206557750701904,0.006691657938063145,-0.014523863792419434
2012-05-14,1560.6,0.4619099497795105,0.006726037710905075,-0.0024349093437194824
2012-05-15,1556.8,0.46171805262565613,0.006768535822629929,-0.01323235034942627
2012-05-16,1536.2,0.4614776074886322,0.00681459903717041,0.024931669235229492
2012-05-17,1574.5,0.4612838625907898,0.006859831511974335,0.010860562324523926
2012-05-18,1591.6,0.46116793155670166,0.006900652311742306,-0.002010524272918701
2012-05-21,1588.4,0.46107369661331177,0.006936501711606979,-0.0076177120208740234
2012-05-22,1576.3,0.46095243096351624,0.006972346920520067,-0.01789003610610962
2012-05-23,1548.1,0.46076664328575134,0.007014587055891752,0.005942821502685547
2012-05-24,1557.3,0.46050959825515747,0.007061558775603771,0.007384538650512695
2012-05-25,1568.8,0.4602147936820984,0.007112739607691765,-0.012876152992248535
2012-05-29,1548.6,0.45987996459007263,0.007165923714637756,0.009557008743286133
2012-05-30,1563.4,0.45954781770706177,0.007224598899483681,-0.0005117654800415039
2012-05-31,1562.6,0.4323653280735016,0.008444750681519508,0.037053704261779785
2012-06-01,1620.5,0.4322136342525482,0.008478522300720215,-0.005121886730194092
2012-06-04,1612.2,0.43213900923728943,0.008498389273881912,0.0018608570098876953
2012-06-05,1615.2,0.4320518672466278,0.008515208028256893,0.010896563529968262
2012-06-06,1632.8,0.4318940341472626,0.008528310805559158,-0.02829498052597046
2012-06-07,1586.6,0.43167948722839355,0.008544848300516605,0.002205967903137207
2012-06-08,1590.1,0.4313872456550598,0.008570349775254726,0.0033960342407226562
2012-06-11,1595.5,0.431143581867218,0.008594118990004063,0.01078033447265625
2012-06-12,1612.7,0.43088915944099426,0.008614066056907177,0.0033484697341918945
2012-06-13,1618.1,0.43073174357414246,0.008623110130429268,0.00018548965454101562
2012-06-14,1618.4,0.43056294322013855,0.008632330223917961,0.005313873291015625
2012-06-15,1627.0,0.43040892481803894,0.008642759174108505,-0.0007990598678588867
2012-06-18,1625.7,0.4301415681838989,0.008665312081575394,-0.0021529197692871094
2012-06-19,1622.2,0.429860383272171,0.008690092712640762,-0.004561662673950195
2012-06-20,1614.8,0.4295359253883362,0.008719546720385551,-0.03114938735961914
2012-06-21,1564.5,0.42924314737319946,0.00875493511557579,0.0009588003158569336
2012-06-22,1566.0,0.42893803119659424,0.008789993822574615,0.013729214668273926
2012-06-25,1587.5,0.4287213683128357,0.008817356079816818,-0.008503913879394531
2012-06-26,1574.0,0.42854514718055725,0.008839575573801994,0.0022236108779907227
2012-06-27,1577.5,0.4283650815486908,0.008860430680215359,-0.017622828483581543
2012-06-28,1549.7,0.42817848920822144,0.008885404095053673,0.03471648693084717
2012-06-29,1603.5,0.4279807507991791,0.008902981877326965,-0.003928959369659424
2012-07-02,1597.2,0.42773303389549255,0.008924415335059166,0.015088915824890137
2012-07-03,1621.3,0.42746514081954956,0.008944071829319,-0.007648169994354248
2012-07-05,1608.9,0.42713338136672974,0.008970148861408234,-0.018957078456878662
2012-07-06,1578.4,0.4267372786998749,0.009006740525364876,0.006462216377258301
2012-07-09,1588.6,0.42636242508888245,0.009043876081705093,-0.005854189395904541
2012-07-10,1579.3,0.4260247051715851,0.009080945514142513,-0.002596139907836914
2012-07-11,1575.2,0.42569243907928467,0.009117517620325089,-0.006538808345794678
2012-07-12,1564.9,0.42539942264556885,0.009152168408036232,0.017061710357666016
2012-07-13,1591.6,0.4251076877117157,0.009189125150442123,-0.00025135278701782227
2012-07-16,1591.2,0.42482808232307434,0.009221289306879044,-0.0013197660446166992
2012-07-17,1589.1,0.4245314300060272,0.009251276962459087,-0.01176762580871582
2012-07-18,1570.4,0.4242159128189087,0.009282425045967102,0.00617671012878418
2012-07-19,1580.1,0.4238813817501068,0.009313024580478668,0.0015189647674560547
2012-07-20,1582.5,0.4235580265522003,0.00934427697211504,-0.0034123659133911133
2012-07-23,1577.1,0.4233250916004181,0.009371408261358738,-0.0006974935531616211
2012-07-24,1576.0,0.423204243183136,0.00939195603132248,0.020304560661315918
2012-07-25,1608.0,0.4231540858745575,0.00940011814236641,0.00435328483581543
2012-07-26,1615.0,0.4231051802635193,0.009401069022715092,0.001795649528503418
2012-07-27,1617.9,0.42300933599472046,0.009402167052030563,0.0011124610900878906
2012-07-30,1619.7,0.42292290925979614,0.009400203824043274,-0.00568002462387085
2012-07-31,1610.5,0.42288273572921753,0.009393800050020218,-0.0042223334312438965
2012-08-01,1603.7,0.4228701889514923,0.009390344843268394,-0.010163962841033936
2012-08-02,1587.4,0.4228276014328003,0.009392281994223595,0.01171720027923584
2012-08-03,1606.0,0.42276084423065186,0.009394429624080658,0.004296422004699707
2012-08-06,1612.9,0.42269405722618103,0.00939553789794445,-0.0019840598106384277
2012-08-07,1609.7,0.42262569069862366,0.009395197965204716,0.001987934112548828
2012-08-08,1612.9,0.42253410816192627,0.009394219145178795,0.0026040077209472656
2012-08-09,1617.1,0.4224218726158142,0.00939321517944336,0.0016077756881713867
2012-08-10,1619.7,0.4222949743270874,0.009392290376126766,-0.006235718727111816
2012-08-13,1609.6,0.4221504032611847,0.009394969791173935,-0.00633692741394043
2012-08-14,1599.4,0.4220306873321533,0.009397543966770172,0.0026884078979492188
2012-08-15,1603.7,0.42191389203071594,0.009397048503160477,0.0077321529388427734
2012-08-16,1616.1,0.4218323826789856,0.009386640042066574,0.00012385845184326172
2012-08-17,1616.3,0.42172175645828247,0.009376958012580872,0.002351045608520508
2012-08-20,1620.1,0.4216325879096985,0.009365001693367958,0.012221455574035645
2012-08-21,1639.9,0.4216398298740387,0.009342417120933533,-0.001524507999420166
2012-08-22,1637.4,0.4217268228530884,0.009314313530921936,0.019665241241455078
2012-08-23,1669.6,0.42191433906555176,0.009280008263885975,0.00011980533599853516
2012-08-24,1669.8,0.5133931636810303,0.004385706502944231,0.0015571117401123047
2012-08-27,1672.4,0.5134946703910828,0.004367639776319265,-0.0035278797149658203
2012-08-28,1666.5,0.5135794281959534,0.0043483395129442215,-0.004020392894744873
2012-08-29,1659.8,0.5136585235595703,0.004330962896347046,-0.0037956833839416504
2012-08-30,1653.5,0.5137304067611694,0.00431590061634779,0.018808603286743164
2012-08-31,1684.6,0.5137401223182678,0.0042964136227965355,0.00492703914642334
2012-09-04,1692.9,0.5137186646461487,0.004276819992810488,-0.0012404322624206543
2012-09-05,1690.8,0.5136831998825073,0.004258797038346529,0.006978869438171387
2012-09-06,1702.6,0.5136115550994873,0.0042421407997608185,0.020498037338256836
2012-09-07,1737.5,0.5135191082954407,0.0042348587885499,-0.005064785480499268
2012-09-10,1728.7,0.5134912133216858,0.004234135616570711,0.0017932653427124023
2012-09-11,1731.8,0.5135392546653748,0.004234399646520615,-0.0006929636001586914
2012-09-12,1730.6,0.5136662125587463,0.0042367540299892426,0.022246599197387695
2012-09-13,1769.1,0.5137697458267212,0.004238380119204521,0.00039577484130859375
2012-09-14,1769.8,0.5139707326889038,0.004240781534463167,-0.0011866092681884766
2012-09-17,1767.7,0.5142669081687927,0.00424376642331481,0.0003960132598876953
2012-09-18,1768.4,0.5145666599273682,0.004247197415679693,0.00033926963806152344
2012-09-19,1769.0,0.5147242546081543,0.004254733212292194,-0.0007349252700805664
2012-09-20,1767.7,0.5148205757141113,0.004263153299689293,0.004412531852722168
2012-09-21,1775.5,0.5148994326591492,0.004268928896635771,-0.007547199726104736
2012-09-24,1762.1,0.514971137046814,0.004272454418241978,0.0009647607803344727
2012-09-25,1763.8,0.5150668025016785,0.004273740109056234,-0.0074838995933532715
2012-09-26,1750.6,0.5151852965354919,0.004271453246474266,0.015423297882080078
2012-09-27,1777.6,0.515216588973999,0.004267189651727676,-0.003656625747680664
2012-09-28,1771.1,0.5152333974838257,0.00426157983019948,0.005307435989379883
2012-10-01,1780.5,0.5152314901351929,0.004254078958183527,-0.00438082218170166
2012-10-02,1772.7,0.5152065753936768,0.0042473673820495605,0.0025949478149414062
2012-10-03,1777.3,0.5151464939117432,0.004241057205945253,0.009452462196350098
2012-10-04,1794.1,0.5150439143180847,0.004237262066453695,-0.00863945484161377
2012-10-05,1778.6,0.5149881839752197,0.004236852750182152,-0.002867400646209717
2012-10-08,1773.5,0.5149674415588379,0.004239437635987997,-0.005920469760894775
2012-10-09,1763.0,0.5150155425071716,0.004242937080562115,0.00011336803436279297
2012-10-10,1763.2,0.5150885581970215,0.004246289376169443,0.003176093101501465
2012-10-11,1768.8,0.5151398181915283,0.004248811863362789,-0.00610584020614624
2012-10-12,1758.0,0.5151917934417725,0.004250597674399614,-0.012514233589172363
2012-10-15,1736.0,0.5152696967124939,0.004249528981745243,0.005011439323425293
2012-10-16,1744.7,0.5153385996818542,0.004248646087944508,0.003897547721862793
2012-10-17,1751.5,0.5154353380203247,0.004250946454703808,-0.004681646823883057
2012-10-18,1743.3,0.5155667662620544,0.004256817977875471,-0.011759281158447266
2012-10-19,1722.8,0.5157804489135742,0.00426301546394825,0.0013350248336791992
2012-10-22,1725.1,0.5160050392150879,0.004268814343959093,-0.009738504886627197
2012-10-23,1708.3,0.516300618648529,0.004272574558854103,-0.0045659542083740234
2012-10-24,1700.5,0.5165948867797852,0.004274801351130009,0.00676274299621582
2012-10-25,1712.0,0.5168632864952087,0.004275461658835411,-0.0006425380706787109
2012-10-26,1710.9,0.5170770883560181,0.0042739491909742355,0.0038576126098632812
2012-10-31,1717.5,0.5172441601753235,0.004269042983651161,-0.001979649066925049
2012-11-01,1714.1,0.5173115730285645,0.004263309296220541,-0.02333587408065796
2012-11-02,1674.1,0.5173847675323486,0.004257320426404476,0.004838347434997559
2012-11-05,1682.2,0.517441987991333,0.004249230492860079,0.018963336944580078
2012-11-06,1714.1,0.5174476504325867,0.004241487011313438,-0.000525057315826416
2012-11-07,1713.2,0.5174866318702698,0.004235110245645046,0.0071212053298950195
2012-11-08,1725.4,0.5174912810325623,0.004228915553539991,0.0028399229049682617
2012-11-09,1730.3,0.5174508690834045,0.004219795577228069,0.0
2012-11-12,1730.3,0.5173289179801941,0.004210249520838261,-0.0035254359245300293
2012-11-13,1724.2,0.5171018242835999,0.004203164484351873,0.0030739307403564453
2012-11-14,1729.5,0.5167952179908752,0.004201703239232302,-0.009366869926452637
2012-11-15,1713.3,0.5165418982505798,0.004199088551104069,0.000583648681640625
2012-11-16,1714.3,0.5162756443023682,0.004196074325591326,0.011491537094116211
2012-11-19,1734.0,0.5159915089607239,0.004190102685242891,-0.006228387355804443
2012-11-20,1723.2,0.5157614946365356,0.004185403697192669,0.002727508544921875
2012-11-21,1727.9,0.4913860559463501,0.0039902981370687485,0.013542413711547852
2012-11-23,1751.3,0.4914257526397705,0.003992718178778887,-0.001027822494506836
2012-11-26,1749.5,0.4914843440055847,0.003989886492490768,-0.004172623157501221
2012-11-27,1742.2,0.4915337562561035,0.003985049203038216,-0.014751434326171875
2012-11-28,1716.5,0.49155980348587036,0.00397848803550005,0.006233572959899902
2012-11-29,1727.2,0.49156010150909424,0.003972873091697693,-0.009437203407287598
2012-11-30,1710.9,0.491545170545578,0.003966941963881254,0.005084991455078125
2012-12-03,1719.6,0.4915657639503479,0.0039607263170182705,-0.01465451717376709
2012-12-04,1694.4,0.491632878780365,0.003951034042984247,-0.0011803507804870605
2012-12-05,1692.4,0.49168869853019714,0.003941688220947981,0.004667997360229492
2012-12-06,1700.3,0.4916793704032898,0.003936122637242079,0.002176046371459961
2012-12-07,1704.0,0.49161073565483093,0.003936646040529013,0.005281686782836914
2012-12-10,1713.0,0.49151700735092163,0.003940156660974026,-0.002802133560180664
2012-12-11,1708.2,0.4914253354072571,0.00394402863457799,0.004917502403259277
2012-12-12,1716.6,0.4913577139377594,0.003948343452066183,-0.012233495712280273
2012-12-13,1695.6,0.491309255361557,0.003951702266931534,0.00011801719665527344
2012-12-14,1695.8,0.49132320284843445,0.00395136047154665,0.0007076263427734375
2012-12-17,1697.0,0.4913686513900757,0.003949027042835951,-0.0162050724029541
2012-12-18,1669.5,0.4914140999317169,0.003944926429539919,-0.0017969608306884766
2012-12-19,1666.5,0.4915086627006531,0.003937050234526396,-0.012961268424987793
2012-12-20,1644.9,0.4915982484817505,0.003926026169210672,0.008632659912109375
2012-12-21,1659.1,0.491634726524353,0.003917514346539974,-0.000301361083984375
2012-12-24,1658.6,0.4916549324989319,0.003910882864147425,0.0007236003875732422
2012-12-26,1659.8,0.4917062520980835,0.003902620868757367,0.0016869306564331055
2012-12-27,1662.6,0.4917798936367035,0.0038927141577005386,-0.0046312808990478516
2012-12-28,1654.9,0.49194151163101196,0.0038779645692557096,0.012024879455566406
2012-12-31,1674.8,0.49206212162971497,0.003868021536618471,0.007821798324584961
2013-01-02,1687.9,0.4920607805252075,0.0038650843780487776,-0.008412837982177734
2013-01-03,1673.7,0.4918893873691559,0.003872476750984788,-0.015295445919036865
2013-01-04,1648.1,0.49157315492630005,0.0038880291394889355,-0.0015775561332702637
2013-01-07,1645.5,0.4911831319332123,0.003908778540790081,0.009723544120788574
2013-01-08,1661.5,0.4907323718070984,0.003933800850063562,-0.004032492637634277
2013-01-09,1654.8,0.4902339279651642,0.003960789181292057,0.013596773147583008
2013-01-10,1677.3,0.48982542753219604,0.003984210081398487,-0.010314226150512695
2013-01-11,1660.0,0.4894729256629944,0.0040017422288656235,0.005361437797546387
2013-01-14,1668.9,0.4891761541366577,0.004015499725937843,0.00868833065032959
2013-01-15,1683.4,0.48888880014419556,0.004027544055134058,-0.0004158616065979004
2013-01-16,1682.7,0.4886185824871063,0.004037612117826939,0.004575967788696289
2013-01-17,1690.4,0.48840051889419556,0.004046017769724131,-0.0022479891777038574
2013-01-18,1686.6,0.4881337881088257,0.004056650213897228,0.0036760568618774414
2013-01-22,1692.8,0.4878670871257782,0.004067470785230398,-0.0038397908210754395
2013-01-23,1686.3,0.48759064078330994,0.0040787882171571255,-0.009962677955627441
2013-01-24,1669.5,0.48731330037117004,0.0040910434909164906,-0.007846653461456299
2013-01-25,1656.4,0.4870789051055908,0.004104377701878548,-0.002414882183074951
2013-01-28,1652.4,0.48687753081321716,0.004118144512176514,0.005023002624511719
2013-01-29,1660.7,0.48672500252723694,0.0041307201609015465,0.011561393737792969
2013-01-30,1679.9,0.4866645336151123,0.0041385008953511715,-0.011488795280456543
2013-01-31,1660.6,0.4866645038127899,0.0041402229107916355,0.00529932975769043
2013-02-01,1669.4,0.48667681217193604,0.004139381926506758,0.0035341978073120117
2013-02-04,1675.3,0.48668164014816284,0.0041369604878127575,-0.0017310380935668945
2013-02-05,1672.4,0.4866860508918762,0.004133844748139381,0.0031690597534179688
2013-02-06,1677.7,0.4866386651992798,0.004131907131522894,-0.004351139068603516
2013-02-07,1670.4,0.4865061938762665,0.004134190734475851,-0.002634108066558838
2013-02-08,1666.0,0.48630857467651367,0.004140728153288364,-0.010684311389923096
2013-02-11,1648.2,0.4860552251338959,0.0041511873714625835,0.0003033876419067383
2013-02-12,1648.7,0.48579198122024536,0.004165051970630884,-0.0027294158935546875
2013-02-13,1644.2,0.48553532361984253,0.004180613439530134,-0.005777895450592041
2013-02-14,1634.7,0.48521843552589417,0.004198793787509203,-0.01584380865097046
2013-02-15,1608.8,0.4848453998565674,0.004219974856823683,-0.003232240676879883
2013-02-19,1603.6,0.48445504903793335,0.00424262834712863,-0.016213536262512207
2013-02-20,1577.6,0.5152755379676819,-0.0004896200262010098,0.0003802776336669922
2013-02-21,1578.2,0.5151727795600891,-0.00047653960064053535,-0.0036750435829162598
2013-02-22,1572.4,0.515055775642395,-0.00046762963756918907,0.008776307106018066
2013-02-25,1586.2,0.514951229095459,-0.0004557603970170021,0.018282651901245117
2013-02-26,1615.2,0.5148383975028992,-0.00044986139982938766,-0.0123823881149292
2013-02-27,1595.2,0.5147144794464111,-0.0004491424188017845,-0.01097041368484497
2013-02-28,1577.7,0.5145584344863892,-0.0004462604410946369,-0.003676176071166992
2013-03-01,1571.9,0.5143589377403259,-0.0004415595903992653,0.0001271963119506836
2013-03-04,1572.1,0.5141287446022034,-0.0004351874813437462,0.0015902519226074219
2013-03-05,1574.6,0.5138800144195557,-0.0004265671595931053,0.0
2013-03-06,1574.6,0.51360684633255,-0.00041016237810254097,0.0001270771026611328
2013-03-07,1574.8,0.5133563876152039,-0.00038928771391510963,0.0011429786682128906
2013-03-08,1576.6,0.5130990147590637,-0.00036233430728316307,0.0007611513137817383
2013-03-11,1577.8,0.5128585696220398,-0.00033475179225206375,0.008682966232299805
2013-03-12,1591.5,0.5126467347145081,-0.000309063121676445,-0.002010643482208252
2013-03-13,1588.3,0.5124485492706299,-0.0002855253405869007,0.0014480352401733398
2013-03-14,1590.6,0.5122349858283997,-0.0002679782919585705,0.0011944770812988281
2013-03-15,1592.5,0.5120668411254883,-0.0002591595984995365,0.0075980424880981445
2013-03-18,1604.6,0.5119566321372986,-0.000253395177423954,0.004175543785095215
2013-03-19,1611.3,0.5118904709815979,-0.0002508731558918953,-0.002358376979827881
2013-03-20,1607.5,0.511835515499115,-0.0002536526881158352,0.003919124603271484
2013-03-21,1613.8,0.5118098855018616,-0.0002557546831667423,-0.004709422588348389
2013-03-22,1606.2,0.5118166208267212,-0.0002631298266351223,-0.0009961128234863281
2013-03-25,1604.6,0.5118237733840942,-0.0002702898345887661,-0.005484163761138916
2013-03-26,1595.8,0.5118129253387451,-0.0002795006148517132,0.00651705265045166
2013-03-27,1606.2,0.5117701292037964,-0.00028771860525012016,-0.007097423076629639
2013-03-28,1594.8,0.5117040872573853,-0.0002955854870378971,0.0032606124877929688
2013-04-01,1600.0,0.5116484761238098,-0.0003013778477907181,-0.01556253433227539
2013-04-02,1575.1,0.5115832090377808,-0.0003058365546166897,-0.014157772064208984
2013-04-03,1552.8,0.5115511417388916,-0.0003083660267293453,-0.0006439685821533203
2013-04-04,1551.8,0.5115280151367188,-0.000315127894282341,0.015208125114440918
2013-04-05,1575.4,0.5114896893501282,-0.00032599223777651787,-0.002158224582672119
2013-04-08,1572.0,0.5114290118217468,-0.0003350963816046715,0.00903308391571045
2013-04-09,1586.2,0.5113704204559326,-0.00034190528094768524,-0.017589151859283447
2013-04-10,1558.3,0.5112916231155396,-0.00034366315230727196,0.0038503408432006836
2013-04-11,1564.3,0.5112107992172241,-0.00034337257966399193,-0.04046541452407837
2013-04-12,1501.0,0.5111297369003296,-0.00034446828067302704,-0.09353762865066528
2013-04-15,1360.6,0.5110792517662048,-0.0003369874320924282,0.019256234169006348
2013-04-16,1386.8,0.5110605359077454,-0.0003375527448952198,-0.0033170580863952637
2013-04-17,1382.2,0.5110220313072205,-0.00033046817407011986,0.007090210914611816
2013-04-18,1392.0,0.5109942555427551,-0.00031975749880075455,0.0023707151412963867
2013-04-19,1395.3,0.5109477639198303,-0.0003117094747722149,0.01841890811920166
2013-04-22,1421.0,0.510871946811676,-0.0003035380505025387,-0.008726239204406738
2013-04-23,1408.6,0.5107419490814209,-0.0002925945445895195,0.010506868362426758
2013-04-24,1423.4,0.5105797052383423,-0.00027806591242551804,0.02697765827178955
2013-04-25,1461.8,0.5104087591171265,-0.00026169978082180023,-0.005609571933746338
2013-04-26,1453.6,0.5102587342262268,-0.00024781981483101845,0.009493708610534668
2013-04-29,1467.4,0.5101364850997925,-0.00023825280368328094,0.0032709836959838867
2013-04-30,1472.2,0.5100558996200562,-0.00023331819102168083,-0.017592668533325195
2013-05-01,1446.3,0.5100222826004028,-0.00023160642012953758,0.014796257019042969
2013-05-02,1467.7,0.5099702477455139,-0.0002325763925909996,-0.0023164749145507812
2013-05-03,1464.3,0.5099014639854431,-0.00022803666070103645,0.002595067024230957
2013-05-06,1468.1,0.5098171234130859,-0.00021811667829751968,-0.013010025024414062
2013-05-07,1449.0,0.5097314119338989,-0.00020507397130131721,0.01718425750732422
2013-05-08,1473.9,0.5096701979637146,-0.00019436655566096306,-0.0034601688385009766
2013-05-09,1468.8,0.5095890164375305,-0.0001806863583624363,-0.021786510944366455
2013-05-10,1436.8,0.5094846487045288,-0.00016122451052069664,-0.001600801944732666
2013-05-13,1434.5,0.5093719959259033,-0.0001385021023452282,-0.006831705570220947
2013-05-14,1424.7,0.5092430114746094,-0.00011350307613611221,-0.01979362964630127
2013-05-15,1396.5,0.5090939402580261,-8.850730955600739e-05,-0.006731152534484863
2013-05-16,1387.1,0.5355636477470398,0.00503536406904459,-0.016004562377929688
2013-05-17,1364.9,0.535012423992157,0.005041918717324734,0.01421356201171875
2013-05-20,1384.3,0.5344992280006409,0.005044783465564251,-0.004695534706115723
2013-05-21,1377.8,0.5340602993965149,0.00504719652235508,-0.007403135299682617
2013-05-22,1367.6,0.5336007475852966,0.005050623323768377,0.017841458320617676
2013-05-23,1392.0,0.5331997871398926,0.005050353705883026,-0.0037356019020080566
2013-05-24,1386.8,0.5328477025032043,0.0050431531853973866,-0.005552411079406738
2013-05-28,1379.1,0.5324279069900513,0.005035578738898039,0.008846402168273926
2013-05-29,1391.3,0.5320695042610168,0.005027542822062969,0.01451873779296875
2013-05-30,1411.5,0.5318267941474915,0.005019286181777716,-0.013390004634857178
2013-05-31,1392.6,0.5316370725631714,0.00501100393012166,0.013715386390686035
2013-06-03,1411.7,0.5315707325935364,0.0050021265633404255,-0.010342121124267578
2013-06-04,1397.1,0.5315642356872559,0.004993569105863571,0.0009305477142333984
2013-06-05,1398.4,0.5316572189331055,0.004985027480870485,0.012371182441711426
2013-06-06,1415.7,0.531897246837616,0.004977039061486721,-0.02309805154800415
2013-06-07,1383.0,0.5321042537689209,0.004970940295606852,0.0023137331008911133
2013-06-10,1386.2,0.5322688221931458,0.004966355860233307,-0.00663679838180542
2013-06-11,1377.0,0.5324932932853699,0.004963052924722433,0.010748028755187988
2013-06-12,1391.8,0.5327445864677429,0.004959832411259413,-0.010202646255493164
2013-06-13,1377.6,0.5329934358596802,0.004956085700541735,0.007041335105895996
2013-06-14,1387.3,0.5331396460533142,0.004949549213051796,-0.003243684768676758
2013-06-17,1382.8,0.5332918167114258,0.004944622982293367,-0.011715412139892578
2013-06-18,1366.6,0.5334271192550659,0.004941464867442846,0.005122184753417969
2013-06-19,1373.6,0.5334432721138,0.004940171726047993,-0.06384676694869995
2013-06-20,1285.9,0.5332850813865662,0.004938894417136908,0.00443267822265625
2013-06-21,1291.6,0.532929539680481,0.0049360282719135284,-0.01145857572555542
2013-06-24,1276.8,0.5324417352676392,0.004931026138365269,-0.0015664100646972656
2013-06-25,1274.8,0.5318703055381775,0.00492450688034296,-0.03545659780502319
2013-06-26,1229.6,0.5312719941139221,0.004917827434837818,-0.014801502227783203
2013-06-27,1211.4,0.5307321548461914,0.004911443218588829,0.010236144065856934
2013-06-28,1223.8,0.5302181243896484,0.0049050962552428246,0.02622973918914795
2013-07-01,1255.9,0.5296210050582886,0.0048951441422104836,-0.00979381799697876
2013-07-02,1243.6,0.5290738344192505,0.004885931499302387,0.006834983825683594
2013-07-03,1252.1,0.5285845994949341,0.004877648316323757,-0.031307339668273926
2013-07-05,1212.9,0.5278669595718384,0.004870366305112839,0.01813828945159912
2013-07-08,1234.9,0.5271414518356323,0.004862827714532614,0.008907556533813477
2013-07-09,1245.9,0.5264176726341248,0.004854591563344002,0.0012038946151733398
2013-07-10,1247.4,0.5257482528686523,0.004845252260565758,0.02621448040008545
2013-07-11,1280.1,0.5253499150276184,0.004837664309889078,-0.0017966628074645996
2013-07-12,1277.8,0.5251131057739258,0.0048320661298930645,0.004695534706115723
2013-07-15,1283.8,0.525037944316864,0.004828483331948519,0.005452513694763184
2013-07-16,1290.8,0.5251327753067017,0.00482666352763772,-0.009993791580200195
2013-07-17,1277.9,0.5252962112426758,0.004825854208320379,0.00524294376373291
2013-07-18,1284.6,0.5254552364349365,0.004825817421078682,0.006772637367248535
2013-07-19,1293.3,0.5256518125534058,0.0048265885561704636,0.03332555294036865
2013-07-22,1336.4,0.525913417339325,0.004828466102480888,-0.0009728074073791504
2013-07-23,1335.1,0.5262107849121094,0.004832020029425621,-0.01153475046157837
2013-07-24,1319.7,0.5264373421669006,0.0048364633694291115,0.007047057151794434
2013-07-25,1329.0,0.526634693145752,0.004840743262320757,-0.005492866039276123
2013-07-26,1321.7,0.5268514156341553,0.0048451609909534454,0.005069255828857422
2013-07-29,1328.4,0.5270633101463318,0.004849569872021675,-0.0033122897148132324
2013-07-30,1324.0,0.5272276997566223,0.0048533231019973755,-0.008761286735534668
2013-07-31,1312.4,0.5274044275283813,0.00485675735399127,-0.001066744327545166
2013-08-01,1311.0,0.5273984670639038,0.00485917367041111,-0.0003051161766052246
2013-08-02,1310.6,0.5273858904838562,0.004860724322497845,-0.0061040520668029785
2013-08-05,1302.6,0.5273467302322388,0.0048623946495354176,-0.014893293380737305
2013-08-06,1283.2,0.527324378490448,0.004864334594458342,0.002259969711303711
2013-08-07,1286.1,0.5273832678794861,0.004866062663495541,0.019127607345581055
2013-08-08,1310.7,0.5275357961654663,0.004867529962211847,0.0016785860061645508
2013-08-09,1312.9,0.5277518033981323,0.004869389813393354,0.01660442352294922
2013-08-12,1334.7,0.49130481481552124,0.004270858597010374,-0.010114610195159912
2013-08-13,1321.2,0.4914533793926239,0.004262404050678015,0.009688258171081543
2013-08-14,1334.0,0.4915838837623596,0.004256376996636391,0.02068960666656494
2013-08-15,1361.6,0.4917948246002197,0.004243936855345964,0.0074176788330078125
2013-08-16,1371.7,0.49203890562057495,0.004230022896081209,-0.004009604454040527
2013-08-19,1366.2,0.4923069477081299,0.00421498529613018,0.005050539970397949
2013-08-20,1373.1,0.49260494112968445,0.004199035465717316,-0.001820683479309082
2013-08-21,1370.6,0.49289870262145996,0.004184155724942684,0.00043773651123046875
2013-08-22,1371.2,0.493055522441864,0.0041793473064899445,0.017867565155029297
2013-08-23,1395.7,0.49314355850219727,0.004179437179118395,-0.0019344687461853027
2013-08-26,1393.0,0.49323534965515137,0.004178967326879501,0.01981329917907715
2013-08-27,1420.6,0.49336808919906616,0.004176144488155842,-0.0011262893676757812
2013-08-28,1419.0,0.49350661039352417,0.004175961948931217,-0.004298806190490723
2013-08-29,1412.9,0.4936279058456421,0.004181654192507267,-0.0118904709815979
2013-08-30,1396.1,0.49372225999832153,0.004191466607153416,0.011388897895812988
2013-09-03,1412.0,0.49377942085266113,0.004205530975013971,-0.01565152406692505
2013-09-04,1389.9,0.49379560351371765,0.004221492446959019,-0.012087225914001465
2013-09-05,1373.1,0.4937509596347809,0.0042380522936582565,0.009904623031616211
2013-09-06,1386.7,0.49369680881500244,0.0042506251484155655,7.224082946777344e-05
2013-09-09,1386.8,0.4936507046222687,0.004258253611624241,-0.01636868715286255
2013-09-10,1364.1,0.4935866594314575,0.004262212198227644,-0.00014656782150268555
2013-09-11,1363.9,0.4935223460197449,0.004261254798620939,-0.024561941623687744
2013-09-12,1330.4,0.49345552921295166,0.004255080595612526,-0.016536355018615723
2013-09-13,1308.4,0.4933894872665405,0.0042458027601242065,0.007260799407958984
2013-09-16,1317.9,0.49335670471191406,0.004229308106005192,-0.0063738226890563965
2013-09-17,1309.5,0.4933442175388336,0.004212552681565285,-0.0012981891632080078
2013-09-18,1307.8,0.4933720827102661,0.004198282491415739,0.04710197448730469
2013-09-19,1369.4,0.4934374690055847,0.004183465149253607,-0.02694612741470337
2013-09-20,1332.5,0.4935092329978943,0.004170773550868034,-0.004202604293823242
2013-09-23,1326.9,0.49359768629074097,0.004159784875810146,-0.00821465253829956
2013-09-24,1316.0,0.49368393421173096,0.004153305198997259,0.01512157917022705
2013-09-25,1335.9,0.4937794804573059,0.004150284454226494,-0.009207308292388916
2013-09-26,1323.6,0.49387094378471375,0.004150065593421459,0.01118171215057373
2013-09-27,1338.4,0.49399518966674805,0.004148374777287245,-0.00889122486114502
2013-09-30,1326.5,0.49413517117500305,0.004148533102124929,-0.030531466007232666
2013-10-01,1286.0,0.4942595958709717,0.004152144305408001,0.026905059814453125
2013-10-02,1320.6,0.4944005608558655,0.004156428389251232,-0.002423107624053955
2013-10-03,1317.4,0.49456000328063965,0.004160771146416664,-0.00584489107131958
2013-10-04,1309.7,0.4947015047073364,0.004168970510363579,0.01152944564819336
2013-10-07,1324.8,0.49486470222473145,0.0041779689490795135,-0.00045299530029296875
2013-10-08,1324.2,0.495039165019989,0.0041883853264153,-0.013064444065093994
2013-10-09,1306.9,0.4951895773410797,0.0042030466720461845,-0.0078812837600708
2013-10-10,1296.6,0.49528175592422485,0.004222741350531578,-0.022057652473449707
2013-10-11,1268.0,0.49531519412994385,0.004242341034114361,0.006624579429626465
2013-10-14,1276.4,0.49532240629196167,0.004258160479366779,-0.002663731575012207
2013-10-15,1273.0,0.49532586336135864,0.004269938450306654,0.007069945335388184
2013-10-16,1282.0,0.49529483914375305,0.004281747620552778,0.03174722194671631
2013-10-17,1322.7,0.495273232460022,0.004287172108888626,-0.006274998188018799
2013-10-18,1314.4,0.4952522814273834,0.004286950454115868,0.0009889602661132812
2013-10-21,1315.7,0.4952349066734314,0.0042819008231163025,0.020369410514831543
2013-10-22,1342.5,0.4952539801597595,0.004272585269063711,-0.006405949592590332
2013-10-23,1333.9,0.49529126286506653,0.004260079003870487,0.012219786643981934
2013-10-24,1350.2,0.49534398317337036,0.004246687516570091,0.001629471778869629
2013-10-25,1352.4,0.4954022467136383,0.0042343721725046635,-0.00029581785202026367
2013-10-28,1352.0,0.4954584836959839,0.0042235394939780235,-0.005029618740081787
2013-10-29,1345.2,0.49549657106399536,0.004216587170958519,0.0028249025344848633
2013-10-30,1349.0,0.4955160617828369,0.0042119333520531654,-0.01882880926132202
2013-10-31,1323.6,0.4954940676689148,0.004210852086544037,-0.007932901382446289
2013-11-01,1313.1,0.49541279673576355,0.004214469809085131,0.0011423826217651367
2013-11-04,1314.6,0.4952978491783142,0.0042200651951134205,-0.005020499229431152
2013-11-05,1308.0,0.551771879196167,0.003194691613316536,0.007415890693664551
2013-11-06,1317.7,0.5517663955688477,0.003185231937095523,-0.0070577263832092285
2013-11-07,1308.4,0.5515850782394409,0.003180223051458597,-0.018266618251800537
2013-11-08,1284.5,0.5509458184242249,0.003180478932335973,-0.002724766731262207
2013-11-11,1281.0,0.5500063896179199,0.0031885942444205284,-0.0077283382415771484
2013-11-12,1271.1,0.5487638115882874,0.003204314736649394,-0.002202749252319336
2013-11-13,1268.3,0.5474578738212585,0.0032184221781790257,0.014113306999206543
2013-11-14,1286.2,0.5462384819984436,0.003226056694984436,0.0008553266525268555
2013-11-15,1287.3,0.545114278793335,0.0032372386194765568,-0.011730074882507324
2013-11-18,1272.2,0.5441630482673645,0.003249787725508213,0.000943303108215332
2013-11-19,1273.4,0.543323278427124,0.003262801095843315,-0.012172162532806396
2013-11-20,1257.9,0.5423389077186584,0.0032760812900960445,-0.011447668075561523
2013-11-21,1243.5,0.5413039922714233,0.003289812244474888,0.00040209293365478516
2013-11-22,1244.0,0.5403891801834106,0.0033047583419829607,-0.0023311972618103027
2013-11-25,1241.1,0.5395596027374268,0.0033212711568921804,0.00024175643920898438
2013-11-26,1241.4,0.5389096736907959,0.003337945556268096,-0.00289994478225708
2013-11-27,1237.8,0.5383499264717102,0.0033543051686137915,0.01034080982208252
2013-11-29,1250.6,0.5379028916358948,0.003370853140950203,-0.022629082202911377
2013-12-02,1222.3,0.5373609066009521,0.0033842315897345543,-0.0004909634590148926
2013-12-03,1221.7,0.5368556976318359,0.0033955564722418785,0.021691083908081055
2013-12-04,1248.2,0.5363311171531677,0.0034075374715030193,-0.012017309665679932
2013-12-05,1233.2,0.5357611179351807,0.0034161058720201254,-0.002351522445678711
2013-12-06,1230.3,0.5351869463920593,0.0034239664673805237,0.004064083099365234
2013-12-09,1235.3,0.5346733927726746,0.003432478057220578,0.021937966346740723
2013-12-10,1262.4,0.5343474745750427,0.0034431884996593,-0.0030893683433532715
2013-12-11,1258.5,0.5340679883956909,0.003451421856880188,-0.025824368000030518
2013-12-12,1226.0,0.5336822271347046,0.003455488011240959,0.007911920547485352
2013-12-13,1235.7,0.533272385597229,0.0034585774410516024,0.007930755615234375
2013-12-16,1245.5,0.5329235792160034,0.0034602649975568056,-0.01148134469985962
2013-12-17,1231.2,0.5326520800590515,0.003460339270532131,0.003979921340942383
2013-12-18,1236.1,0.5323590636253357,0.00346158305183053,-0.033249735832214355
2013-12-19,1195.0,0.531826376914978,0.0034618128556758165,0.00845181941986084
2013-12-20,1205.1,0.5312316417694092,0.0034646422136574984,-0.005559682846069336
2013-12-23,1198.4,0.530495822429657,0.0034694962669163942,0.00559079647064209
2013-12-24,1205.1,0.5295732617378235,0.00348076899535954,0.007468223571777344
2013-12-26,1214.1,0.5285532474517822,0.003493343945592642,0.001647353172302246
2013-12-27,1216.1,0.5274484157562256,0.003501621773466468,-0.010689914226531982
2013-12-30,1203.1,0.5264706015586853,0.003506859065964818,-0.0009973645210266113
2013-12-31,1201.9,0.5255376100540161,0.0035108751617372036,0.019219517707824707
2014-01-02,1225.0,0.5246228575706482,0.00351971248164773,0.010938763618469238
2014-01-03,1238.4,0.5236676335334778,0.0035319686867296696,-0.000484466552734375
2014-01-06,1237.8,0.5227738618850708,0.003545251442119479,-0.006786227226257324
2014-01-07,1229.4,0.521956741809845,0.0035589803010225296,-0.003334939479827881
2014-01-08,1225.3,0.5210644602775574,0.0035860619973391294,0.0032645463943481445
2014-01-09,1229.3,0.5202417373657227,0.0036142761819064617,0.014154314994812012
2014-01-10,1246.7,0.5197253823280334,0.003639122936874628,0.003368973731994629
2014-01-13,1250.9,0.5195432305335999,0.0036582567263394594,-0.004556775093078613
2014-01-14,1245.2,0.5195651054382324,0.0036706174723803997,-0.005701899528503418
2014-01-15,1238.1,0.5197275280952454,0.003679207293316722,0.001534581184387207
2014-01-16,1240.0,0.520091712474823,0.0036846178118139505,0.009435415267944336
2014-01-17,1251.7,0.5205527544021606,0.003691508900374174,-0.007509708404541016
2014-01-21,1242.3,0.5211077928543091,0.0036945417523384094,-0.002656400203704834
2014-01-22,1239.0,0.5216795206069946,0.0036957459524273872,0.01904761791229248
2014-01-23,1262.6,0.5225719809532166,0.0036904017906636,0.0015048980712890625
2014-01-24,1264.5,0.5238053202629089,0.003675251267850399,-0.0007117390632629395
2014-01-27,1263.6,0.5251274108886719,0.0036586213391274214,-0.0099714994430542
2014-01-28,1251.0,0.5264882445335388,0.003648417768999934,0.008952856063842773
2014-01-29,1262.2,0.5280262231826782,0.0036458061076700687,-0.01584535837173462
2014-01-30,1242.2,0.5294942855834961,0.0036394670605659485,-0.001690506935119629
2014-01-31,1240.1,0.5309123396873474,0.003631042782217264,0.01636970043182373
2014-02-03,1260.4,0.5665319561958313,0.0007443556096404791,-0.006902635097503662
2014-02-04,1251.7,0.5670957565307617,0.0007545980624854565,0.004474043846130371
2014-02-05,1257.3,0.567564845085144,0.0007645187433809042,0.00023853778839111328
2014-02-06,1257.6,0.5678718090057373,0.0007658314425498247,0.004532456398010254
2014-02-07,1263.3,0.5680598616600037,0.0007602621335536242,0.009103178977966309
2014-02-10,1274.8,0.5681954026222229,0.0007535973563790321,0.012001872062683105
2014-02-11,1290.1,0.5682647824287415,0.0007449679542332888,0.004030704498291016
2014-02-12,1295.3,0.5682529211044312,0.0007355078123509884,0.003937244415283203
2014-02-13,1300.4,0.5682939291000366,0.0007250141352415085,0.014303326606750488
2014-02-14,1319.0,0.5684036612510681,0.00071336654946208,0.004321455955505371
2014-02-18,1324.7,0.56864333152771,0.0007025005761533976,-0.0030950307846069336
2014-02-19,1320.6,0.5689807534217834,0.000696489354595542,-0.002650320529937744
2014-02-20,1317.1,0.5693260431289673,0.0006894527468830347,0.005162954330444336
2014-02-21,1323.9,0.5697066187858582,0.0006812824867665768,0.010877013206481934
2014-02-24,1338.3,0.5700994729995728,0.0006712975446134806,0.0035119056701660156
2014-02-25,1343.0,0.5705289244651794,0.0006585116498172283,-0.011020123958587646
2014-02-26,1328.2,0.5709731578826904,0.0006479136645793915,0.0025599002838134766
2014-02-27,1331.6,0.5714493989944458,0.000636757118627429,-0.007659912109375
2014-02-28,1321.4,0.5719721913337708,0.0006246536504477262,0.02171933650970459
2014-03-03,1350.1,0.5726071000099182,0.0006182864308357239,-0.00911039113998413
2014-03-04,1337.8,0.5731465220451355,0.0006083536427468061,0.0017938613891601562
2014-03-05,1340.2,0.5736120939254761,0.0005968741606920958,0.008580803871154785
2014-03-06,1351.7,0.5740554332733154,0.0005850200541317463,-0.010061383247375488
2014-03-07,1338.1,0.5744034051895142,0.0005737061146646738,0.0024662017822265625
2014-03-10,1341.4,0.5746909976005554,0.0005636620335280895,0.0038019418716430664
2014-03-11,1346.5,0.5749624371528625,0.0005564771126955748,0.01767551898956299
2014-03-12,1370.3,0.5752801895141602,0.0005489988252520561,0.0013865232467651367
2014-03-13,1372.2,0.5757076740264893,0.000546235591173172,0.0049555301666259766
2014-03-14,1379.0,0.5762665271759033,0.0005481119733303785,-0.00442349910736084
2014-03-17,1372.9,0.5768151879310608,0.0005451403558254242,-0.010124564170837402
2014-03-18,1359.0,0.5773124098777771,0.000538721214979887,-0.012950658798217773
2014-03-19,1341.4,0.5776278972625732,0.0005351144354790449,-0.008125841617584229
2014-03-20,1330.5,0.5777423977851868,0.000531001016497612,0.004133820533752441
2014-03-21,1336.0,0.5777742862701416,0.0005285742226988077,-0.018562912940979004
2014-03-24,1311.2,0.5777470469474792,0.0005272030830383301,0.000152587890625
2014-03-25,1311.4,0.5776535868644714,0.0005244023632258177,-0.006100356578826904
2014-03-26,1303.4,0.5775476098060608,0.0005245567299425602,-0.0066748857498168945
2014-03-27,1294.7,0.5774204134941101,0.0005254070274531841,-0.0006950497627258301
2014-03-28,1293.8,0.5772354006767273,0.0005268731620162725,-0.008038341999053955
2014-03-31,1283.4,0.5769948363304138,0.0005276256706565619,-0.0029609203338623047
2014-04-01,1279.6,0.5766817331314087,0.0005272410344332457,0.008518338203430176
2014-04-02,1290.5,0.5762891173362732,0.0005274300929158926,-0.004726827144622803
2014-04-03,1284.4,0.5758371949195862,0.0005291313864290714,0.014637112617492676
2014-04-04,1303.2,0.5754516124725342,0.0005317670293152332,-0.003990113735198975
2014-04-07,1298.0,0.5751917958259583,0.0005377437919378281,0.008243441581726074
2014-04-08,1308.7,0.5750904083251953,0.0005409868899732828,-0.0024451613426208496
2014-04-09,1305.5,0.5750880837440491,0.0005407868884503841,0.011183381080627441
2014-04-10,1320.1,0.575279176235199,0.0005438977386802435,-0.0010605454444885254
2014-04-11,1318.7,0.575617790222168,0.0005497145466506481,0.006445765495300293
2014-04-14,1327.2,0.5759825706481934,0.0005538330879062414,-0.02049422264099121
2014-04-15,1300.0,0.576321005821228,0.000556824030354619,0.0023845434188842773
2014-04-16,1303.1,0.5766044855117798,0.0005560040008276701,-0.007443726062774658
2014-04-17,1293.4,0.5767542719841003,0.0005520482081919909,-0.004175066947937012
2014-04-21,1288.0,0.5767867565155029,0.0005473301280289888,-0.005745351314544678
2014-04-22,1280.6,0.576739490032196,0.0005429396405816078,0.0028111934661865234
2014-04-23,1284.2,0.576679527759552,0.0005391889717429876,0.004905819892883301
2014-04-24,1290.5,0.5766295790672302,0.0005360192153602839,0.00790393352508545
2014-04-25,1300.7,0.5766346454620361,0.000534415477886796,-0.0013838410377502441
2014-04-28,1298.9,0.5766654014587402,0.000532595906406641,-0.002232670783996582
2014-04-29,1296.0,0.5766849517822266,0.0005306985694915056,-0.00030863285064697266
2014-04-30,1295.6,0.5412599444389343,0.0016592334723100066,-0.009648025035858154
2014-05-01,1283.1,0.541588306427002,0.0016452708514407277,0.015197515487670898
2014-05-02,1302.6,0.5422458052635193,0.0016176284989342093,0.004913210868835449
2014-05-05,1309.0,0.5430464744567871,0.0015831994824111462,-0.0005347132682800293
2014-05-06,1308.3,0.5440261363983154,0.001540387631393969,-0.015057742595672607
2014-05-07,1288.6,0.5449536442756653,0.0014999066479504108,-0.0009312033653259277
2014-05-08,1287.4,0.545788586139679,0.0014640816953033209,-7.766485214233398e-05
2014-05-09,1287.3,0.5464078783988953,0.0014381487853825092,0.006447553634643555
2014-05-12,1295.6,0.5467725992202759,0.0014226895291358232,-0.0007718205451965332
2014-05-13,1294.6,0.5470669865608215,0.001410239958204329,0.00857400894165039
2014-05-14,1305.7,0.5475959181785583,0.0013873165007680655,-0.009343624114990234
2014-05-15,1293.5,0.5483783483505249,0.0013526048278436065,-0.0001545548439025879
2014-05-16,1293.3,0.5492695569992065,0.0013125083642080426,0.00030922889709472656
2014-05-19,1293.7,0.5501528382301331,0.0012720501981675625,0.0006184577941894531
2014-05-20,1294.5,0.5510452389717102,0.0012310154270380735,-0.005021214485168457
2014-05-21,1288.0,0.5518178939819336,0.001195140415802598,0.005357146263122559
2014-05-22,1294.9,0.5524147152900696,0.0011667893268167973,-0.002548515796661377
2014-05-23,1291.6,0.5529019832611084,0.0011434584157541394,-0.02028489112854004
2014-05-27,1265.4,0.5532163977622986,0.0011274400167167187,-0.004820585250854492
2014-05-28,1259.3,0.553612470626831,0.0011089149629697204,-0.0023822784423828125
2014-05-29,1256.3,0.5540268421173096,0.0010893718572333455,-0.008517146110534668
2014-05-30,1245.6,0.5543199777603149,0.0010743316961452365,-0.0015254020690917969
2014-06-02,1243.7,0.5542765259742737,0.0010733922244980931,0.0004825592041015625
2014-06-03,1244.3,0.5538219213485718,0.0010895688319578767,-0.00024116039276123047
2014-06-04,1244.0,0.5530601143836975,0.001119455206207931,0.007234692573547363
2014-06-05,1253.0,0.5523015260696411,0.001149930409155786,-0.0007182955741882324
2014-06-06,1252.1,0.5515366792678833,0.0011812432203441858,0.0011181831359863281
2014-06-09,1253.5,0.5506953597068787,0.0012162018101662397,0.005025982856750488
2014-06-10,1259.8,0.549787163734436,0.001254260540008545,0.0007938146591186523
2014-06-11,1260.8,0.5488402843475342,0.0012936433777213097,0.010152220726013184
2014-06-12,1273.6,0.5482580661773682,0.001317725982517004,7.843971252441406e-05
2014-06-13,1273.7,0.5479045510292053,0.001332086045295,0.000942230224609375
2014-06-16,1274.9,0.547780454158783,0.0013368416111916304,-0.00251007080078125
2014-06-17,1271.7,0.5476123094558716,0.0013435576111078262,0.0005505084991455078
2014-06-18,1272.4,0.5476141571998596,0.0013439259491860867,0.03245830535888672
2014-06-19,1313.7,0.5478860139846802,0.0013320478610694408,0.0019030570983886719
2014-06-20,1316.2,0.5483818054199219,0.0013100989162921906,0.0013675689697265625
2014-06-23,1318.0,0.5490393042564392,0.0012806291924789548,0.0022003650665283203
2014-06-24,1320.9,0.5499091148376465,0.0012420513667166233,0.0009840726852416992
2014-06-25,1322.2,0.5510053038597107,0.001193995587527752,-0.004613518714904785
2014-06-26,1316.1,0.5522985458374023,0.001137693296186626,0.0022034645080566406
2014-06-27,1319.0,0.5536919236183167,0.00107672403100878,0.0021228790283203125
2014-06-30,1321.8,0.5551894903182983,0.0010109193390235305,0.003480076789855957
2014-07-01,1326.4,0.5565695762634277,0.0009499755688011646,0.0032417774200439453
2014-07-02,1330.7,0.5575990080833435,0.0009038331918418407,-0.0077402591705322266
2014-07-03,1320.4,0.5582093596458435,0.0008760644122958183,-0.002953648567199707
2014-07-07,1316.5,0.5585088729858398,0.00086184311658144,-0.00037980079650878906
2014-07-08,1316.0,0.5587438941001892,0.0008509473409503698,0.005927085876464844
2014-07-09,1323.8,0.5590579509735107,0.000837013591080904,0.011255383491516113
2014-07-10,1338.7,0.5595352649688721,0.0008164469618350267,-0.0012698769569396973
2014-07-11,1337.0,0.5601727962493896,0.0007892404682934284,-0.022961795330047607
2014-07-14,1306.3,0.560655951499939,0.0007681958377361298,-0.007195889949798584
2014-07-15,1296.9,0.5609354972839355,0.0007561782840639353,0.0020818710327148438
2014-07-16,1299.6,0.5610948204994202,0.0007497305050492287,0.013157844543457031
2014-07-17,1316.7,0.5614765286445618,0.0007336991839110851,-0.00569605827331543
2014-07-18,1309.2,0.5619382858276367,0.0007142412941902876,0.0034371614456176758
2014-07-21,1313.7,0.5624538660049438,0.0006919300649315119,-0.005785167217254639
2014-07-22,1306.1,0.5629688501358032,0.000669598113745451,-0.0012249946594238281
2014-07-23,1304.5,0.5634428262710571,0.0006484710611402988,-0.010655462741851807
2014-07-24,1290.6,0.563634991645813,0.000638328492641449,0.009685397148132324
2014-07-25,1303.1,0.6173465847969055,-0.0021047955378890038,0.00015354156494140625
2014-07-28,1303.3,0.6175132989883423,-0.0021094963885843754,-0.003836393356323242
2014-07-29,1298.3,0.6176197528839111,-0.0021102512255311012,-0.002618849277496338
2014-07-30,1294.9,0.6175679564476013,-0.0021023224107921124,-0.01050269603729248
2014-07-31,1281.3,0.6172813773155212,-0.0020814486779272556,0.009599566459655762
2014-08-01,1293.6,0.6170499324798584,-0.002064297441393137,-0.004560947418212891
2014-08-04,1287.7,0.6168786883354187,-0.002052220981568098,-0.0028733015060424805
2014-08-05,1284.0,0.6166394352912903,-0.002036179881542921,0.01767909526824951
2014-08-06,1306.7,0.6164825558662415,-0.0020244643092155457,0.0031377077102661133
2014-08-07,1310.8,0.6163975596427917,-0.002015851903706789,-0.0014495253562927246
2014-08-08,1308.9,0.616391658782959,-0.0020129061304032803,-0.00030559301376342773
2014-08-11,1308.5,0.6164657473564148,-0.002014978788793087,0.00022935867309570312
2014-08-12,1308.8,0.6165424585342407,-0.002017498482018709,0.0030562877655029297
2014-08-13,1312.8,0.6166951656341553,-0.0020239162258803844,0.0008379220962524414
2014-08-14,1313.9,0.6169207096099854,-0.002034338191151619,-0.007154285907745361
2014-08-15,1304.5,0.6172440052032471,-0.0020514470525085926,-0.0052127838134765625
2014-08-18,1297.7,0.6175564527511597,-0.002068521920591593,-0.0020035505294799805
2014-08-19,1295.1,0.6178072094917297,-0.002081332728266716,-0.0013126134872436523
2014-08-20,1293.4,0.6179549098014832,-0.002087051048874855,-0.01523125171661377
2014-08-21,1273.7,0.6180400848388672,-0.002090566325932741,0.0038471221923828125
2014-08-22,1278.6,0.6180940270423889,-0.0020916862413287163,-0.0010166764259338379
2014-08-25,1277.3,0.6181068420410156,-0.002089741174131632,0.00508880615234375
2014-08-26,1283.8,0.6181215047836304,-0.0020871954038739204,-0.0014799833297729492
2014-08-27,1281.9,0.618198573589325,-0.0020890538580715656,0.005304574966430664
2014-08-28,1288.7,0.6183373332023621,-0.0020939698442816734,-0.0022502541542053223
2014-08-29,1285.8,0.6184502243995667,-0.002096954733133316,-0.017187833786010742
2014-09-02,1263.7,0.6184092164039612,-0.0020923204720020294,0.004114985466003418
2014-09-03,1268.9,0.6183699369430542,-0.002088596113026142,-0.0029947757720947266
2014-09-04,1265.1,0.6180954575538635,-0.002069254871457815,0.0005533695220947266
2014-09-05,1265.8,0.6177748441696167,-0.002048020251095295,-0.010349273681640625
2014-09-08,1252.7,0.6172559261322021,-0.0020155804231762886,-0.004709720611572266
2014-09-09,1246.8,0.6166101098060608,-0.001976931933313608,-0.002646803855895996
2014-09-10,1243.5,0.6159021854400635,-0.001937191467732191,-0.0049054622650146484
2014-09-11,1237.4,0.6151517033576965,-0.0018973429687321186,-0.006061077117919922
2014-09-12,1229.9,0.6142637729644775,-0.0018525514751672745,0.0030083656311035156
2014-09-15,1233.6,0.6133295297622681,-0.0018064542673528194,0.0012969970703125
2014-09-16,1235.2,0.6124666333198547,-0.001767362467944622,-0.0006476044654846191
2014-09-17,1234.4,0.6114372611045837,-0.0017341328784823418,-0.00704801082611084
2014-09-18,1225.7,0.610302746295929,-0.0017367391847074032,-0.008484840393066406
2014-09-19,1215.3,0.6090736389160156,-0.0017379261553287506,0.001234292984008789
2014-09-22,1216.8,0.607822835445404,-0.0017353957518935204,0.0034515857696533203
2014-09-23,1221.0,0.6066018342971802,-0.0017281286418437958,-0.001965641975402832
2014-09-24,1218.6,0.6053737998008728,-0.0017195641994476318,0.002133607864379883
2014-09-25,1221.2,0.6041178703308105,-0.0016987388953566551,-0.005813956260681152
2014-09-26,1214.1,0.6027922034263611,-0.0016542072407901287,0.002800464630126953
2014-09-29,1217.5,0.6014931797981262,-0.0016107717528939247,-0.00574946403503418
2014-09-30,1210.5,0.6001166105270386,-0.0015622065402567387,0.003386974334716797
2014-10-01,1214.6,0.5988344550132751,-0.001519335899502039,-0.0003293752670288086
2014-10-02,1214.2,0.5976946949958801,-0.0014806711114943027,-0.01811891794204712
2014-10-03,1192.2,0.5964250564575195,-0.001436412800103426,0.012162446975708008
2014-10-06,1206.7,0.5953420400619507,-0.001401472371071577,0.004143476486206055
2014-10-07,1211.7,0.5944263339042664,-0.0013727368786931038,-0.0052817463874816895
2014-10-08,1205.3,0.5938038229942322,-0.0013557695783674717,0.01601254940032959
2014-10-09,1224.6,0.5932475328445435,-0.001334458589553833,-0.0029397010803222656
2014-10-10,1221.0,0.592714250087738,-0.0013060355558991432,0.00679779052734375
2014-10-13,1229.3,0.5922998189926147,-0.0012723016552627087,0.0034978389739990234
2014-10-14,1233.6,0.5921302437782288,-0.001247365027666092,0.008511662483215332
2014-10-15,1244.1,0.5922737121582031,-0.0012313295155763626,-0.0028936266899108887
2014-10-16,1240.5,0.5926390886306763,-0.0012189997360110283,-0.0017734169960021973
2014-10-17,1238.3,0.5931751132011414,-0.001212453469634056,0.004603028297424316
2014-10-20,1244.0,0.6048597693443298,-0.00195638881996274,0.005627036094665527
2014-10-21,1251.0,0.6048398613929749,-0.001978621818125248,-0.00495600700378418
2014-10-22,1244.8,0.6038761734962463,-0.0019250093027949333,-0.013094484806060791
2014-10-23,1228.5,0.6020487546920776,-0.001803549937903881,0.002197742462158203
2014-10-24,1231.2,0.5999075770378113,-0.00165590550750494,-0.0017056465148925781
2014-10-27,1229.1,0.5979213118553162,-0.0015161288902163506,8.130073547363281e-05
2014-10-28,1229.2,0.5962412357330322,-0.0013999571092426777,-0.003986239433288574
2014-10-29,1224.3,0.5946010947227478,-0.0012822137214243412,-0.021400034427642822
2014-10-30,1198.1,0.5928571820259094,-0.0011522972490638494,-0.02253568172454834
2014-10-31,1171.1,0.5904847383499146,-0.000970721710473299,-0.0014516115188598633
2014-11-03,1169.4,0.5877276659011841,-0.0007553861942142248,-0.0017102956771850586
2014-11-04,1167.4,0.5852863192558289,-0.0005488498136401176,-0.018845319747924805
2014-11-05,1145.4,0.5822610855102539,-0.0003390563651919365,-0.002706468105316162
2014-11-06,1142.3,0.5789638161659241,-0.000109158456325531,0.023899078369140625
2014-11-07,1169.6,0.5765233635902405,6.213062442839146e-05,-0.008549928665161133
2014-11-10,1159.6,0.5745196342468262,0.00020156288519501686,0.002759695053100586
2014-11-11,1162.8,0.5734604597091675,0.00027635693550109863,-0.003354012966156006
2014-11-12,1158.9,0.5729952454566956,0.0003116938751190901,0.0018982887268066406
2014-11-13,1161.1,0.5733656287193298,0.0002921302802860737,0.02058398723602295
2014-11-14,1185.0,0.5747619271278381,0.00020110071636736393,-0.001687765121459961
2014-11-17,1183.0,0.576436460018158,9.096250869333744e-05,0.011580705642700195
2014-11-18,1196.7,0.578731119632721,-6.424007005989552e-05,-0.0025904178619384766
2014-11-19,1193.6,0.5811088681221008,-0.0002258040476590395,-0.002429664134979248
2014-11-20,1190.7,0.5834214687347412,-0.00038424041122198105,0.005710959434509277
2014-11-21,1197.5,0.5849859118461609,-0.000493194442242384,-0.0016701221466064453
2014-11-24,1195.5,0.5860232710838318,-0.0005662103649228811,0.001338362693786621
2014-11-25,1197.1,0.5868158340454102,-0.0006222259253263474,-0.0004176497459411621
2014-11-26,1196.6,0.587661623954773,-0.0006836061365902424,-0.017884016036987305
2014-11-28,1175.2,0.587810754776001,-0.0006925095804035664,0.03641939163208008
2014-12-01,1218.0,0.5884096026420593,-0.0007291403599083424,-0.01543515920639038
2014-12-02,1199.2,0.5881891846656799,-0.0007133737672120333,0.007755160331726074
2014-12-03,1208.5,0.5873168706893921,-0.0006539733149111271,-0.000827491283416748
2014-12-04,1207.5,0.5862807035446167,-0.0005822635721415281,-0.014409959316253662
2014-12-05,1190.1,0.5843667984008789,-0.00044878036715090275,0.0038652420043945312
2014-12-08,1194.7,0.5826418995857239,-0.00031997240148484707,0.03080272674560547
2014-12-09,1231.5,0.5820254683494568,-0.00026593846268951893,-0.0021112561225891113
2014-12-10,1228.9,0.5827622413635254,-0.0002972653601318598,-0.0030922293663024902
2014-12-11,1225.1,0.5841401219367981,-0.00037238746881484985,-0.002530395984649658
2014-12-12,1222.0,0.5862789154052734,-0.0004939588252454996,-0.012111306190490723
2014-12-15,1207.2,0.5882973670959473,-0.000606402987614274,-0.011017143726348877
2014-12-16,1193.9,0.5904746651649475,-0.0007233230862766504,0.0003350973129272461
2014-12-17,1194.3,0.5913083553314209,-0.000760858878493309,0.00033485889434814453
2014-12-18,1194.7,0.590701162815094,-0.0007151328027248383,0.0010044574737548828
2014-12-19,1195.9,0.5887767672538757,-0.0005844384431838989,-0.013546347618103027
2014-12-22,1179.7,0.5856064558029175,-0.00037057651206851006,-0.0015257596969604492
2014-12-23,1177.9,0.581443190574646,-8.80747102200985e-05,-0.003735482692718506
2014-12-24,1173.5,0.5769659876823425,0.0002178384456783533,0.018576979637145996
2014-12-26,1195.3,0.5729259848594666,0.0004938717465847731,-0.011377990245819092
2014-12-29,1181.7,0.5692518353462219,0.0007420494221150875,0.01565539836883545
2014-12-30,1200.2,0.5668585300445557,0.0009095012210309505,-0.013581037521362305
2014-12-31,1183.9,0.5654687881469727,0.0010208382736891508,0.001773834228515625
2015-01-02,1186.0,0.5642638206481934,0.0011223825858905911,0.015092730522155762
2015-01-05,1203.9,0.5635091662406921,0.001204701722599566,0.012791752815246582
2015-01-06,1219.3,0.5633382201194763,0.0012546280631795526,-0.007135272026062012
2015-01-07,1210.6,0.5629618167877197,0.0013137271162122488,-0.0018172264099121094
2015-01-08,1208.4,0.561785101890564,0.00141690403688699,0.006289243698120117
2015-01-09,1216.0,0.5608005523681641,0.001509493449702859,0.013733506202697754
2015-01-12,1232.7,0.5602957010269165,0.00156524614430964,0.001298069953918457
2015-01-13,1234.3,0.5601280927658081,0.0015995334833860397,8.094310760498047e-05
2015-01-14,1234.4,0.5606483221054077,0.001593450317159295,0.024546265602111816
2015-01-15,1264.7,0.47469332814216614,0.0015423138393089175,0.00964665412902832
2015-01-16,1276.9,0.473269522190094,0.0015940177254378796,0.01354837417602539
2015-01-20,1294.2,0.4718533754348755,0.0016365437768399715,-0.00038635730743408203
2015-01-21,1293.7,0.4704672694206238,0.0016684142174199224,0.00541079044342041
2015-01-22,1300.7,0.4685717523097992,0.0016934743616729975,-0.006227374076843262
2015-01-23,1292.6,0.4660286009311676,0.0017201976152136922,-0.010211944580078125
2015-01-26,1279.4,0.4630831480026245,0.001746276393532753,0.009613871574401855
2015-01-27,1291.7,0.46027907729148865,0.0017756500747054815,-0.0044901371002197266
2015-01-28,1285.9,0.45744994282722473,0.0018250143621116877,-0.02434098720550537
2015-01-29,1254.6,0.45440444350242615,0.0018838117830455303,0.019049882888793945
2015-01-30,1278.5,0.4514905512332916,0.001950874226167798,-0.0017990469932556152
2015-02-02,1276.2,0.44891107082366943,0.0020137459505349398,-0.012929022312164307
2015-02-03,1259.7,0.4469122588634491,0.0020597469992935658,0.0032547712326049805
2015-02-04,1263.8,0.44521433115005493,0.0020998893305659294,-0.0014243125915527344
2015-02-05,1262.0,0.4434813857078552,0.0021335792262107134,-0.0222662091255188
2015-02-06,1233.9,0.4415002465248108,0.0021689317654818296,0.005591988563537598
2015-02-09,1240.8,0.4395439624786377,0.002209779340773821,-0.007414638996124268
2015-02-10,1231.6,0.4374697506427765,0.0022534613963216543,-0.010230600833892822
2015-02-11,1219.0,0.43525171279907227,0.002299173967912793,0.0009024143218994141
2015-02-12,1220.1,0.4334695339202881,0.0023330652620643377,0.0052454471588134766
2015-02-13,1226.5,0.4320216476917267,0.00235740770585835,-0.015002071857452393
2015-02-17,1208.1,0.4305960536003113,0.0023828588891774416,-0.006953060626983643
2015-02-18,1199.7,0.4292343854904175,0.0024096337147057056,0.006168246269226074
2015-02-19,1207.1,0.42787742614746094,0.0024370048195123672,-0.0022367238998413086
2015-02-20,1204.4,0.42662081122398376,0.0024608727544546127,-0.0034041404724121094
2015-02-23,1200.3,0.4253910183906555,0.002484772354364395,-0.002832651138305664
2015-02-24,1196.9,0.4243275225162506,0.0025023578200489283,0.0034254789352416992
2015-02-25,1201.0,0.42361918091773987,0.0025178873911499977,0.007160663604736328
2015-02-26,1209.6,0.42269471287727356,0.0025423653423786163,0.002480149269104004
2015-02-27,1212.6,0.42166128754615784,0.002565152244642377,-0.004040896892547607
2015-03-02,1207.7,0.4203856289386749,0.0025924358051270247,-0.0030636191368103027
2015-03-03,1204.0,0.4189305901527405,0.0026262658648192883,-0.002823948860168457
2015-03-04,1200.6,0.41711950302124023,0.002673327922821045,-0.00391465425491333
2015-03-05,1195.9,0.4149393141269684,0.0027318543288856745,-0.02659088373184204
2015-03-06,1164.1,0.4117487072944641,0.0028191995806992054,0.0019757747650146484
2015-03-09,1166.4,0.4081285297870636,0.0029354251455515623,-0.005401253700256348
2015-03-10,1160.1,0.4041089415550232,0.003117318032309413,-0.008102774620056152
2015-03-11,1150.7,0.3993447721004486,0.0033334980253130198,0.0012166500091552734
2015-03-12,1152.1,0.3945263624191284,0.0035532601177692413,0.00043404102325439453
2015-03-13,1152.6,0.3893645107746124,0.0037864171899855137,0.0006073713302612305
2015-03-16,1153.3,0.38510021567344666,0.003957358654588461,-0.0043354034423828125
2015-03-17,1148.3,0.3815494477748871,0.004085692577064037,0.002699613571166992
2015-03-18,1151.4,0.37867194414138794,0.004198976326733828,0.015372514724731445
2015-03-19,1169.1,0.3762030303478241,0.0042947642505168915,0.01342916488647461
2015-03-20,1184.8,0.3745020031929016,0.004366767592728138,0.0027008056640625
2015-03-23,1188.0,0.373625785112381,0.0044164457358419895,0.003114461898803711
2015-03-24,1191.7,0.3733258843421936,0.004448043182492256,0.004699230194091797
2015-03-25,1197.3,0.373492568731308,0.004465820267796516,0.006514549255371094
2015-03-26,1205.1,0.3738159239292145,0.004475075285881758,-0.004397928714752197
2015-03-27,1199.8,0.3742966055870056,0.004478722345083952,-0.012502074241638184
2015-03-30,1184.8,0.3746243715286255,0.004480576608330011,-0.001434922218322754
2015-03-31,1183.1,0.37476736307144165,0.00448309350758791,0.021130919456481934
2015-04-01,1208.1,0.3749236464500427,0.004482449498027563,-0.005959749221801758
2015-04-02,1200.9,0.37520498037338257,0.004477483220398426,0.014738917350769043
2015-04-06,1218.6,0.3757152855396271,0.004466130398213863,-0.006564915180206299
2015-04-07,1210.6,0.37615373730659485,0.004454423673450947,-0.006195247173309326
2015-04-08,1203.1,0.37642747163772583,0.0044408757239580154,-0.007896244525909424
2015-04-09,1193.6,0.3762158155441284,0.0044310023076832294,0.009215831756591797
2015-04-10,1204.6,0.37567171454429626,0.0044242264702916145,-0.004399716854095459
2015-04-13,1199.3,0.37488222122192383,0.004427293315529823,-0.0054198503494262695
2015-04-14,1192.8,0.5528612732887268,-0.0010920797940343618,0.007293701171875
2015-04-15,1201.5,0.5527971982955933,-0.001087934011593461,-0.0029129981994628906
2015-04-16,1198.0,0.5529749989509583,-0.0010802105534821749,0.0040901899337768555
2015-04-17,1202.9,0.5533552169799805,-0.001078914850950241,-0.007814466953277588
2015-04-20,1193.5,0.5537143349647522,-0.0010837041772902012,0.007876038551330566
2015-04-21,1202.9,0.5540539622306824,-0.0010929652489721775,-0.013301193714141846
2015-04-22,1186.9,0.5542184114456177,-0.0011022919788956642,0.006318926811218262
2015-04-23,1194.4,0.5544505715370178,-0.0011079730466008186,-0.016075074672698975
2015-04-24,1175.2,0.5547367930412292,-0.0011117286048829556,0.023910880088806152
2015-04-27,1203.3,0.5551487803459167,-0.0011175835970789194,0.008892178535461426
2015-04-28,1214.0,0.5556422472000122,-0.001123171765357256,-0.0034595727920532227
2015-04-29,1209.8,0.5562249422073364,-0.0011276635341346264,-0.022648394107818604
2015-04-30,1182.4,0.5568496584892273,-0.0011350023560225964,-0.006681323051452637
2015-05-01,1174.5,0.5572275519371033,-0.0011455768253654242,0.010472536087036133
2015-05-04,1186.8,0.5574155449867249,-0.0011562332510948181,0.005392551422119141
2015-05-05,1193.2,0.5575098991394043,-0.0011655616108328104,-0.0024303793907165527
2015-05-06,1190.3,0.5575832724571228,-0.0011683441698551178,-0.006636977195739746
2015-05-07,1182.4,0.5576391816139221,-0.001171380514279008,0.005666375160217285
2015-05-08,1189.1,0.5576528906822205,-0.0011721812188625336,-0.004961729049682617
2015-05-11,1183.2,0.5574431419372559,-0.001170874573290348,0.007944583892822266
2015-05-12,1192.6,0.5572096109390259,-0.0011654873378574848,0.021633505821228027
2015-05-13,1218.4,0.5571655631065369,-0.0011548264883458614,0.005745291709899902
2015-05-14,1225.4,0.5573185682296753,-0.0011430303566157818,8.153915405273438e-05
2015-05-15,1225.5,0.5577401518821716,-0.0011355895549058914,0.0018768310546875
2015-05-18,1227.8,0.5580476522445679,-0.0011380072683095932,-0.017022311687469482
2015-05-19,1206.9,0.5580312013626099,-0.001149090938270092,0.0016571283340454102
2015-05-20,1208.9,0.5578271150588989,-0.0011609515640884638,-0.00372236967086792
2015-05-21,1204.4,0.5576091408729553,-0.0011690757237374783,-8.302927017211914e-05
2015-05-22,1204.3,0.5572566986083984,-0.00117625598795712,-0.01419919729232788
2015-05-26,1187.2,0.5567445755004883,-0.0011873738840222359,-0.0010949373245239258
2015-05-27,1185.9,0.5561351776123047,-0.0011923161800950766,0.0018551349639892578
2015-05-28,1188.1,0.5555792450904846,-0.0011888367589563131,0.001094222068786621
2015-05-29,1189.4,0.5551133155822754,-0.0011807035189121962,-0.0009248256683349609
2015-06-01,1188.3,0.5545662045478821,-0.0011696591973304749,0.0048809051513671875
2015-06-02,1194.1,0.5541352033615112,-0.001147448318079114,-0.007872045040130615
2015-06-03,1184.7,0.5536599159240723,-0.001117910724133253,-0.008272051811218262
2015-06-04,1174.9,0.553267240524292,-0.001088797813281417,-0.0060430169105529785
2015-06-05,1167.8,0.5526331067085266,-0.0010618886444717646,0.004624009132385254
2015-06-08,1173.2,0.5520873069763184,-0.0010308569762855768,0.003494739532470703
2015-06-09,1177.3,0.5515676736831665,-0.0009978727903217077,0.007474660873413086
2015-06-10,1186.1,0.5510593056678772,-0.0009593528229743242,-0.005227148532867432
2015-06-11,1179.9,0.5506590008735657,-0.0009241339284926653,-0.0009322762489318848
2015-06-12,1178.8,0.5503259897232056,-0.0008933604694902897,0.005514025688171387
2015-06-15,1185.3,0.5502148866653442,-0.0008679274469614029,-0.00404965877532959
2015-06-16,1180.5,0.5502315759658813,-0.000850294716656208,-0.0034731030464172363
2015-06-17,1176.4,0.5504076480865479,-0.0008357991464436054,0.02133631706237793
2015-06-18,1201.5,0.5507320761680603,-0.0008247185032814741,0.0
2015-06-19,1201.5,0.551257312297821,-0.0008232411928474903,-0.01481485366821289
2015-06-22,1183.7,0.5516199469566345,-0.0008273485582321882,-0.006336092948913574
2015-06-23,1176.2,0.5516486167907715,-0.0008379898499697447,-0.0030606985092163086
2015-06-24,1172.6,0.5515652298927307,-0.0008488665334880352,-0.0009380578994750977
2015-06-25,1171.5,0.5513949990272522,-0.0008568959310650826,0.001195073127746582
2015-06-26,1172.9,0.5510205626487732,-0.00086057442240417,0.00477445125579834
2015-06-29,1178.5,0.5509406328201294,-0.0008632752578705549,-0.005939781665802002
2015-06-30,1171.5,0.5508334040641785,-0.0008674780838191509,-0.0021340250968933105
2015-07-01,1169.0,0.5504593253135681,-0.000870217103511095,-0.005132615566253662
2015-07-02,1163.0,0.5500242114067078,-0.0008670035749673843,0.008512496948242188
2015-07-06,1172.9,0.5496923327445984,-0.0008618589490652084,-0.01747804880142212
2015-07-07,1152.4,0.5493084788322449,-0.0008554840460419655,0.009458541870117188
2015-07-08,1163.3,0.5491549372673035,-0.0008485065773129463,-0.003696441650390625
2015-07-09,1159.0,0.5504196882247925,4.067574627697468e-05,-0.0011216998100280762
2015-07-10,1157.7,0.5499421954154968,8.355313912034035e-05,-0.0021594762802124023
2015-07-13,1155.2,0.5493059754371643,0.00013793190009891987,-0.0016446709632873535
2015-07-14,1153.3,0.5487591624259949,0.00018302537500858307,-0.005289256572723389
2015-07-15,1147.2,0.5483429431915283,0.00021531153470277786,-0.0029636621475219727
2015-07-16,1143.8,0.5479821562767029,0.00024322839453816414,-0.010491371154785156
2015-07-17,1131.8,0.547675371170044,0.00026606512255966663,-0.022177159786224365
2015-07-20,1106.7,0.5472562909126282,0.00029697129502892494,-0.0029817819595336914
2015-07-21,1103.4,0.5469309687614441,0.00031934515573084354,-0.010875463485717773
2015-07-22,1091.4,0.546589195728302,0.00034253206104040146,0.0023822784423828125
2015-07-23,1094.0,0.5464081764221191,0.00035253027454018593,-0.00767827033996582
2015-07-24,1085.6,0.5462251305580139,0.00036217691376805305,0.010040521621704102
2015-07-27,1096.5,0.5462305545806885,0.00035699387080967426,-0.00018233060836791992
2015-07-28,1096.3,0.5462751984596252,0.00035111093893647194,-0.003283858299255371
2015-07-29,1092.7,0.546302855014801,0.00034675723873078823,-0.0039351582527160645
2015-07-30,1088.4,0.5462552309036255,0.0003478012513369322,0.005972027778625488
2015-07-31,1094.9,0.5463768243789673,0.00033588241785764694,-0.005023300647735596
2015-08-03,1089.4,0.54660564661026,0.00031679868698120117,0.0011932849884033203
2015-08-04,1090.7,0.546687662601471,0.0003107811789959669,-0.004584193229675293
2015-08-05,1085.7,0.5466035604476929,0.0003185207024216652,0.004144787788391113
2015-08-06,1090.2,0.546507716178894,0.00032641133293509483,0.0035773515701293945
2015-08-07,1094.1,0.546527624130249,0.00032628700137138367,0.009231328964233398
2015-08-10,1104.2,0.5466426610946655,0.00032080383971333504,0.0030791759490966797
2015-08-11,1107.6,0.5468987226486206,0.0003023392055183649,0.014084458351135254
2015-08-12,1123.2,0.5474531054496765,0.00026129488833248615,-0.0066773295402526855
2015-08-13,1115.7,0.547965407371521,0.0002231658436357975,-0.002509593963623047
2015-08-14,1112.9,0.5484253764152527,0.0001887583639472723,0.005121707916259766
2015-08-17,1118.6,0.5489557981491089,0.00014835456386208534,-0.0013409852981567383
2015-08-18,1117.1,0.5493908524513245,0.0001150784082710743,0.009846925735473633
2015-08-19,1128.1,0.549965500831604,7.024756632745266e-05,0.022072553634643555
2015-08-20,1153.0,0.5506793856620789,1.3988697901368141e-05,0.005724191665649414
2015-08-21,1159.6,0.5514354705810547,-4.845624789595604e-05,-0.00534665584564209
2015-08-24,1153.4,0.5521604418754578,-0.00011367234401404858,-0.013178467750549316
2015-08-25,1138.2,0.5522494912147522,-0.00012431293725967407,-0.011948645114898682
2015-08-26,1124.6,0.5519543886184692,-9.848526678979397e-05,-0.0019562244415283203
2015-08-27,1122.4,0.5515374541282654,-5.92302531003952e-05,0.009533047676086426
2015-08-28,1133.1,0.5510427355766296,-1.2931879609823227e-05,-0.0013238191604614258
2015-08-31,1131.6,0.5504739284515381,3.8297614082694054e-05,0.006274223327636719
2015-09-01,1138.7,0.5498887896537781,8.863699622452259e-05,-0.005444765090942383
2015-09-02,1132.5,0.5492697954177856,0.00016072671860456467,-0.00777047872543335
2015-09-03,1123.7,0.5486177206039429,0.0002365380059927702,-0.0027587413787841797
2015-09-04,1120.6,0.5480343699455261,0.00030312174931168556,-0.00017845630645751953
2015-09-08,1120.4,0.547544538974762,0.0003634612075984478,-0.01624429225921631
2015-09-09,1102.2,0.5469710230827332,0.0004239694681018591,0.0066231489181518555
2015-09-10,1109.5,0.546471893787384,0.00047567766159772873,-0.005407869815826416
2015-09-11,1103.5,0.5461219549179077,0.0005107411416247487,0.003805994987487793
2015-09-14,1107.7,0.54588782787323,0.000531331985257566,-0.00442349910736084
2015-09-15,1102.8,0.5455499291419983,0.0005588156636804342,0.01487112045288086
2015-09-16,1119.2,0.5452724695205688,0.0005793236196041107,-0.001697540283203125
2015-09-17,1117.3,0.5453137159347534,0.0005694301798939705,0.018616199493408203
2015-09-18,1138.1,0.5455886721611023,0.0005369564751163125,-0.004393279552459717
2015-09-21,1133.1,0.5457378625869751,0.0005166046321392059,-0.0071485042572021484
2015-09-22,1125.0,0.5458296537399292,0.000500326044857502,0.005866646766662598
2015-09-23,1131.6,0.5459026098251343,0.0004888555267825723,0.01961827278137207
2015-09-24,1153.8,0.5460557341575623,0.0004726930055767298,-0.006760299205780029
2015-09-25,1146.0,0.5460971593856812,0.00046719610691070557,-0.012216389179229736
2015-09-28,1132.0,0.5460748672485352,0.00046422320883721113,-0.004328668117523193
2015-09-29,1127.1,0.5461001992225647,0.0004606957081705332,-0.010291874408721924
2015-09-30,1115.5,0.5461222529411316,0.000462955329567194,-0.0011654496192932129
2015-10-01,1114.2,0.5462314486503601,0.0004617369268089533,0.020552873611450195
2015-10-02,1137.1,0.5931300520896912,-0.001163617940619588,0.0008794069290161133
2015-10-05,1138.1,0.5932351350784302,-0.0011746154632419348,0.0076444149017333984
2015-10-06,1146.8,0.5934699773788452,-0.001201967941597104,0.0019183158874511719
2015-10-07,1149.0,0.5937590003013611,-0.0012360753025859594,-0.0037424564361572266
2015-10-08,1144.7,0.5940649509429932,-0.001274902606382966,0.010133743286132812
2015-10-09,1156.3,0.5944560170173645,-0.0013237034436315298,0.007437467575073242
2015-10-12,1164.9,0.5949153304100037,-0.0013785846531391144,0.0007725954055786133
2015-10-13,1165.8,0.5955058336257935,-0.0014387653209269047,0.012266159057617188
2015-10-14,1180.1,0.5963268876075745,-0.0015135377179831266,0.006609678268432617
2015-10-15,1187.9,0.5971933007240295,-0.0015908863861113787,-0.003619849681854248
2015-10-16,1183.6,0.5980902314186096,-0.0016715428791940212,-0.008702218532562256
2015-10-19,1173.3,0.5989780426025391,-0.001747969537973404,0.004005789756774902
2015-10-20,1178.0,0.5998521447181702,-0.0018203090876340866,-0.008828520774841309
2015-10-21,1167.6,0.6007109880447388,-0.001886230893433094,-0.0008564591407775879
2015-10-22,1166.6,0.6014782786369324,-0.0019403710030019283,-0.002828657627105713
2015-10-23,1163.3,0.6021417379379272,-0.001983114518225193,0.0031806230545043945
2015-10-26,1167.0,0.6028091311454773,-0.002024576533585787,-0.00017136335372924805
2015-10-27,1166.8,0.603492796421051,-0.002064222004264593,0.008827447891235352
2015-10-28,1177.1,0.604113757610321,-0.0020971489138901234,-0.025401413440704346
2015-10-29,1147.2,0.604591965675354,-0.0021208124235272408,-0.004968583583831787
2015-10-30,1141.5,0.6050034761428833,-0.0021410048939287663,-0.00499337911605835
2015-11-02,1135.8,0.6053021550178528,-0.0021551689133048058,-0.019017517566680908
2015-11-03,1114.2,0.6054482460021973,-0.002159265335649252,-0.006910741329193115
2015-11-04,1106.5,0.6054254770278931,-0.0021477313712239265,-0.0018978714942932129
2015-11-05,1104.4,0.6052902340888977,-0.002127513289451599,-0.015211939811706543
2015-11-06,1087.6,0.6049044728279114,-0.0020851087756454945,0.0002758502960205078
2015-11-09,1087.9,0.6043862104415894,-0.002030550967901945,0.00027573108673095703
2015-11-10,1088.2,0.603783130645752,-0.00196934025734663,-0.0032163262367248535
2015-11-11,1084.7,0.6031618118286133,-0.0019062752835452557,-0.0035953521728515625
2015-11-12,1080.8,0.6025405526161194,-0.0018413062207400799,0.0
2015-11-13,1080.8,0.6019206643104553,-0.001771833747625351,0.0026831626892089844
2015-11-16,1083.7,0.6012892127037048,-0.0017025233246386051,-0.013841450214385986
2015-11-17,1068.7,0.600662350654602,-0.0016338080167770386,9.369850158691406e-05
2015-11-18,1068.8,0.6000248789787292,-0.0015699167270213366,0.008607745170593262
2015-11-19,1078.0,0.5994975566864014,-0.001521244877949357,-0.001484215259552002
2015-11-20,1076.4,0.5989792346954346,-0.0014763451181352139,-0.008918583393096924
2015-11-23,1066.8,0.5984868407249451,-0.0014336800668388605,0.007030367851257324
2015-11-24,1074.3,0.5980861783027649,-0.001398617634549737,-0.0035372376441955566
2015-11-25,1070.5,0.597743809223175,-0.0013678742107003927,-0.01335829496383667
2015-11-27,1056.2,0.5974287986755371,-0.0013372155372053385,0.009089231491088867
2015-11-30,1065.8,0.5971879959106445,-0.0013092684093862772,-0.001876533031463623
2015-12-01,1063.8,0.5970805883407593,-0.0012933446560055017,-0.009024322032928467
2015-12-02,1054.2,0.5970272421836853,-0.0012782937847077847,0.007114410400390625
2015-12-03,1061.7,0.5970227718353271,-0.001272166846320033,0.02147507667541504
2015-12-04,1084.5,0.5970081090927124,-0.0012746145948767662,-0.007468879222869873
2015-12-07,1076.4,0.5970252752304077,-0.0012796309310942888,-9.28640365600586e-05
2015-12-08,1076.3,0.5970671772956848,-0.001283782534301281,0.0012078285217285156
2015-12-09,1077.6,0.5972015857696533,-0.001295178197324276,-0.004175961017608643
2015-12-10,1073.1,0.5972810387611389,-0.001301363343372941,0.003541231155395508
2015-12-11,1076.9,0.5974760055541992,-0.0013094856403768063,-0.01132887601852417
2015-12-14,1064.7,0.597549557685852,-0.0013078288175165653,-0.0016905665397644043
2015-12-15,1062.9,0.5974500179290771,-0.001298022922128439,0.014206409454345703
2015-12-16,1078.0,0.5972686409950256,-0.0012932328972965479,-0.02523183822631836
2015-12-17,1050.8,0.5969613194465637,-0.00127481110394001,0.014655351638793945
2015-12-18,1066.2,0.5967178344726562,-0.0012556698638945818,0.014725208282470703
2015-12-21,1081.9,0.5965210199356079,-0.0012409740593284369,-0.006562530994415283
2015-12-22,1074.8,0.5963155031204224,-0.0012307071592658758,-0.0050241947174072266
2015-12-23,1069.4,0.5960685610771179,-0.001222090097144246,0.007293701171875
2015-12-24,1077.2,0.5958775877952576,-0.0012212817091494799,-0.006219804286956787
2015-12-28,1070.5,0.5957295298576355,-0.0012216747272759676,0.006538987159729004
2015-12-29,1077.5,0.5134204030036926,0.002143131336197257,-0.016148507595062256
2015-12-30,1060.1,0.513459324836731,0.002144233090803027,0.00018870830535888672
2015-12-31,1060.3,0.5134571194648743,0.0021429734770208597,0.013958215713500977
2016-01-04,1075.1,0.5133964419364929,0.002139277057722211,0.0030695199966430664
2016-01-05,1078.4,0.5133353471755981,0.002137057948857546,0.012518525123596191
2016-01-06,1091.9,0.5132771134376526,0.002133512869477272,0.014470100402832031
2016-01-07,1107.7,0.5131668448448181,0.0021253847517073154,-0.008937358856201172
2016-01-08,1097.8,0.5129998326301575,0.0021138014271855354,-0.001184225082397461
2016-01-11,1096.5,0.5128656625747681,0.00210363301448524,-0.009940743446350098
2016-01-12,1085.6,0.5127943754196167,0.00209456286393106,0.0017502307891845703
2016-01-13,1087.5,0.5127142071723938,0.002080061938613653,-0.012505710124969482
2016-01-14,1073.9,0.5126641392707825,0.00206656358204782,0.016388893127441406
2016-01-15,1091.5,0.5125870704650879,0.002050678711384535,-0.0014658570289611816
2016-01-19,1089.9,0.5125239491462708,0.002035710960626602,0.015781164169311523
2016-01-20,1107.1,0.5124521851539612,0.002020985586568713,-0.007226109504699707
2016-01-21,1099.1,0.5124061703681946,0.0020078574307262897,-0.0017287135124206543
2016-01-22,1097.2,0.5124433636665344,0.0020004119724035263,0.008202672004699707
2016-01-25,1106.2,0.5124926567077637,0.001991237048059702,0.014011979103088379
2016-01-26,1121.7,0.5125882029533386,0.0019858465529978275,-0.004992425441741943
2016-01-27,1116.1,0.5126930475234985,0.001978314947336912,-0.00044798851013183594
2016-01-28,1115.6,0.5128192901611328,0.0019710087217390537,0.0007171630859375
2016-01-29,1116.4,0.5129795074462891,0.0019686976447701454,0.010300993919372559
2016-02-01,1127.9,0.5131657719612122,0.0019688219763338566,-0.0005319118499755859
2016-02-02,1127.3,0.5133342742919922,0.001965128816664219,0.01241910457611084
2016-02-03,1141.3,0.5135248899459839,0.0019627029541879892,0.014281868934631348
2016-02-04,1157.6,0.5137149691581726,0.0019629427697509527,0.0001728534698486328
2016-02-05,1157.8,0.5138524770736694,0.0019621956162154675,0.03463459014892578
2016-02-08,1197.9,0.5139542818069458,0.0019641367252916098,0.0006678104400634766
2016-02-09,1198.7,0.5140469670295715,0.0019691267516463995,-0.003336966037750244
2016-02-10,1194.7,0.5141521692276001,0.0019767775665968657,0.04453003406524658
2016-02-11,1247.9,0.5142658948898315,0.0019926559180021286,-0.00705188512802124
2016-02-12,1239.1,0.5144026279449463,0.0020130120683461428,-0.025179505348205566
2016-02-16,1207.9,0.5145635604858398,0.0020355000160634518,0.0026491880416870117
2016-02-17,1211.1,0.5147647857666016,0.002060357481241226,0.01238548755645752
2016-02-18,1226.1,0.5149857401847839,0.002083065453916788,0.0035071372985839844
2016-02-19,1230.4,0.5152435898780823,0.002103703562170267,-0.016986370086669922
2016-02-22,1209.5,0.5155138373374939,0.002122230129316449,0.010582923889160156
2016-02-23,1222.3,0.5157480835914612,0.002136469352990389,0.013417243957519531
2016-02-24,1238.7,0.5159434676170349,0.002148672007024288,-0.0004036426544189453
2016-02-25,1238.2,0.5161270499229431,0.00216524675488472,-0.014860212802886963
2016-02-26,1219.8,0.5162623524665833,0.002177959540858865,0.011559247970581055
2016-02-29,1233.9,0.5163621306419373,0.002188051352277398,-0.0029175877571105957
2016-03-01,1230.3,0.5164692997932434,0.0022013119887560606,0.00877833366394043
2016-03-02,1241.1,0.5165731310844421,0.002215406857430935,0.013133525848388672
2016-03-03,1257.4,0.5166782140731812,0.0022299287375062704,0.00994110107421875
2016-03-04,1269.9,0.5167568922042847,0.0022449586540460587,-0.005276083946228027
2016-03-07,1263.2,0.5168027281761169,0.0022585629485547543,-0.0008707642555236816
2016-03-08,1262.1,0.5168101191520691,0.002267806325107813,-0.004357814788818359
2016-03-09,1256.6,0.5167936682701111,0.002276361221447587,0.012255311012268066
2016-03-10,1272.0,0.5167841911315918,0.0022860108874738216,-0.01045602560043335
2016-03-11,1258.7,0.5167804956436157,0.0022979797795414925,-0.011360883712768555
2016-03-14,1244.4,0.5167585611343384,0.0023086033761501312,-0.01125037670135498
2016-03-15,1230.4,0.5167297124862671,0.002317435573786497,-0.000894010066986084
2016-03-16,1229.3,0.5167466998100281,0.002326236106455326,0.028634190559387207
2016-03-17,1264.5,0.5168054699897766,0.0023386713583022356,-0.008461833000183105
2016-03-18,1253.8,0.5168775916099548,0.0023518528323620558,-0.007975757122039795
2016-03-21,1243.8,0.5169469118118286,0.002365519991144538,0.003537416458129883
2016-03-22,1248.2,0.5169990062713623,0.0023804313968867064,-0.019628286361694336
2016-03-23,1223.7,0.5170340538024902,0.0023918584920465946,-0.0018795132637023926
2016-03-24,1221.4,0.5170590281486511,0.002402117708697915,-0.0012280941009521484
2016-03-28,1219.9,0.5496480464935303,-0.00037392531521618366,0.012869834899902344
2016-03-29,1235.6,0.549863874912262,-0.00039608473889529705,-0.0070410966873168945
2016-03-30,1226.9,0.550171971321106,-0.00042766123078763485,0.005949854850769043
2016-03-31,1234.2,0.5506786108016968,-0.0004658815450966358,-0.009722888469696045
2016-04-01,1222.2,0.5512455105781555,-0.0005131110083311796,-0.0034363865852355957
2016-04-04,1218.0,0.5518897175788879,-0.0005589574575424194,0.008538603782653809
2016-04-05,1228.4,0.5527034401893616,-0.000599804800003767,-0.004803001880645752
2016-04-06,1222.5,0.5535098314285278,-0.0006462072487920523,0.011206507682800293
2016-04-07,1236.2,0.554469883441925,-0.0006857544649392366,0.005096316337585449
2016-04-08,1242.5,0.555465817451477,-0.0007276148535311222,0.011428475379943848
2016-04-11,1256.7,0.5564991235733032,-0.0007650840561836958,0.0021485090255737305
2016-04-12,1259.4,0.5574047565460205,-0.0008051891345530748,-0.010004758834838867
2016-04-13,1246.8,0.5581483244895935,-0.000850222073495388,-0.01748478412628174
2016-04-14,1225.0,0.5586670637130737,-0.0008919755928218365,0.006612181663513184
2016-04-15,1233.1,0.5591387152671814,-0.0009342923294752836,0.00040543079376220703
2016-04-18,1233.6,0.5595476627349854,-0.0009769578464329243,0.015726327896118164
2016-04-19,1253.0,0.5599747896194458,-0.0010182689875364304,0.0001596212387084961
2016-04-20,1253.2,0.5603005290031433,-0.001052462961524725,-0.0033513903617858887
2016-04-21,1249.0,0.5605087280273438,-0.0010731229558587074,-0.01625305414199829
2016-04-22,1228.7,0.5605344772338867,-0.0010869780089706182,0.008301496505737305
2016-04-25,1238.9,0.5604548454284668,-0.0010881565976887941,0.0026636123657226562
2016-04-26,1242.2,0.5602758526802063,-0.0010812634136527777,0.0056351423263549805
2016-04-27,1249.2,0.5601614713668823,-0.00107522401958704,0.013048410415649414
2016-04-28,1265.5,0.5602248311042786,-0.0010646914597600698,0.018727779388427734
2016-04-29,1289.2,0.5605002045631409,-0.0010541644878685474,0.004266262054443359
2016-05-02,1294.7,0.5608225464820862,-0.0010504401288926601,-0.0030895471572875977
2016-05-03,1290.7,0.5612699389457703,-0.0010487136896699667,-0.013480961322784424
2016-05-04,1273.3,0.5617519617080688,-0.001048506237566471,-0.0014922022819519043
2016-05-05,1271.4,0.562240481376648,-0.001052676234394312,0.016910433769226074
2016-05-06,1292.9,0.5626851916313171,-0.0010630344040691853,-0.021115362644195557
2016-05-09,1265.6,0.5630270838737488,-0.0010776622220873833,-0.0013431906700134277
2016-05-10,1263.9,0.5632627010345459,-0.0011003331746906042,0.008465766906738281
2016-05-11,1274.6,0.5635694861412048,-0.001121097942814231,-0.003373563289642334
2016-05-12,1270.3,0.5638518929481506,-0.0011424361728131771,0.0012595653533935547
2016-05-13,1271.9,0.5641681551933289,-0.0011601829901337624,0.001179337501525879
2016-05-16,1273.4,0.5644218921661377,-0.0011801256332546473,0.00219881534576416
2016-05-17,1276.2,0.564673125743866,-0.0011935648508369923,-0.0019589662551879883
2016-05-18,1273.7,0.5647215247154236,-0.0011944829020649195,-0.015309751033782959
2016-05-19,1254.2,0.5646176934242249,-0.0011850523296743631,-0.00143510103225708
2016-05-20,1252.4,0.5643855929374695,-0.0011758795008063316,-0.0010380744934082031
2016-05-23,1251.1,0.5641031861305237,-0.0011624081525951624,-0.017744362354278564
2016-05-24,1228.9,0.5636698603630066,-0.0011546993628144264,-0.004394173622131348
2016-05-25,1223.5,0.5631473064422607,-0.001150153111666441,-0.002778947353363037
2016-05-26,1220.1,0.5626656413078308,-0.0011506485752761364,-0.005163431167602539
2016-05-27,1213.8,0.5621703863143921,-0.0011536763049662113,0.0008238554000854492
2016-05-31,1214.8,0.5617165565490723,-0.0011510944459587336,-0.00238722562789917
2016-06-01,1211.9,0.5613110065460205,-0.0011459526140242815,-0.0017327666282653809
2016-06-02,1209.8,0.561008870601654,-0.001145870191976428,0.025045394897460938
2016-06-03,1240.1,0.561086893081665,-0.0011572493240237236,0.0036287307739257812
2016-06-06,1244.6,0.561397910118103,-0.0011783202644437551,-0.00016063451766967773
2016-06-07,1244.4,0.5618932247161865,-0.001204819418489933,0.012375473976135254
2016-06-08,1259.8,0.5625646114349365,-0.001236745622009039,0.008255243301391602
2016-06-09,1270.2,0.5633919835090637,-0.0012707754503935575,0.002519369125366211
2016-06-10,1273.4,0.5643682479858398,-0.0012961153406649828,0.008638262748718262
2016-06-13,1284.4,0.5655085444450378,-0.0013026641681790352,0.0009342432022094727
2016-06-14,1285.6,0.5666810274124146,-0.0013079899363219738,0.00015556812286376953
2016-06-15,1285.8,0.5678597688674927,-0.0013195257633924484,0.008010506629943848
2016-06-16,1296.1,0.5690600872039795,-0.0013433836866170168,-0.0027775168418884277
2016-06-17,1292.5,0.5701659321784973,-0.0013712660875171423,-0.0019342303276062012
2016-06-20,1290.0,0.5711054801940918,-0.0014051110483705997,-0.015116274356842041
2016-06-21,1270.5,0.5673688650131226,-0.0016006175428628922,-0.0019677281379699707
2016-06-22,1268.0,0.5675005316734314,-0.0016158493235707283,-0.005362808704376221
2016-06-23,1261.2,0.567584753036499,-0.001619094517081976,0.046622276306152344
2016-06-24,1320.0,0.5677181482315063,-0.001631101593375206,0.0018939971923828125
2016-06-27,1322.5,0.5678770542144775,-0.001643214374780655,-0.005444169044494629
2016-06-28,1315.3,0.5680512189865112,-0.001653069630265236,0.00653839111328125
2016-06-29,1323.9,0.5682515501976013,-0.001663027796894312,-0.004154384136199951
2016-06-30,1318.4,0.5684660077095032,-0.001674917060881853,0.013880372047424316
2016-07-01,1336.7,0.568740725517273,-0.0016879327595233917,0.014737844467163086
2016-07-05,1356.4,0.5690926313400269,-0.001704733818769455,0.006266593933105469
2016-07-06,1364.9,0.5694794058799744,-0.0017226873897016048,-0.0035167932510375977
2016-07-07,1360.1,0.5698491334915161,-0.0017402945086359978,-0.0025733113288879395
2016-07-08,1356.6,0.5702110528945923,-0.0017581083811819553,-0.0011793971061706543
2016-07-11,1355.0,0.5705221891403198,-0.0017756312154233456,-0.015424370765686035
2016-07-12,1334.1,0.5707221627235413,-0.0017893388867378235,0.006221413612365723
2016-07-13,1342.4,0.5708935260772705,-0.0018004514276981354,-0.008268773555755615
2016-07-14,1331.3,0.5710092186927795,-0.0018085022456943989,-0.0036055445671081543
2016-07-15,1326.5,0.5710464715957642,-0.00181277422234416,0.0014322996139526367
2016-07-18,1328.4,0.5710424780845642,-0.0018145618960261345,0.0023336410522460938
2016-07-19,1331.5,0.5710235238075256,-0.0018156166188418865,-0.009538054466247559
2016-07-20,1318.8,0.5709649324417114,-0.0018159043975174427,0.008871674537658691
2016-07-21,1330.5,0.5709142088890076,-0.0018168347887694836,-0.00556182861328125
2016-07-22,1323.1,0.5708500742912292,-0.0018176566809415817,-0.002871990203857422
2016-07-25,1319.3,0.5707764625549316,-0.0018185698427259922,0.001061081886291504
2016-07-26,1320.7,0.5707091093063354,-0.0018193847499787807,0.004467368125915527
2016-07-27,1326.6,0.5706833600997925,-0.0018209060654044151,0.004296779632568359
2016-07-28,1332.3,0.5706988573074341,-0.0018231100402772427,0.012534618377685547
2016-07-29,1349.0,0.5708222389221191,-0.0018259789794683456,0.0017790794372558594
2016-08-01,1351.4,0.5709801912307739,-0.0018298099748790264,0.009619712829589844
2016-08-02,1364.4,0.5711582899093628,-0.0018328591249883175,-0.006083309650421143
2016-08-03,1356.1,0.5713151097297668,-0.0018353709019720554,0.0019910335540771484
2016-08-04,1358.8,0.5714720487594604,-0.0018388018943369389,-0.016485154628753662
2016-08-05,1336.4,0.5715504288673401,-0.0018410403281450272,-0.0022448301315307617
2016-08-08,1333.4,0.5715760588645935,-0.0018429532647132874,0.0041997432708740234
2016-08-09,1339.0,0.5716010332107544,-0.0018452517688274384,0.003958225250244141
2016-08-10,1344.3,0.5716681480407715,-0.0018482464365661144,-0.0013390183448791504
2016-08-11,1342.5,0.5717169642448425,-0.001850414089858532,-0.004990637302398682
2016-08-12,1335.8,0.5717810392379761,-0.0018529496155679226,0.0033687353134155273
2016-08-15,1340.3,0.5718396902084351,-0.001855798065662384,0.007610201835632324
2016-08-16,1350.5,0.5719131231307983,-0.001857406459748745,-0.0057756900787353516
2016-08-17,1342.7,0.5719884634017944,-0.0018576877191662788,0.0063304901123046875
2016-08-18,1351.2,0.5721049904823303,-0.0018577841110527515,-0.007992863655090332
2016-08-19,1340.4,0.5721972584724426,-0.0018572197295725346,-0.0020143985748291016
2016-08-22,1337.7,0.5722806453704834,-0.0018581235781311989,0.002167940139770508
2016-08-23,1340.6,0.5723569989204407,-0.0018599675968289375,-0.012084126472473145
2016-08-24,1324.4,0.5723928809165955,-0.0018620067276060581,-0.003246784210205078
2016-08-25,1320.1,0.5723863244056702,-0.0018629156984388828,0.00106048583984375
2016-08-26,1321.5,0.5723148584365845,-0.0018626111559569836,0.001059412956237793
2016-08-29,1322.9,0.5722339749336243,-0.0018622847273945808,-0.00846630334854126
2016-08-30,1311.7,0.5721290111541748,-0.0018621869385242462,-0.0036593079566955566
2016-08-31,1306.9,0.5720042586326599,-0.0018614823929965496,0.004055380821228027
2016-09-01,1312.2,0.5718932151794434,-0.0018601627089083195,0.0075446367263793945
2016-09-02,1322.1,0.5717906355857849,-0.0018573757261037827,0.020648956298828125
2016-09-06,1349.4,0.5717834234237671,-0.0018557310104370117,-0.0037794113159179688
2016-09-07,1344.3,0.5718305110931396,-0.0018551461398601532,-0.005579113960266113
2016-09-08,1336.8,0.571862518787384,-0.001854150090366602,-0.005012035369873047
2016-09-09,1330.1,0.5718176960945129,-0.0018528439104557037,-0.006841599941253662
2016-09-12,1321.0,0.5717094540596008,-0.0018473612144589424,-0.0015140175819396973
2016-09-13,1319.0,0.5715214610099792,-0.001840519718825817,0.0018954277038574219
2016-09-14,1321.5,0.5713069438934326,-0.0018318351358175278,-0.006053745746612549
2016-09-15,1313.5,0.5227675437927246,-0.0009155410807579756,-0.005862176418304443
2016-09-16,1305.8,0.5224547982215881,-0.0009131981059908867,0.0058966875076293945
2016-09-19,1313.5,0.5221838355064392,-0.000908395741134882,0.00015223026275634766
2016-09-20,1313.7,0.5219539403915405,-0.0009016774129122496,0.0100480318069458
2016-09-21,1326.9,0.5218550562858582,-0.0008920570835471153,0.010174036026000977
2016-09-22,1340.4,0.5218996405601501,-0.0008810246363282204,-0.002387404441833496
2016-09-23,1337.2,0.5220164656639099,-0.0008718653116375208,0.0018695592880249023
2016-09-26,1339.7,0.5221437811851501,-0.0008654941339045763,-0.010300755500793457
2016-09-27,1325.9,0.5223293900489807,-0.0008600060828030109,-0.004902303218841553
2016-09-28,1319.4,0.522550642490387,-0.0008553990628570318,0.0017431974411010742
2016-09-29,1321.7,0.5227457284927368,-0.0008533657528460026,-0.006355404853820801
2016-09-30,1313.3,0.5229102969169617,-0.0008525135926902294,-0.003274202346801758
2016-10-03,1309.0,0.5230200290679932,-0.0008536325767636299,-0.03262031078338623
2016-10-04,1266.3,0.5230221748352051,-0.0008570572827011347,-0.0008687376976013184
2016-10-05,1265.2,0.5229805111885071,-0.0008594340179115534,-0.012171924114227295
2016-10-06,1249.8,0.5228959321975708,-0.000860447995364666,-0.0007201433181762695
2016-10-07,1248.9,0.5227909684181213,-0.0008593152742832899,0.003282904624938965
2016-10-11,1253.0,0.5226036310195923,-0.0008568733464926481,-0.0015164017677307129
2016-10-12,1251.1,0.5223369002342224,-0.0008522721473127604,0.0031173229217529297
2016-10-13,1255.0,0.522034764289856,-0.0008454008493572474,-0.0015139579772949219
2016-10-14,1253.1,0.5216935873031616,-0.0008369451388716698,0.0010374784469604492
2016-10-17,1254.4,0.5213742852210999,-0.0008270731195807457,0.005102038383483887
2016-10-18,1260.8,0.5211314558982849,-0.0008145042229443789,0.0056313276290893555
2016-10-19,1267.9,0.5209566354751587,-0.0008008487056940794,-0.0018140673637390137
2016-10-20,1265.6,0.5208430886268616,-0.0007873815484344959,0.0002371072769165039
2016-10-21,1265.9,0.520794689655304,-0.0007740315049886703,-0.0030808448791503906
2016-10-24,1262.0,0.5207719802856445,-0.0007612865883857012,0.007844686508178711
2016-10-25,1271.9,0.5207595825195312,-0.0007503994274884462,-0.005582153797149658
2016-10-26,1264.8,0.5207260251045227,-0.000737369991838932,0.0024509429931640625
2016-10-27,1267.9,0.5206153392791748,-0.0007256127428263426,0.005994200706481934
2016-10-28,1275.5,0.5204319357872009,-0.000718072522431612,-0.0031360387802124023
2016-10-31,1271.5,0.5202149152755737,-0.0007123567629605532,0.011718511581420898
2016-11-01,1286.4,0.5199480056762695,-0.0007096559274941683,0.015858173370361328
2016-11-02,1306.8,0.5196566581726074,-0.0007103525567799807,-0.0035966038703918457
2016-11-03,1302.1,0.5192812085151672,-0.0007142426911741495,0.0009216070175170898
2016-11-04,1303.3,0.5188853740692139,-0.0007190564647316933,-0.01918208599090576
2016-11-07,1278.3,0.5185688734054565,-0.0007191316690295935,-0.0038332343101501465
2016-11-08,1273.4,0.5182770490646362,-0.000716593349352479,-0.0006282925605773926
2016-11-09,1272.6,0.5179532766342163,-0.0007182140834629536,-0.005579113960266113
2016-11-10,1265.5,0.5176116228103638,-0.0007188622839748859,-0.03500598669052124
2016-11-14,1221.2,0.5172973275184631,-0.0007098931819200516,0.0022928714752197266
2016-11-15,1224.0,0.5170642733573914,-0.0006923566106706858,-0.0004901885986328125
2016-11-16,1223.4,0.5168685913085938,-0.0006707014981657267,-0.0056400299072265625
2016-11-17,1216.5,0.5166684985160828,-0.0006368265021592379,-0.006576240062713623
2016-11-18,1208.5,0.5164442658424377,-0.000581781379878521,0.0009101629257202148
2016-11-21,1209.6,0.5162546634674072,-0.0005229224916547537,0.0011574029922485352
2016-11-22,1211.0,0.5161120891571045,-0.00046252598986029625,-0.018084228038787842
2016-11-23,1189.1,0.5159734487533569,-0.0004003280773758888,-0.009166598320007324
2016-11-25,1178.2,0.515854001045227,-0.00033706845715641975,0.010524511337280273
2016-11-28,1190.6,0.5157561302185059,-0.00027624331414699554,-0.0022677183151245117
2016-11-29,1187.9,0.5155876874923706,-0.00021891016513109207,-0.01439511775970459
2016-11-30,1170.8,0.5153298377990723,-0.00016439985483884811,-0.0033310651779174805
2016-12-01,1166.9,0.5149779319763184,-0.00011467374861240387,0.007027149200439453
2016-12-02,1175.1,0.5146527886390686,-6.965547800064087e-05,-0.0009360909461975098
2016-12-05,1174.0,0.5144315361976624,-3.094668500125408e-05,-0.0054514408111572266
2016-12-06,1167.6,0.5143193602561951,4.2049214243888855e-06,0.006337761878967285
2016-12-07,1175.0,0.5143453478813171,3.53280920535326e-05,-0.004425466060638428
2016-12-08,1169.8,0.514384925365448,6.160885095596313e-05,-0.00889045000076294
2016-12-09,1159.4,0.5143871307373047,8.445698767900467e-05,0.0035363435745239258
2016-12-12,1163.5,0.5143048763275146,0.00010416028089821339,-0.005844473838806152
2016-12-13,1156.7,0.5622485876083374,-0.0015137868467718363,0.003976941108703613
2016-12-14,1161.3,0.5627796053886414,-0.0015453197993338108,-0.02884697914123535
2016-12-15,1127.8,0.5615375638008118,-0.0014746887609362602,0.006650090217590332
2016-12-16,1135.3,0.5591598153114319,-0.001337168039754033,0.004580259323120117
2016-12-19,1140.5,0.5564863085746765,-0.0011769197881221771,-0.007891297340393066
2016-12-20,1131.5,0.5536078214645386,-0.0010014038998633623,-0.0003535151481628418
2016-12-21,1131.1,0.5510141253471375,-0.0008402075618505478,-0.0020333528518676758
2016-12-22,1128.8,0.5488049983978271,-0.0007002826314419508,0.0027462244033813477
2016-12-23,1131.9,0.5471892356872559,-0.000593752134591341,0.004770755767822266
2016-12-27,1137.3,0.5461312532424927,-0.0005199420265853405,0.0018464326858520508
2016-12-28,1139.4,0.5456839203834534,-0.00048161158338189125,0.01492011547088623
2016-12-29,1156.4,0.546152651309967,-0.0004974594339728355,-0.00553441047668457
2016-12-30,1150.0,0.5474424362182617,-0.0005640317685902119,0.009043455123901367
2017-01-03,1160.4,0.5494129061698914,-0.0006658427882939577,0.0029300451278686523
2017-01-04,1163.8,0.5520876049995422,-0.0008081251289695501,0.013662099838256836
2017-01-05,1179.7,0.5561626553535461,-0.0010330448858439922,-0.006611764430999756
2017-01-06,1171.9,0.5606569647789001,-0.0012849017512053251,0.00989842414855957
2017-01-09,1183.5,0.5655654072761536,-0.0015639334451407194,0.0005913972854614258
2017-01-10,1184.2,0.5704861879348755,-0.0018473723903298378,0.00962674617767334
2017-01-11,1195.6,0.5746927261352539,-0.0020649288780987263,0.002760171890258789
2017-01-12,1198.9,0.578629732131958,-0.0022616153582930565,-0.0030027031898498535
2017-01-13,1195.3,0.5820664763450623,-0.002436585258692503,0.013971328735351562
2017-01-17,1212.0,0.5855189561843872,-0.00261891121044755,-0.0005775094032287598
2017-01-18,1211.3,0.5881205201148987,-0.0027604112401604652,-0.008585810661315918
2017-01-19,1200.9,0.5893915295600891,-0.0028362716548144817,0.0028312206268310547
2017-01-20,1204.3,0.589717447757721,-0.0028654206544160843,0.008884787559509277
2017-01-23,1215.0,0.5897564888000488,-0.0028815101832151413,-0.003868281841278076
2017-01-24,1210.3,0.5892977714538574,-0.0028714779764413834,-0.010741114616394043
2017-01-25,1197.3,0.588260293006897,-0.002832959406077862,-0.00651472806930542
2017-01-26,1189.5,0.586792528629303,-0.0027709687128663063,-0.0011770129203796387
2017-01-27,1188.1,0.5850975513458252,-0.002694896887987852,0.004292488098144531
2017-01-30,1193.2,0.5831883549690247,-0.0026072761975228786,0.012906432151794434
2017-01-31,1208.6,0.5817559361457825,-0.0025446866638958454,-0.0024822354316711426
2017-02-01,1205.6,0.5806096792221069,-0.002496217843145132,0.009207010269165039
2017-02-02,1216.7,0.5798085927963257,-0.002462844830006361,0.001479506492614746
2017-02-03,1218.5,0.5794548392295837,-0.0024488246999680996,0.009437799453735352
2017-02-06,1230.0,0.5798449516296387,-0.0024688956327736378,0.003414630889892578
2017-02-07,1234.2,0.5808451771736145,-0.002515312284231186,0.002754807472229004
2017-02-08,1237.6,0.5825833678245544,-0.0025951811112463474,-0.0020200610160827637
2017-02-09,1235.1,0.5845080614089966,-0.002681565470993519,-0.0005667209625244141
2017-02-10,1234.4,0.5864362716674805,-0.0027668578550219536,-0.008101105690002441
2017-02-13,1224.4,0.588078498840332,-0.0028377752751111984,-0.00040835142135620117
2017-02-14,1223.9,0.5892300009727478,-0.0028838845901191235,0.006373047828674316
2017-02-15,1231.7,0.5898357629776001,-0.0029073874466121197,0.0067386627197265625
2017-02-16,1240.0,0.5905877351760864,-0.0029429919086396694,-0.0019354820251464844
2017-02-17,1237.6,0.5915170907974243,-0.002987456042319536,-8.07642936706543e-05
2017-02-21,1237.5,0.5924901962280273,-0.0030318880453705788,-0.004444420337677002
2017-02-22,1232.0,0.5934416651725769,-0.003074909560382366,0.014772653579711914
2017-02-23,1250.2,0.594784677028656,-0.0031374902464449406,0.005359172821044922
2017-02-24,1256.9,0.596827507019043,-0.0032340632751584053,0.00039780139923095703
2017-02-27,1257.4,0.5990070700645447,-0.003338322974741459,-0.003817439079284668
2017-02-28,1252.6,0.601036012172699,-0.003436724189668894,-0.002953827381134033
2017-03-01,1248.9,0.6023656129837036,-0.00349819241091609,-0.013611972332000732
2017-03-02,1231.9,0.6026281714439392,-0.003506024368107319,-0.005195260047912598
2017-03-03,1225.5,0.6021918058395386,-0.0034819776192307472,-0.0008159875869750977
2017-03-06,1224.5,0.6011436581611633,-0.003428948111832142,-0.007676601409912109
2017-03-07,1215.1,0.599354088306427,-0.003339547198265791,-0.005431652069091797
2017-03-08,1208.5,0.5966747999191284,-0.0032056085765361786,-0.00504755973815918
2017-03-09,1202.4,0.5932997465133667,-0.003038065042346716,-0.001413881778717041
2017-03-10,1200.7,0.5899361968040466,-0.0028732744976878166,0.001415848731994629
2017-03-13,1202.4,0.5561792254447937,-0.0021849132608622313,-0.0004158616065979004
2017-03-14,1201.9,0.5558821558952332,-0.002170264022424817,-0.0014976859092712402
2017-03-15,1200.1,0.5557118058204651,-0.002160507021471858,0.021998167037963867
2017-03-16,1226.5,0.5556111931800842,-0.0021509521175175905,0.0026906728744506836
2017-03-17,1229.8,0.5555679202079773,-0.0021427127066999674,0.00308990478515625
2017-03-20,1233.6,0.5555810928344727,-0.002136857947334647,0.010132908821105957
2017-03-21,1246.1,0.5556411147117615,-0.0021315726917237043,0.0025681257247924805
2017-03-22,1249.3,0.5557589530944824,-0.002129536820575595,-0.0019211173057556152
2017-03-23,1246.9,0.5558854937553406,-0.0021300630178302526,0.001042485237121582
2017-03-24,1248.2,0.5560292601585388,-0.0021330772433429956,0.005768418312072754
2017-03-27,1255.4,0.5562026500701904,-0.00213776552118361,-7.963180541992188e-05
2017-03-28,1255.3,0.5563554763793945,-0.00214362028054893,-0.0015136003494262695
2017-03-29,1253.4,0.5565086603164673,-0.002151621738448739,-0.006701767444610596
2017-03-30,1245.0,0.5566213726997375,-0.0021605880465358496,0.001847386360168457
2017-03-31,1247.3,0.5567247271537781,-0.002170120133087039,0.00280606746673584
2017-04-03,1250.8,0.5568677186965942,-0.0021819358225911856,0.0033577680587768555
2017-04-04,1255.0,0.5570322871208191,-0.0021942018065601587,-0.007649362087249756
2017-04-05,1245.4,0.5571943521499634,-0.00220725336112082,0.003934502601623535
2017-04-06,1250.3,0.5573784112930298,-0.0022210904862731695,0.0031992197036743164
2017-04-07,1254.3,0.5575209259986877,-0.002233287086710334,-0.002551257610321045
2017-04-10,1251.1,0.5576426386833191,-0.002244858769699931,0.01606583595275879
2017-04-11,1271.2,0.5578085780143738,-0.0022569631692022085,0.0032253265380859375
2017-04-12,1275.3,0.5580132007598877,-0.0022707784082740545,0.008311748504638672
2017-04-13,1285.9,0.5582706332206726,-0.002286013448610902,0.0027217864990234375
2017-04-17,1289.4,0.5585625171661377,-0.0023022915702313185,0.0017837285995483398
2017-04-18,1291.7,0.558923065662384,-0.002320754574611783,-0.007973909378051758
2017-04-19,1281.4,0.5592405796051025,-0.0023354801815003157,0.00039017200469970703
2017-04-20,1281.9,0.5595312118530273,-0.0023492451291531324,0.004290461540222168
2017-04-21,1287.4,0.5597742795944214,-0.0023622445296496153,-0.009010374546051025
2017-04-24,1275.8,0.5600076913833618,-0.002373642986640334,-0.007995069026947021
2017-04-25,1265.6,0.5601317882537842,-0.0023810856509953737,-0.002765476703643799
2017-04-26,1262.1,0.5602009892463684,-0.002386191627010703,0.0012676715850830078
2017-04-27,1263.7,0.5602507591247559,-0.002389502013102174,0.0018992424011230469
2017-04-28,1266.1,0.5602809190750122,-0.0023904514964669943,-0.01010972261428833
2017-05-01,1253.3,0.5602678656578064,-0.0023895527701824903,0.0014361143112182617
2017-05-02,1255.1,0.5602676272392273,-0.002387958811596036,-0.006931662559509277
2017-05-03,1246.4,0.560226321220398,-0.0023852966260164976,-0.01596599817276001
2017-05-04,1226.5,0.5601415038108826,-0.002380927326157689,-0.0013860464096069336
2017-05-05,1224.8,0.5600449442863464,-0.0023759629111737013,0.000408172607421875
2017-05-08,1225.3,0.5599207282066345,-0.002370410365983844,-0.008977413177490234
2017-05-09,1214.3,0.5597402453422546,-0.0023638352286070585,0.0024706125259399414
2017-05-10,1217.3,0.5595552325248718,-0.002356732962653041,0.004436016082763672
2017-05-11,1222.7,0.5593892931938171,-0.0023490639869123697,0.00286257266998291
2017-05-12,1226.2,0.5593022108078003,-0.0023420576471835375,0.0019572973251342773
2017-05-15,1228.6,0.5592718124389648,-0.0023363183718174696,0.005209207534790039
2017-05-16,1235.0,0.5592947006225586,-0.0023304864298552275,0.018218636512756348
2017-05-17,1257.5,0.5593711137771606,-0.0023233264219015837,-0.004612386226654053
2017-05-18,1251.7,0.5595019459724426,-0.0023201012518256903,0.0007989406585693359
2017-05-19,1252.7,0.5597087144851685,-0.0023200151044875383,0.006386160850524902
2017-05-22,1260.7,0.5599308609962463,-0.0023216416593641043,-0.004679858684539795
2017-05-23,1254.8,0.5600951313972473,-0.0023242358583956957,-0.0019126534461975098
2017-05-24,1252.4,0.5602549314498901,-0.002328199567273259,0.0027147531509399414
2017-05-25,1255.8,0.5604108572006226,-0.0023333381395787,0.00939631462097168
2017-05-26,1267.6,0.5605647563934326,-0.0023385907988995314,-0.0043389201164245605
2017-05-30,1262.1,0.5607296228408813,-0.002344447420910001,0.007844090461730957
2017-05-31,1272.0,0.560910701751709,-0.0023496600333601236,-0.003930807113647461
2017-06-01,1267.0,0.5611054301261902,-0.002356752986088395,0.007734894752502441
2017-06-02,1276.8,0.5613721609115601,-0.0023655106779187918,0.001958012580871582
2017-06-05,1279.3,0.5616304874420166,-0.0023742804769426584,0.011803269386291504
2017-06-06,1294.4,0.561923086643219,-0.0023828132543712854,-0.0033220648765563965
2017-06-07,1290.1,0.5871158242225647,-0.0017355028539896011,-0.010696768760681152
2017-06-08,1276.3,0.5870946645736694,-0.0017436682246625423,-0.006111443042755127
2017-06-09,1268.5,0.5870694518089294,-0.0017531258054077625,-0.0018920302391052246
2017-06-12,1266.1,0.5870324969291687,-0.001760398969054222,-0.00023686885833740234
2017-06-13,1265.8,0.5869830250740051,-0.0017640846781432629,0.005530118942260742
2017-06-14,1272.8,0.5869501829147339,-0.001769417431205511,-0.016184866428375244
2017-06-15,1252.2,0.5869251489639282,-0.0017769811674952507,0.001437544822692871
2017-06-16,1254.0,0.5868937373161316,-0.0017808065749704838,-0.007815003395080566
2017-06-19,1244.2,0.5868908166885376,-0.0017839162610471249,-0.00257188081741333
2017-06-20,1241.0,0.5869093537330627,-0.0017910520546138287,0.0019339323043823242
2017-06-21,1243.4,0.5869390368461609,-0.0017960299737751484,0.0033777952194213867
2017-06-22,1247.6,0.5869922637939453,-0.001801472157239914,0.006893157958984375
2017-06-23,1256.2,0.5870608687400818,-0.0018046936020255089,-0.007880806922912598
2017-06-26,1246.3,0.587140679359436,-0.0018087769858539104,8.022785186767578e-05
2017-06-27,1246.4,0.5871614217758179,-0.0018016612157225609,0.0012836456298828125
2017-06-28,1248.0,0.5871520042419434,-0.0017885495908558369,-0.00304490327835083
2017-06-29,1244.2,0.5870763063430786,-0.0017705103382468224,-0.0028130412101745605
2017-06-30,1240.7,0.5869453549385071,-0.0017510768957436085,-0.018376648426055908
2017-07-03,1217.9,0.5867569446563721,-0.0017327861860394478,0.0020526647567749023
2017-07-05,1220.4,0.5865266919136047,-0.0017149941995739937,0.0014748573303222656
2017-07-06,1222.2,0.5862311720848083,-0.00169278122484684,-0.011127471923828125
2017-07-07,1208.6,0.5858946442604065,-0.0016699668485671282,0.002895951271057129
2017-07-10,1212.1,0.585536777973175,-0.0016474674921482801,0.0012375116348266602
2017-07-11,1213.6,0.5851517915725708,-0.0016231364570558071,0.0037080049514770508
2017-07-12,1218.1,0.5847887396812439,-0.001601227791979909,-0.001477658748626709
2017-07-13,1216.3,0.5844314694404602,-0.001579345902428031,0.008468270301818848
2017-07-14,1226.6,0.5840790271759033,-0.0015544125344604254,0.0050547122955322266
2017-07-17,1232.8,0.5837646722793579,-0.0015351867768913507,0.006732583045959473
2017-07-18,1241.1,0.5834712386131287,-0.0015178860630840063,8.058547973632812e-05
2017-07-19,1241.2,0.5832196474075317,-0.0015055467374622822,0.0029004812240600586
2017-07-20,1244.8,0.5829651951789856,-0.001492383424192667,0.007631778717041016
2017-07-21,1254.3,0.582720935344696,-0.0014817253686487675,-0.00031894445419311523
2017-07-24,1253.9,0.582482099533081,-0.0014743020292371511,-0.0017545819282531738
2017-07-25,1251.7,0.5822336077690125,-0.0014665517956018448,-0.0021570324897766113
2017-07-26,1249.0,0.58195960521698,-0.0014581528957933187,0.008486747741699219
2017-07-27,1259.6,0.5816928744316101,-0.0014526713639497757,0.006986379623413086
2017-07-28,1268.4,0.5813916325569153,-0.0014462419785559177,-0.0014191269874572754
2017-07-31,1266.6,0.5810349583625793,-0.0014404004905372858,0.004737138748168945
2017-08-01,1272.6,0.580691933631897,-0.0014389927964657545,-0.0006285905838012695
2017-08-02,1271.8,0.5803330540657043,-0.00143674504943192,-0.003145158290863037
2017-08-03,1267.8,0.5799722671508789,-0.0014371518045663834,-0.007493317127227783
2017-08-04,1258.3,0.5796419382095337,-0.001442302716895938,-7.957220077514648e-05
2017-08-07,1258.2,0.579321563243866,-0.0014461842365562916,-0.0014305710792541504
2017-08-08,1256.4,0.579031229019165,-0.001451075542718172,0.013212323188781738
2017-08-09,1273.0,0.5787920355796814,-0.001458766171708703,0.008405327796936035
2017-08-10,1283.7,0.5786275267601013,-0.0014739285688847303,0.003116011619567871
2017-08-11,1287.7,0.5785027146339417,-0.0014911165926605463,-0.002718031406402588
2017-08-14,1284.2,0.5784105658531189,-0.0015088154468685389,-0.008176267147064209
2017-08-15,1273.7,0.5783278942108154,-0.0015251243021339178,0.0025124549865722656
2017-08-16,1276.9,0.5782431364059448,-0.0015368571039289236,0.007439851760864258
2017-08-17,1286.4,0.5782096982002258,-0.001554340124130249,-0.0005441904067993164
2017-08-18,1285.7,0.5781801342964172,-0.001570933498442173,0.003966808319091797
2017-08-21,1290.8,0.5781444907188416,-0.0015836181119084358,-0.004415929317474365
2017-08-22,1285.1,0.5781235098838806,-0.001593875465914607,0.002956986427307129
2017-08-23,1288.9,0.5780954957008362,-0.0016009823884814978,-0.0018620491027832031
2017-08-24,1286.5,0.5780707001686096,-0.0016072767321020365,0.004663825035095215
2017-08-25,1292.5,0.5780194401741028,-0.0016082427464425564,0.013307452201843262
2017-08-28,1309.7,0.5779539942741394,-0.0016054706647992134,0.0025960206985473633
2017-08-29,1313.1,0.5779057145118713,-0.0016063670627772808,-0.0038077831268310547
2017-08-30,1308.1,0.5778780579566956,-0.0016106648836284876,0.006192207336425781
2017-08-31,1316.2,0.5302422642707825,0.0006611208664253354,0.006306052207946777
2017-09-01,1324.5,0.5305185914039612,0.0006271669408306479,0.011098504066467285
2017-09-05,1339.2,0.530842125415802,0.0005907024024054408,-0.003957509994506836
2017-09-06,1333.9,0.5311661958694458,0.0005539431003853679,0.008396387100219727
2017-09-07,1345.1,0.5315294861793518,0.0005119364941492677,0.0006691217422485352
2017-09-08,1346.0,0.5318782925605774,0.00046967726666480303,-0.011144101619720459
2017-09-11,1331.0,0.5321568846702576,0.00043208198621869087,-0.0022539496421813965
2017-09-12,1328.0,0.5323458909988403,0.00040124927181750536,-0.0034638643264770508
2017-09-13,1323.4,0.5324492454528809,0.00037990231066942215,0.0009822845458984375
2017-09-14,1324.7,0.5324862003326416,0.0003653489984571934,-0.0032459497451782227
2017-09-15,1320.4,0.5325131416320801,0.000354190357029438,-0.010678589344024658
2017-09-18,1306.3,0.5324879884719849,0.00035045237746089697,-7.665157318115234e-05
2017-09-19,1306.2,0.5324245691299438,0.00035131885670125484,0.004440426826477051
2017-09-20,1312.0,0.5323218107223511,0.0003570753615349531,-0.01631098985671997
2017-09-21,1290.6,0.5321797132492065,0.00036882993299514055,0.002092123031616211
2017-09-22,1293.3,0.5320407748222351,0.00038206984754651785,0.01043844223022461
2017-09-25,1306.8,0.5319609045982361,0.0003932816907763481,-0.007499277591705322
2017-09-26,1297.0,0.5318905711174011,0.0004055806202813983,-0.010485708713531494
2017-09-27,1283.4,0.5317533612251282,0.0004239237168803811,0.0016362667083740234
2017-09-28,1285.5,0.5315837264060974,0.00044452922884374857,-0.003111600875854492
2017-09-29,1281.5,0.5313812494277954,0.0004679772537201643,-0.0068669915199279785
2017-10-02,1272.7,0.5311648845672607,0.0004944817628711462,-0.0009428262710571289
2017-10-03,1271.5,0.5309622287750244,0.0005210955860093236,0.001730203628540039
2017-10-04,1273.7,0.5307775139808655,0.000546415220014751,-0.002983391284942627
2017-10-05,1269.9,0.5306129455566406,0.0005707662785425782,0.0013386011123657227
2017-10-06,1271.6,0.5304310917854309,0.000595618155784905,0.00802147388458252
2017-10-09,1281.8,0.5302451848983765,0.0006201019277796149,0.006865262985229492
2017-10-10,1290.6,0.5300963521003723,0.0006394775118678808,-0.003719151020050049
2017-10-11,1285.8,0.5299705266952515,0.0006546437507495284,0.0058329105377197266
2017-10-12,1293.3,0.52989661693573,0.0006641516229137778,0.006340384483337402
2017-10-13,1301.5,0.5299296975135803,0.0006639092462137341,-0.0012293457984924316
2017-10-16,1299.9,0.5300429463386536,0.0006567342206835747,-0.013001024723052979
2017-10-17,1283.0,0.5301803946495056,0.0006492639658972621,-0.0024161934852600098
2017-10-18,1279.9,0.5302919149398804,0.0006428569322451949,0.005469202995300293
2017-10-19,1286.9,0.5304053425788879,0.0006356383673846722,-0.007382094860076904
2017-10-20,1277.4,0.5304562449455261,0.0006333923665806651,0.00023484230041503906
2017-10-23,1277.7,0.5304585099220276,0.0006369390757754445,-0.002113163471221924
2017-10-24,1275.0,0.5303874015808105,0.0006467651110142469,0.00031375885009765625
2017-10-25,1275.4,0.5302339196205139,0.0006626236718147993,-0.007134974002838135
2017-10-26,1266.3,0.530023455619812,0.0006860014982521534,0.001737356185913086
2017-10-27,1268.5,0.5298702120780945,0.0007064408855512738,0.004414677619934082
2017-10-30,1274.1,0.5297817587852478,0.0007223349530249834,-0.00557255744934082
2017-10-31,1267.0,0.5297337770462036,0.0007352342363446951,0.005603790283203125
2017-11-01,1274.1,0.5297403335571289,0.0007436239393427968,0.0006278753280639648
2017-11-02,1274.9,0.5298058986663818,0.0007465510861948133,-0.006588757038116455
2017-11-03,1266.5,0.5299342274665833,0.0007445176597684622,0.010185599327087402
2017-11-06,1279.4,0.5301264524459839,0.0007356507703661919,-0.004455268383026123
2017-11-07,1273.7,0.5303444862365723,0.0007248545298352838,0.0062024593353271484
2017-11-08,1281.6,0.5305866599082947,0.0007105548866093159,0.0031211376190185547
2017-11-09,1285.6,0.530800461769104,0.0006961801555007696,-0.010267555713653564
2017-11-10,1272.4,0.5308887958526611,0.0006903164321556687,0.0038510560989379883
2017-11-13,1277.3,0.5309082269668579,0.0006894436664879322,0.0032881498336791992
2017-11-14,1281.5,0.5308890342712402,0.000689816428348422,-0.003901660442352295
2017-11-15,1276.5,0.5308735966682434,0.000691955559886992,0.0007051229476928711
2017-11-16,1277.4,0.5308570265769958,0.0006922112079337239,0.014404296875
2017-11-17,1295.8,0.5308623313903809,0.0006873991806060076,-0.016360580921173096
2017-11-20,1274.6,0.5308609008789062,0.0006835736567154527,0.005099654197692871
2017-11-21,1281.1,0.5308972001075745,0.0006754361093044281,0.008196115493774414
2017-11-22,1291.6,0.5309892296791077,0.0006610533455386758,-0.003793776035308838
2017-11-24,1286.7,0.5310907363891602,0.0006439220160245895,0.005518078804016113
2017-11-27,1293.8,0.554291307926178,0.0006015794351696968,0.0006955862045288086
2017-11-28,1294.7,0.5544894337654114,0.0005830846494063735,-0.009731948375701904
2017-11-29,1282.1,0.554660439491272,0.0005693904822692275,-0.006941735744476318
2017-11-30,1273.2,0.5547834038734436,0.0005614889087155461,0.004398465156555176
2017-12-01,1278.8,0.5549162030220032,0.0005542449653148651,-0.0035189390182495117
2017-12-04,1274.3,0.5550433993339539,0.0005498719401657581,-0.00996631383895874
2017-12-05,1261.6,0.555147111415863,0.0005481914849951863,0.0009512901306152344
2017-12-06,1262.8,0.5552432537078857,0.0005473034689202905,-0.010294556617736816
2017-12-07,1249.8,0.5552853941917419,0.0005483421264216304,-0.0036806464195251465
2017-12-08,1245.2,0.5552759170532227,0.000550365773960948,-0.0012046098709106445
2017-12-11,1243.7,0.5552231669425964,0.0005530549678951502,-0.004181027412414551
2017-12-12,1238.5,0.5551360249519348,0.0005587723571807146,0.005571246147155762
2017-12-13,1245.4,0.5550699234008789,0.0005623612087219954,0.006744861602783203
2017-12-14,1253.8,0.5550462007522583,0.0005637243157252669,0.0003987550735473633
2017-12-15,1254.3,0.5550973415374756,0.000559972831979394,0.0062983036041259766
2017-12-18,1262.2,0.5551533102989197,0.0005548958433791995,-0.0011883974075317383
2017-12-19,1260.7,0.5551662445068359,0.0005522621795535088,0.004283308982849121
2017-12-20,1266.1,0.5551435351371765,0.0005510214250534773,0.0009478330612182617
2017-12-21,1267.3,0.5551080703735352,0.0005501288687810302,0.0063915252685546875
2017-12-22,1275.4,0.5550711154937744,0.0005501206032931805,0.006821393966674805
2017-12-26,1284.1,0.5550500750541687,0.0005500169936567545,0.0022584199905395508
2017-12-27,1287.0,0.5550857782363892,0.000546738738194108,0.005516648292541504
2017-12-28,1294.1,0.5551661849021912,0.0005391223821789026,0.009427428245544434
2017-12-29,1306.3,0.5553106069564819,0.0005271234549582005,0.005664825439453125
2018-01-02,1313.7,0.5554854869842529,0.0005100605776533484,0.0019030570983886719
2018-01-03,1316.2,0.5556926727294922,0.0004888772964477539,0.0024312734603881836
2018-01-04,1319.4,0.5558969378471375,0.0004669229965656996,0.0006821155548095703
2018-01-05,1320.3,0.5561062693595886,0.0004450359847396612,-0.0012876391410827637
2018-01-08,1318.6,0.5562947392463684,0.0004269739147275686,-0.005232870578765869
2018-01-09,1311.7,0.5564106106758118,0.00041713693644851446,0.004345536231994629
2018-01-10,1317.4,0.556476354598999,0.00041115330532193184,0.0024290084838867188
2018-01-11,1320.6,0.5565274953842163,0.0004054284654557705,0.009692549705505371
2018-01-12,1333.4,0.5565993785858154,0.00039593095425516367,0.0014998912811279297
2018-01-16,1335.4,0.5567361116409302,0.00038367242086678743,0.0019469261169433594
2018-01-17,1338.0,0.5569248199462891,0.00037082505878061056,-0.008968591690063477
2018-01-18,1326.0,0.5570911765098572,0.0003615188179537654,0.00444948673248291
2018-01-19,1331.9,0.5572320818901062,0.00035314587876200676,-0.0007507801055908203
2018-01-22,1330.9,0.557333767414093,0.0003458088031038642,0.003606557846069336
2018-01-23,1335.7,0.5574333071708679,0.0003371926723048091,0.015123248100280762
2018-01-24,1355.9,0.5575428605079651,0.00032553705386817455,0.004793882369995117
2018-01-25,1362.4,0.5576983094215393,0.00031085172668099403,-0.007927238941192627
2018-01-26,1351.6,0.5578662753105164,0.0002944107400253415,-0.01198577880859375
2018-01-30,1335.4,0.5579569339752197,0.00029114645440131426,0.002695798873901367
2018-01-31,1339.0,0.5580390691757202,0.00029042328242212534,0.003958225250244141
2018-02-01,1344.3,0.5580540895462036,0.0002929057227447629,-0.007885217666625977
2018-02-02,1333.7,0.5579524636268616,0.0003117873566225171,-0.0005248188972473145
2018-02-05,1333.0,0.557797908782959,0.0003818807890638709,-0.0051763057708740234
2018-02-06,1326.1,0.5577674508094788,0.00045047595631331205,-0.010934293270111084
2018-02-07,1311.6,0.5576075911521912,0.0005206159548833966,0.004040956497192383
2018-02-08,1316.9,0.557252824306488,0.0006073897238820791,-0.002885580062866211
2018-02-09,1313.1,0.5568373799324036,0.0006874545942991972,0.00845324993133545
2018-02-12,1324.2,0.5563158392906189,0.0007547499844804406,0.0029451847076416016
2018-02-13,1328.1,0.5557321310043335,0.0008095747325569391,0.020630955696105957
2018-02-14,1355.5,0.5551186203956604,0.0008418138604611158,-0.0025083422660827637
2018-02-15,1352.1,0.554550290107727,0.0008569821948185563,0.0008134841918945312
2018-02-16,1353.2,0.5540667176246643,0.0008636926067993045,-0.01803123950958252
2018-02-20,1328.8,0.5536337494850159,0.0008721392368897796,0.000903010368347168
2018-02-21,1330.0,0.553211510181427,0.000883289729245007,0.00045108795166015625
2018-02-22,1330.6,0.5528210997581482,0.0008907434530556202,-0.0018036961555480957
2018-02-23,1328.2,0.5525115728378296,0.000888691283762455,0.0018821954727172852
2018-02-26,1330.7,0.5485512614250183,0.0003261142410337925,-0.011422514915466309
2018-02-27,1315.5,0.5486611723899841,0.0003291966859251261,0.0
2018-02-28,1315.5,0.54868483543396,0.00033592828549444675,-0.009578108787536621
2018-03-01,1302.9,0.548590898513794,0.00034601439256221056,0.013968825340270996
2018-03-02,1321.1,0.5485022664070129,0.0003560975892469287,-0.002270817756652832
2018-03-05,1318.1,0.548456072807312,0.0003640867071226239,0.011759400367736816
2018-03-06,1333.6,0.5484499931335449,0.0003677145577967167,-0.005698859691619873
2018-03-07,1326.0,0.5484662055969238,0.0003686102572828531,-0.0046002864837646484
2018-03-08,1319.9,0.5485703349113464,0.0003676812630146742,0.0018941164016723633
2018-03-09,1322.4,0.5487788915634155,0.00036222569178789854,-0.0022686123847961426
2018-03-12,1319.4,0.5490093231201172,0.0003527159569784999,0.004926443099975586
2018-03-13,1325.9,0.5492333173751831,0.0003407857147976756,-0.001131296157836914
2018-03-14,1324.4,0.5494359731674194,0.0003284343983978033,-0.005738437175750732
2018-03-15,1316.8,0.5496470928192139,0.0003177629550918937,-0.004176795482635498
2018-03-16,1311.3,0.5498589277267456,0.00030762795358896255,0.0041942596435546875
2018-03-19,1316.8,0.5499246120452881,0.0002996673574671149,-0.004328727722167969
2018-03-20,1311.1,0.5499085187911987,0.00029708759393543005,0.007322072982788086
2018-03-21,1320.7,0.5498450398445129,0.00029640260618180037,0.004467368125915527
2018-03-22,1326.6,0.5495840907096863,0.00030207226518541574,0.01711142063140869
2018-03-23,1349.3,0.5491634607315063,0.0003155588638037443,0.003779768943786621
2018-03-26,1354.4,0.5488453507423401,0.00032860960345715284,-0.009672164916992188
2018-03-27,1341.3,0.5485658645629883,0.0003421090077608824,-0.012748897075653076
2018-03-28,1324.2,0.5483234524726868,0.00035777187440544367,-0.0010571479797363281
2018-03-29,1322.8,0.5482712388038635,0.0003701829118654132,0.014590263366699219
2018-04-02,1342.1,0.5481794476509094,0.0003814870724454522,-0.0069293975830078125
2018-04-03,1332.8,0.5481415390968323,0.00039134256076067686,0.0022509098052978516
2018-04-04,1335.8,0.5481963157653809,0.000396674033254385,-0.00860905647277832
2018-04-05,1324.3,0.54830402135849,0.00039886997547000647,0.00573885440826416
2018-04-06,1331.9,0.5483500957489014,0.00040016043931245804,0.00330352783203125
2018-04-09,1336.3,0.5483574271202087,0.0004006002563983202,0.004265427589416504
2018-04-10,1342.0,0.5484111905097961,0.00039750325959175825,0.01080477237701416
2018-04-11,1356.5,0.5484946966171265,0.00039227644447237253,-0.01334315538406372
2018-04-12,1338.4,0.548620879650116,0.00038546056021004915,0.004781842231750488
2018-04-13,1344.8,0.5487935543060303,0.0003773831995204091,0.002007722854614258
2018-04-16,1347.5,0.5490095615386963,0.00036598206497728825,-0.00022268295288085938
2018-04-17,1347.2,0.5493070483207703,0.0003509876551106572,0.0029691457748413086
2018-04-18,1351.2,0.5495761632919312,0.00033520092256367207,-0.0032563209533691406
2018-04-19,1346.8,0.5497399568557739,0.00032370013650506735,-0.007499337196350098
2018-04-20,1336.7,0.5497379899024963,0.0003208016278222203,-0.010623157024383545
2018-04-23,1322.5,0.5496233701705933,0.0003282250836491585,0.006729722023010254
2018-04-24,1331.4,0.5493250489234924,0.0003454979741945863,-0.007661163806915283
2018-04-25,1321.2,0.5489023923873901,0.00037275615613907576,-0.00370866060256958
2018-04-26,1316.3,0.5485113263130188,0.0004057228798046708,0.003038763999938965
2018-04-27,1320.3,0.5481970310211182,0.0004393679555505514,-0.0031054019927978516
2018-04-30,1316.2,0.5479018688201904,0.00047362654004245996,-0.009420990943908691
2018-05-01,1303.8,0.5476319193840027,0.0005090490449219942,-0.000920414924621582
2018-05-02,1302.6,0.54734867811203,0.000544905080460012,0.006218314170837402
2018-05-03,1310.7,0.5470938086509705,0.0005790475988760591,0.00152587890625
2018-05-04,1312.7,0.5469259023666382,0.0006090248934924603,-0.0003808736801147461
2018-05-07,1312.2,0.5468223690986633,0.000634401454590261,-0.00015234947204589844
2018-05-08,1312.0,0.5467442274093628,0.000657235155813396,-0.0005335211753845215
2018-05-09,1311.3,0.5467161536216736,0.0006759234238415956,0.007244706153869629
2018-05-10,1320.8,0.5467665195465088,0.0006872955709695816,-0.0013628602027893066
2018-05-11,1319.0,0.5468711853027344,0.0006922547472640872,-0.0018953680992126465
2018-05-14,1316.5,0.5469375252723694,0.0006955662975087762,-0.02096468210220337
2018-05-15,1288.9,0.5468291640281677,0.0007043436635285616,0.0010085105895996094
2018-05-16,1290.2,0.5466590523719788,0.0007180413231253624,-0.001550137996673584
2018-05-17,1288.2,0.5464081168174744,0.0007365384371951222,0.001552581787109375
2018-05-18,1290.2,0.5461552143096924,0.0007577366195619106,0.0
2018-05-21,1290.2,0.5459387302398682,0.0007783322362229228,0.0011626482009887695
2018-05-22,1291.7,0.5535489320755005,-0.0027327523566782475,-0.0018579363822937012
2018-05-23,1289.3,0.5535656213760376,-0.0027295053005218506,0.011168718338012695
2018-05-24,1303.7,0.5536131262779236,-0.0027304603718221188,-0.00030672550201416016
2018-05-25,1303.3,0.5537168979644775,-0.002738607581704855,-0.0035295486450195312
2018-05-29,1298.7,0.5539389252662659,-0.0027588773518800735,0.0021560192108154297
2018-05-30,1301.5,0.5541673898696899,-0.002783427946269512,-0.0010756850242614746
2018-05-31,1300.1,0.554381251335144,-0.0028100223280489445,-0.004076540470123291
2018-06-01,1294.8,0.5545516014099121,-0.0028371168300509453,-0.0013129711151123047
2018-06-04,1293.1,0.5546560883522034,-0.002861049957573414,0.0034027099609375
2018-06-05,1297.5,0.5547282695770264,-0.0028832238167524338,-0.0003082752227783203
2018-06-06,1297.1,0.5547601580619812,-0.0029021287336945534,0.0012334585189819336
2018-06-07,1298.7,0.5547890663146973,-0.0029202266596257687,-0.00046199560165405273
2018-06-08,1298.1,0.5548340678215027,-0.002939459402114153,0.0006163120269775391
2018-06-11,1298.9,0.5548802018165588,-0.002958042547106743,-0.002925574779510498
2018-06-12,1295.1,0.5549339652061462,-0.002976745367050171,0.0013898611068725586
2018-06-13,1296.9,0.5549807548522949,-0.0029927832074463367,0.005474567413330078
2018-06-14,1304.0,0.5550658702850342,-0.003012128174304962,-0.022546052932739258
2018-06-15,1274.6,0.5551784038543701,-0.0030359290540218353,0.0012552738189697266
2018-06-18,1276.2,0.5553053021430969,-0.003061071503907442,-0.00047010183334350586
2018-06-19,1275.6,0.5554501414299011,-0.0030870167538523674,-0.003449380397796631
2018-06-20,1271.2,0.5555686950683594,-0.0031097624450922012,-0.003146648406982422
2018-06-21,1267.2,0.5556627511978149,-0.0031277588568627834,0.00015783309936523438
2018-06-22,1267.4,0.5557222366333008,-0.0031409538350999355,-0.0014202594757080078
2018-06-25,1265.6,0.5557568669319153,-0.0031474153511226177,-0.007111251354217529
2018-06-26,1256.6,0.555767834186554,-0.0031501264311373234,-0.003023982048034668
2018-06-27,1252.8,0.555776834487915,-0.0031508198007941246,-0.003991067409515381
2018-06-28,1247.8,0.5557610988616943,-0.003148956224322319,0.002804994583129883
2018-06-29,1251.3,0.5556911826133728,-0.003142113331705332,-0.00919044017791748
2018-07-02,1239.8,0.5555854439735413,-0.003132660873234272,0.009517550468444824
2018-07-03,1251.6,0.5554696917533875,-0.003121644724160433,0.004554271697998047
2018-07-05,1257.3,0.555349588394165,-0.003110787831246853,-0.0023860931396484375
2018-07-06,1254.3,0.5552369952201843,-0.0031034029088914394,0.003029465675354004
2018-07-09,1258.1,0.5551360845565796,-0.003099823836237192,-0.003417789936065674
2018-07-10,1253.8,0.5550580024719238,-0.0031004417687654495,-0.008773326873779297
2018-07-11,1242.8,0.5550345182418823,-0.003106890246272087,0.0017701387405395508
2018-07-12,1245.0,0.5550504326820374,-0.0031184409745037556,-0.0043373703956604
2018-07-13,1239.6,0.5551000833511353,-0.0031350008212029934,-0.0012100934982299805
2018-07-16,1238.1,0.5551673769950867,-0.0031538414768874645,-0.010015368461608887
2018-07-17,1225.7,0.5552513599395752,-0.003175650257617235,0.0004895925521850586
2018-07-18,1226.3,0.555331826210022,-0.0031974478624761105,-0.0031803250312805176
2018-07-19,1222.4,0.5554259419441223,-0.0032197441905736923,0.005808234214782715
2018-07-20,1229.5,0.5554850101470947,-0.0032363622449338436,-0.004473388195037842
2018-07-23,1224.0,0.5554922819137573,-0.003245638683438301,-8.165836334228516e-05
2018-07-24,1223.9,0.5554648637771606,-0.0032493514008820057,0.00612795352935791
2018-07-25,1231.4,0.5554206371307373,-0.0032495278865098953,-0.0049536824226379395
2018-07-26,1225.3,0.5553663969039917,-0.0032471376471221447,-0.0022035837173461914
2018-07-27,1222.6,0.555314838886261,-0.0032424991950392723,-0.001063227653503418
2018-07-30,1221.3,0.555250883102417,-0.0032326336950063705,0.001965045928955078
2018-07-31,1223.7,0.5551893711090088,-0.003221620339900255,-0.004739642143249512
2018-08-01,1217.9,0.555111289024353,-0.0032079825177788734,-0.005993962287902832
2018-08-02,1210.6,0.5550435781478882,-0.003195997793227434,0.0029736757278442383
2018-08-03,1214.2,0.5549942851066589,-0.0031871404498815536,-0.004612088203430176
2018-08-06,1208.6,0.5549722909927368,-0.0031830081716179848,0.0008274316787719727
2018-08-07,1209.6,0.5549491047859192,-0.0031803073361516,0.002480149269104004
2018-08-08,1212.6,0.5549371838569641,-0.0031796637922525406,-0.0005772113800048828
2018-08-09,1211.9,0.5549629926681519,-0.003183532040566206,-0.0006601810455322266
2018-08-10,1211.1,0.5550594329833984,-0.00319409416988492,-0.016348719596862793
2018-08-13,1191.3,0.5551766157150269,-0.0032058097422122955,0.0014269351959228516
2018-08-14,1193.0,0.5552868247032166,-0.003217811230570078,-0.012992441654205322
2018-08-15,1177.5,0.5553833246231079,-0.0032292399555444717,-0.0011040568351745605
2018-08-16,1176.2,0.5684952735900879,-0.0008022990077733994,0.0002551078796386719
2018-08-17,1176.5,0.5684108138084412,-0.0007992645259946585,0.008754849433898926
2018-08-20,1186.8,0.5684407353401184,-0.0008019909728318453,0.004886984825134277
2018-08-21,1192.6,0.5685551762580872,-0.0008096713572740555,0.003102540969848633
2018-08-22,1196.3,0.5687755346298218,-0.000821263762190938,-0.007773995399475098
2018-08-23,1187.0,0.5690299868583679,-0.0008324196096509695,0.01625955104827881
2018-08-24,1206.3,0.5693731904029846,-0.0008478171657770872,0.002238154411315918
2018-08-27,1209.0,0.5697655081748962,-0.0008666384965181351,-0.001323401927947998
2018-08-28,1207.4,0.5701623558998108,-0.0008842633105814457,-0.002401888370513916
2018-08-29,1204.5,0.5705581307411194,-0.0009011991787701845,-0.0056455135345458984
2018-08-30,1197.7,0.570935845375061,-0.000915908720344305,0.0021709203720092773
2018-08-31,1200.3,0.5712854266166687,-0.0009286822751164436,-0.0063318610191345215
2018-09-04,1192.7,0.571540355682373,-0.0009366606827825308,0.001844644546508789
2018-09-05,1194.9,0.5717263221740723,-0.0009419464040547609,0.002510666847229004
2018-09-06,1197.9,0.571868896484375,-0.0009455287363380194,-0.003589630126953125
2018-09-07,1193.6,0.5718927383422852,-0.0009435487445443869,-0.0005026459693908691
2018-09-10,1193.0,0.5718482136726379,-0.0009397664107382298,0.0020117759704589844
2018-09-11,1195.4,0.5717387795448303,-0.0009342401754111052,0.007779717445373535
2018-09-12,1204.7,0.5716213583946228,-0.0009291241876780987,-0.002241194248199463
2018-09-13,1202.0,0.5715196132659912,-0.0009256729390472174,-0.005823612213134766
2018-09-14,1195.0,0.5713900923728943,-0.0009203683584928513,0.003933072090148926
2018-09-17,1199.7,0.5712714791297913,-0.0009153385180979967,-0.0024172067642211914
2018-09-18,1196.8,0.5711120963096619,-0.0009083382319658995,0.0045119524002075195
2018-09-19,1202.2,0.5709213018417358,-0.0008999549318104982,0.0033272504806518555
2018-09-20,1206.2,0.5707664489746094,-0.0008939965628087521,-0.008290469646453857
2018-09-21,1196.2,0.5706102252006531,-0.0008871012832969427,0.0025916099548339844
2018-09-24,1199.3,0.5704209208488464,-0.0008817098569124937,0.000583648681640625
2018-09-25,1200.0,0.5702031850814819,-0.00087573635391891,-0.004999995231628418
2018-09-26,1194.0,0.5699967741966248,-0.00086826435290277,-0.009798943996429443
2018-09-27,1182.3,0.5697618722915649,-0.0008581636939197779,0.007781386375427246
2018-09-28,1191.5,0.5695356726646423,-0.0008483226411044598,-0.0036928653717041016
2018-10-01,1187.1,0.5692752599716187,-0.0008378340862691402,0.012888550758361816
2018-10-02,1202.4,0.5690602660179138,-0.0008286817464977503,-0.0034098029136657715
2018-10-03,1198.3,0.5687576532363892,-0.0008172832895070314,-0.0009180307388305664
2018-10-04,1197.2,0.5683349967002869,-0.000799145782366395,0.003341078758239746
2018-10-05,1201.2,0.5677844285964966,-0.0007752212695777416,-0.013985931873321533
2018-10-08,1184.4,0.567108690738678,-0.0007453507278114557,0.002364039421081543
2018-10-09,1187.2,0.5663792490959167,-0.0007138119544833899,0.001768946647644043
2018-10-10,1189.3,0.5655168890953064,-0.0006710495799779892,0.028756380081176758
2018-10-11,1223.5,0.5646784901618958,-0.0006254194304347038,-0.004413604736328125
2018-10-12,1218.1,0.5638731718063354,-0.0005841567181050777,0.0068138837814331055
2018-10-15,1226.4,0.5631386637687683,-0.0005486402660608292,0.0007338523864746094
2018-10-16,1227.3,0.5625386834144592,-0.0005251592956483364,-0.002933323383331299
2018-10-17,1223.7,0.5619995594024658,-0.0005070858169347048,0.002288222312927246
2018-10-18,1226.5,0.5614966750144958,-0.0004889897536486387,-0.0009783506393432617
2018-10-19,1225.3,0.5609999895095825,-0.00047200173139572144,-0.0033462047576904297
2018-10-22,1221.2,0.5604903101921082,-0.00045423279516398907,0.009990215301513672
2018-10-23,1233.4,0.5600190758705139,-0.00043718935921788216,-0.00454026460647583
2018-10-24,1227.8,0.5595359802246094,-0.0004132965113967657,0.0010586977005004883
2018-10-25,1229.1,0.5590419173240662,-0.00038947490975260735,0.002766251564025879
2018-10-26,1232.5,0.5585724115371704,-0.00036948174238204956,-0.006490886211395264
2018-10-29,1224.5,0.5580880641937256,-0.00035088928416371346,-0.0015516877174377441
2018-10-30,1222.6,0.557599663734436,-0.0003334756474941969,-0.008424580097198486
2018-10-31,1212.3,0.5571083426475525,-0.0003177500329911709,0.01954960823059082
2018-11-01,1236.0,0.5567541718482971,-0.0003106077201664448,-0.004126191139221191
2018-11-02,1230.9,0.5563889145851135,-0.00030156667344272137,-0.0008936524391174316
2018-11-05,1229.8,0.556053102016449,-0.0002949410118162632,-0.004878818988800049
2018-11-06,1223.8,0.5557020902633667,-0.00029221177101135254,0.0019609928131103516
2018-11-07,1226.2,0.5554473996162415,-0.00029677082784473896,-0.002691209316253662
2018-11-08,1222.9,0.5552126169204712,-0.00030116853304207325,-0.01349252462387085
2018-11-09,1206.4,0.49728673696517944,0.002671943511813879,-0.00422745943069458
2018-11-12,1201.3,0.49716588854789734,0.0026671418454498053,-0.001748204231262207
2018-11-13,1199.2,0.49704089760780334,0.002667218679562211,0.007254838943481445
2018-11-14,1207.9,0.49690353870391846,0.0026707774959504604,0.004056692123413086
2018-11-15,1212.8,0.4968840479850769,0.002670555142685771,0.00659632682800293
2018-11-16,1220.8,0.4970852732658386,0.002656371332705021,0.0018839836120605469
2018-11-19,1223.1,0.4973432421684265,0.0026367681566625834,-0.0033521056175231934
2018-11-20,1219.0,0.4974938631057739,0.0026281215250492096,0.005578398704528809
2018-11-21,1225.8,0.49767524003982544,0.0026232402306050062,-0.003915846347808838
2018-11-23,1221.0,0.4978269934654236,0.0026226232293993235,-0.0006552338600158691
2018-11-26,1220.2,0.49806100130081177,0.002619265578687191,-0.007375836372375488
2018-11-27,1211.2,0.49832046031951904,0.0026126389857381582,0.00842142105102539
2018-11-28,1221.4,0.4986766576766968,0.0025963946245610714,0.0022104978561401367
2018-11-29,1224.1,0.49910789728164673,0.00257126078940928,-0.003186047077178955
2018-11-30,1220.2,0.4996364116668701,0.002538355067372322,0.011227726936340332
2018-12-03,1233.9,0.5003566741943359,0.002490634797140956,0.005835175514221191
2018-12-04,1241.1,0.5010350346565247,0.002442616503685713,-0.0024172067642211914
2018-12-06,1238.1,0.5017394423484802,0.002395870164036751,0.0070269107818603516
2018-12-07,1246.8,0.502360463142395,0.002358353463932872,-0.0024864673614501953
2018-12-10,1243.7,0.5029414296150208,0.002331110881641507,-0.0014472603797912598
2018-12-11,1241.9,0.503432035446167,0.0023153317160904408,0.002013087272644043
2018-12-12,1244.4,0.5038447380065918,0.002305888570845127,-0.0013661980628967285
2018-12-13,1242.7,0.504220724105835,0.002298186533153057,-0.004586756229400635
2018-12-14,1237.0,0.5044889450073242,0.0022966209799051285,0.00840747356414795
2018-12-17,1247.4,0.5045850276947021,0.0023061695974320173,0.0014429092407226562
2018-12-18,1249.2,0.5046159029006958,0.002322050044313073,0.002321481704711914
2018-12-19,1252.1,0.5046721696853638,0.002338291611522436,0.009184598922729492
2018-12-20,1263.6,0.504604160785675,0.002363205887377262,-0.007755577564239502
2018-12-21,1253.8,0.5043586492538452,0.002404799684882164,0.01092672348022461
2018-12-24,1267.5,0.5038453340530396,0.0024681314826011658,0.0013412237167358398
2018-12-26,1269.2,0.5034346580505371,0.002533938968554139,0.006382107734680176
2018-12-27,1277.3,0.5032082200050354,0.0025832783430814743,0.00203549861907959
2018-12-28,1279.9,0.5032669305801392,0.002608382375910878,-0.0012500882148742676
2018-12-31,1278.3,0.5036956071853638,0.0026019287761300802,0.002112150192260742
2019-01-02,1281.0,0.5043994188308716,0.0025719525292515755,0.008430957794189453
2019-01-03,1291.8,0.5052315592765808,0.002526199212297797,-0.007044494152069092
2019-01-04,1282.7,0.506099283695221,0.0024653554428368807,0.0031964778900146484
2019-01-07,1286.8,0.5069642066955566,0.002411298453807831,-0.002797722816467285
2019-01-08,1283.2,0.5078051090240479,0.0023532353807240725,0.004753828048706055
2019-01-09,1289.3,0.508612334728241,0.002290867967531085,-0.0035678744316101074
2019-01-10,1284.7,0.5093754529953003,0.0022276206873357296,0.001868128776550293
2019-01-11,1287.1,0.5101525187492371,0.002162042772397399,0.0015538930892944336
2019-01-14,1289.1,0.5108633637428284,0.0020998825784772635,-0.0022496581077575684
2019-01-15,1286.2,0.5115149617195129,0.002042770152911544,0.004198431968688965
2019-01-16,1291.6,0.51207435131073,0.0019933388102799654,-0.00046449899673461914
2019-01-17,1291.0,0.5125648379325867,0.0019492774736136198,-0.007513523101806641
2019-01-18,1281.3,0.5129469037055969,0.0019117883639410138,0.0009365081787109375
2019-01-22,1282.5,0.5131875872612,0.0018847299506887794,0.0004677772521972656
2019-01-23,1283.1,0.5133551955223083,0.0018643693765625358,-0.0031174421310424805
2019-01-24,1279.1,0.5135322213172913,0.001845941529609263,0.014307022094726562
2019-01-25,1297.4,0.5137355327606201,0.0018247839761897922,0.003853917121887207
2019-01-28,1302.4,0.5139102935791016,0.0018045696197077632,0.004453301429748535
2019-01-29,1308.2,0.5140963196754456,0.0017850722651928663,0.0012995004653930664
2019-01-30,1309.9,0.5143826007843018,0.0017581452848389745,0.0074814558029174805
2019-01-31,1319.7,0.5148667097091675,0.0017188969068229198,-0.0021216273307800293
2019-02-01,1316.9,0.5153729915618896,0.0016774283722043037,-0.001974344253540039
2019-02-04,1314.3,0.5158604383468628,0.0016371069941669703,-7.617473602294922e-05
2019-02-05,1314.2,0.5163469314575195,0.001597350463271141,-0.0035762786865234375
2019-02-06,1309.5,0.5168130397796631,0.00156013248488307,-7.635354995727539e-05
2019-02-07,1309.4,0.5172609090805054,0.0015263590030372143,0.003283858299255371
2019-02-08,1313.7,0.5331477522850037,0.000760704861022532,-0.005100071430206299
2019-02-11,1307.0,0.5359058976173401,0.0006487058708444238,0.0016832351684570312
2019-02-12,1309.2,0.5382833480834961,0.0005502398125827312,0.0012222528457641602
2019-02-13,1310.8,0.5400680303573608,0.00047441781498491764,-0.0007628798484802246
2019-02-14,1309.8,0.5410398244857788,0.0003872003871947527,0.006336808204650879
2019-02-15,1318.1,0.5418790578842163,0.00029508955776691437,0.016690731048583984
2019-02-19,1340.1,0.5430168509483337,0.0001879954943433404,0.0023878812789916992
2019-02-20,1343.3,0.5444536805152893,6.413133814930916e-05,-0.01473987102508545
2019-02-21,1323.5,0.5456797480583191,-4.3162843212485313e-05,0.004306674003601074
2019-02-22,1329.2,0.5470288991928101,-0.00015943916514515877,-0.0024826526641845703
2019-02-25,1325.9,0.5481126308441162,-0.00024971109814941883,-0.0006033778190612793
2019-02-26,1325.1,0.548928439617157,-0.000307407695800066,-0.0055844783782958984
2019-02-27,1317.7,0.5494656562805176,-0.00034967949613928795,-0.003718554973602295
2019-02-28,1312.8,0.549602210521698,-0.00036936206743121147,-0.01249241828918457
2019-03-01,1296.4,0.5493350625038147,-0.0003696950152516365,-0.00894784927368164
2019-03-04,1284.8,0.5487321615219116,-0.0003503535408526659,-0.002179384231567383
2019-03-05,1282.0,0.5478788614273071,-0.0003160955384373665,0.002262115478515625
2019-03-06,1284.9,0.5468887090682983,-0.0002703503705561161,-0.0008561015129089355
2019-03-07,1283.8,0.5457881093025208,-0.00021312222816050053,0.010281920433044434
2019-03-08,1297.0,0.5448576211929321,-0.0001624920405447483,-0.006322264671325684
2019-03-11,1288.8,0.544182538986206,-0.0001280603464692831,0.0058193206787109375
2019-03-12,1296.3,0.5439856052398682,-0.00012051430530846119,0.008639931678771973
2019-03-13,1307.5,0.5443416237831116,-0.00014346931129693985,-0.010783910751342773
2019-03-14,1293.4,0.544894278049469,-0.00017615430988371372,0.0064945220947265625
2019-03-15,1301.8,0.5458469390869141,-0.00023323064669966698,-0.0011522769927978516
2019-03-18,1300.3,0.547005295753479,-0.00030288216657936573,0.0036145448684692383
2019-03-19,1305.0,0.5482296347618103,-0.00037642638199031353,-0.0034482479095458984
2019-03-20,1300.5,0.5496262907981873,-0.0004599394742399454,0.0043059587478637695
2019-03-21,1306.1,0.5510838627815247,-0.0005486949812620878,0.004211068153381348
2019-03-22,1311.6,0.5524755120277405,-0.000627830158919096,0.007853031158447266
2019-03-25,1321.9,0.5538076758384705,-0.0007025916129350662,-0.0057492852210998535
2019-03-26,1314.3,0.5551404356956482,-0.0007811763789504766,-0.0033478140830993652
2019-03-27,1309.9,0.5563570261001587,-0.0008537024259567261,-0.015344679355621338
2019-03-28,1289.8,0.5573061108589172,-0.0009146605152636766,0.0024809837341308594
2019-03-29,1293.0,0.5580593347549438,-0.0009453208185732365,-0.0035576224327087402
2019-04-01,1288.4,0.5584622025489807,-0.0009633395820856094,0.0012418031692504883
2019-04-02,1290.0,0.558776319026947,-0.0009521478787064552,-7.748603820800781e-05
2019-04-03,1289.9,0.5588874816894531,-0.0009231443982571363,-0.0006977319717407227
2019-04-04,1289.0,0.5588269829750061,-0.0008974892552942038,0.001086115837097168
2019-04-05,1290.4,0.5587702393531799,-0.0008783701341599226,0.005192160606384277
2019-04-08,1297.1,0.5587244629859924,-0.0008642768952995539,0.004934072494506836
2019-04-09,1303.5,0.5586568713188171,-0.0008500930853188038,0.004296064376831055
2019-04-10,1309.1,0.5588023662567139,-0.0008414064068347216,-0.015659630298614502
2019-04-11,1288.6,0.5588507056236267,-0.0008312559220939875,0.0015521049499511719
2019-04-12,1290.6,0.5588409900665283,-0.0008254924323409796,-0.0029442906379699707
2019-04-15,1286.8,0.558786928653717,-0.0008212483953684568,-0.01103520393371582
2019-04-16,1272.6,0.5584715008735657,-0.0008154967799782753,-0.00031435489654541016
2019-04-17,1272.2,0.5579875111579895,-0.0008096401579678059,-0.00023573637008666992
2019-04-18,1271.9,0.5574721097946167,-0.0008058480452746153,0.0012578964233398438
2019-04-22,1273.5,0.5568995475769043,-0.0008040971588343382,-0.0032979846000671387
2019-04-23,1269.3,0.556369423866272,-0.0008047730661928654,0.004884600639343262
2019-04-24,1275.5,0.5559252500534058,-0.0008042086847126484,0.0002351999282836914
2019-04-25,1275.8,0.5554964542388916,-0.0008023593109101057,0.007132768630981445
2019-04-26,1284.9,0.5553297400474548,-0.0008054727222770452,-0.004903137683868408
2019-04-29,1278.6,0.555204451084137,-0.0008080436382442713,0.003284931182861328
2019-04-30,1282.8,0.5552844405174255,-0.0008129035122692585,-0.0010913610458374023
2019-05-01,1281.4,0.5552626848220825,-0.0008100667037069798,-0.009130716323852539
2019-05-02,1269.7,0.5549792647361755,-0.0007951697334647179,0.007482051849365234
2019-05-03,1279.2,0.5548170804977417,-0.0007916360627859831,0.001954317092895508
2019-05-06,1281.7,0.5546138882637024,-0.0007824846543371677,0.001404404640197754
2019-05-07,1283.5,0.5514199137687683,0.00096061488147825,-0.0031943917274475098
2019-05-08,1279.4,0.5491515398025513,0.0010514868190512061,0.0032045841217041016
2019-05-09,1283.5,0.5469186305999756,0.001139455009251833,0.0017139911651611328
2019-05-10,1285.7,0.5457844138145447,0.0011828683782368898,0.011200189590454102
2019-05-13,1300.1,0.5442794561386108,0.0012439906131476164,-0.004153549671173096
2019-05-14,1294.7,0.5434114336967468,0.0012805332662537694,0.0012358427047729492
2019-05-15,1296.3,0.5437943339347839,0.0012759778182953596,-0.008717179298400879
2019-05-16,1285.0,0.5450969338417053,0.00123836868442595,-0.0081712007522583
2019-05-17,1274.5,0.5464587807655334,0.0011984913144260645,0.0012553930282592773
2019-05-20,1276.1,0.5474438071250916,0.0011686201905831695,-0.003212869167327881
2019-05-21,1272.0,0.5484178066253662,0.001134002348408103,0.0012578964233398438
2019-05-22,1273.6,0.5494626760482788,0.001096667256206274,0.008794069290161133
2019-05-23,1284.8,0.550248384475708,0.0010766584891825914,-0.0014010071754455566
2019-05-24,1283.0,0.5511983633041382,0.0010538410861045122,-0.005066275596618652
2019-05-28,1276.5,0.5517041683197021,0.0010517966002225876,0.0032118558883666992
2019-05-29,1280.6,0.5517515540122986,0.0010662120766937733,0.005075693130493164
2019-05-30,1287.1,0.5519542098045349,0.0010751297231763601,0.014528870582580566
2019-05-31,1305.8,0.5523557066917419,0.0010832822881639004,0.012942194938659668
2019-06-03,1322.7,0.5535814762115479,0.0010725073516368866,0.0005292892456054688
2019-06-04,1323.4,0.5561339855194092,0.000997588038444519,0.0037026405334472656
2019-06-05,1328.3,0.5598572492599487,0.0008458237862214446,0.007001399993896484
2019-06-06,1337.6,0.5646169185638428,0.0006403037114068866,0.0026913881301879883
2019-06-07,1341.2,0.5698198080062866,0.0003871631342917681,-0.012302398681640625
2019-06-10,1324.7,0.5746572613716125,0.00014962663408368826,0.001283407211303711
2019-06-11,1326.4,0.578886866569519,-5.374406464397907e-05,0.004146575927734375
2019-06-12,1331.9,0.5824325084686279,-0.00021995161660015583,0.0054808855056762695
2019-06-13,1339.2,0.5855631828308105,-0.0003634884487837553,0.0006721019744873047
2019-06-14,1340.1,0.5880967974662781,-0.00047171302139759064,-0.0010446906089782715
2019-06-17,1338.7,0.5901246666908264,-0.0005557804834097624,0.005901217460632324
2019-06-18,1346.6,0.5921245217323303,-0.0006405368912965059,-0.0014852285385131836
2019-06-19,1344.6,0.594544529914856,-0.0007505717221647501,0.035921454429626465
2019-06-20,1392.9,0.5979287624359131,-0.0009097380097955465,0.0023690462112426758
2019-06-21,1396.2,0.6013433337211609,-0.0010683492291718721,0.01296377182006836
2019-06-24,1414.3,0.6051113605499268,-0.0012445931788533926,0.00042426586151123047
2019-06-25,1414.9,0.6083926558494568,-0.001393163576722145,-0.002332329750061035
2019-06-26,1411.6,0.6108295321464539,-0.0014989885967224836,-0.0022668838500976562
2019-06-27,1408.4,0.6128917336463928,-0.001588792772963643,0.0009230375289916992
2019-06-28,1409.7,0.6149886250495911,-0.001684045186266303,-0.01709580421447754
2019-07-01,1385.6,0.6167686581611633,-0.0017645589541643858,0.013712525367736816
2019-07-02,1404.6,0.6190981864929199,-0.0018758003134280443,0.009326457977294922
2019-07-03,1417.7,0.6220969557762146,-0.0020201141014695168,-0.014812707901000977
2019-07-05,1396.7,0.6241763830184937,-0.002111824695020914,0.0002148151397705078
2019-07-08,1397.0,0.6250236630439758,-0.0021362868137657642,0.0003578662872314453
2019-07-09,1397.5,0.6247751712799072,-0.0021102838218212128,0.009016036987304688
2019-07-10,1410.1,0.6244906187057495,-0.0020893183536827564,-0.004113137722015381
2019-07-11,1404.3,0.6238433122634888,-0.002053256146609783,0.003987789154052734
2019-07-12,1409.9,0.6234268546104431,-0.0020336955785751343,0.0010639429092407227
2019-07-15,1411.4,0.6232192516326904,-0.0020256531424820423,-0.0015587806701660156
2019-07-16,1409.2,0.6226679682731628,-0.0019987565465271473,0.008586525917053223
2019-07-17,1421.3,0.6219868659973145,-0.0019647383596748114,0.003377079963684082
2019-07-18,1426.1,0.6218321323394775,-0.001960712717846036,-0.0007011890411376953
2019-07-19,1425.1,0.6214461326599121,-0.0019431470427662134,0.0001404285430908203
2019-07-22,1425.3,0.6213160753250122,-0.0019406802020967007,-0.00364840030670166
2019-07-23,1420.1,0.6214309930801392,-0.0019510863348841667,0.0019012689590454102
2019-07-24,1422.8,0.6221075654029846,-0.001989805605262518,-0.0062552690505981445
2019-07-25,1413.9,0.6224361658096313,-0.0020067673176527023,0.003253340721130371
2019-07-26,1418.5,0.622835636138916,-0.0020262799225747585,0.000775456428527832
2019-07-29,1419.6,0.6230594515800476,-0.0020345658995211124,0.0071146488189697266
2019-07-30,1429.7,0.6228512525558472,-0.002018560189753771,-0.002517998218536377
2019-07-31,1426.1,0.6214907169342041,-0.0019408278167247772,-0.003646254539489746
2019-08-01,1420.9,0.5631831884384155,0.0007640415569767356,0.017383337020874023
2019-08-02,1445.6,0.5633567571640015,0.00077182671520859,0.013143301010131836
2019-08-05,1464.6,0.5635841488838196,0.0007883411599323153,0.005325675010681152
2019-08-06,1472.4,0.5643496513366699,0.0007899837801232934,0.02370285987854004
2019-08-07,1507.3,0.5656755566596985,0.00077549007255584,-0.006369054317474365
2019-08-08,1497.7,0.567389190196991,0.0007505770772695541,-0.0007344484329223633
2019-08-09,1496.6,0.5690701007843018,0.0007305048638954759,0.005813241004943848
2019-08-12,1505.3,0.5706343054771423,0.0007225171430036426,-0.002059459686279297
2019-08-13,1502.2,0.5721996426582336,0.0007151364115998149,0.009119987487792969
2019-08-14,1515.9,0.5734851956367493,0.000721156015060842,0.002440810203552246
2019-08-15,1519.6,0.5747971534729004,0.0007302254671230912,-0.00467228889465332
2019-08-16,1512.5,0.5761345028877258,0.0007373369298875332,-0.007999956607818604
2019-08-19,1500.4,0.5772898197174072,0.0007459961343556643,0.0027992725372314453
2019-08-20,1504.6,0.578332781791687,0.0007588056614622474,0.0
2019-08-21,1504.6,0.5792548060417175,0.0007727000629529357,-0.0048517584800720215
2019-08-22,1497.3,0.5798285603523254,0.0007941367803141475,0.019568562507629395
2019-08-23,1526.6,0.5803375840187073,0.0008205061312764883,-0.0001964569091796875
2019-08-26,1526.3,0.5807353258132935,0.0008464395068585873,0.009631156921386719
2019-08-27,1541.0,0.5811538696289062,0.0008695591241121292,-0.002076566219329834
2019-08-28,1537.8,0.5816459655761719,0.0008873249171301723,-0.007348179817199707
2019-08-29,1526.5,0.5820907354354858,0.0009008727502077818,-0.004847705364227295
2019-08-30,1519.1,0.5822884440422058,0.0009171055862680078,0.01764202117919922
2019-09-03,1545.9,0.5825042128562927,0.0009309343295171857,0.002846240997314453
2019-09-04,1550.3,0.58297199010849,0.0009363967692479491,-0.022511780261993408
2019-09-05,1515.4,0.5831751227378845,0.0009447538759559393,-0.006071031093597412
2019-09-06,1506.2,0.583297848701477,0.0009527874644845724,-0.0026556849479675293
2019-09-09,1502.2,0.5831162333488464,0.0009645660175010562,-0.00792163610458374
2019-09-10,1490.3,0.5824815034866333,0.0009818034013733268,0.0027511119842529297
2019-09-11,1494.4,0.5815877914428711,0.0009978178422898054,0.002877354621887207
2019-09-12,1498.7,0.5805841684341431,0.0010101053630933166,-0.005204439163208008
2019-09-13,1490.9,0.5793105363845825,0.0010210491018369794,0.008183002471923828
2019-09-16,1503.1,0.5780507922172546,0.001026510028168559,0.0013306140899658203
2019-09-17,1505.1,0.5770341157913208,0.001024379045702517,0.00159454345703125
2019-09-18,1507.5,0.5762695670127869,0.001014646259136498,-0.0060364603996276855
2019-09-19,1498.4,0.5757057666778564,0.0010017957538366318,0.0059397220611572266
2019-09-20,1507.3,0.5753561854362488,0.0009873093804344535,0.010880351066589355
2019-09-23,1523.7,0.5753402709960938,0.0009679978247731924,0.00551295280456543
2019-09-24,1532.1,0.5756110548973083,0.0009495443664491177,-0.017949223518371582
2019-09-25,1504.6,0.5757072567939758,0.0009373461361974478,0.001927495002746582
2019-09-26,1507.5,0.5757566690444946,0.0009282635292038321,-0.005572140216827393
2019-09-27,1499.1,0.5756727457046509,0.0009257509373128414,-0.02228003740310669
2019-09-30,1465.7,0.5754137635231018,0.0009290832094848156,0.011121034622192383
2019-10-01,1482.0,0.5750777125358582,0.0009368231985718012,0.01282048225402832
2019-10-02,1501.0,0.5748081207275391,0.000945881474763155,0.004063963890075684
2019-10-03,1507.1,0.5749319791793823,0.000946229905821383,-0.0005971789360046387
2019-10-04,1506.2,0.5755009651184082,0.0009357974631711841,-0.005643367767333984
2019-10-07,1497.7,0.5760552883148193,0.000927294953726232,-0.0003338456153869629
2019-10-08,1497.2,0.576403796672821,0.0009275993797928095,0.005944490432739258
2019-10-09,1506.1,0.5767102837562561,0.0009274878539144993,-0.00750279426574707
2019-10-10,1494.8,0.5768248438835144,0.0009292035829275846,-0.00809478759765625
2019-10-11,1482.7,0.576738178730011,0.000931032351218164,0.0060700178146362305
2019-10-14,1491.7,0.5766241550445557,0.0009290688904002309,-0.009452283382415771
2019-10-15,1477.6,0.5764734148979187,0.0009258431382477283,0.007038474082946777
2019-10-16,1488.0,0.576426088809967,0.0009207782568410039,0.002889871597290039
2019-10-17,1492.3,0.5764711499214172,0.000915294629521668,-0.002747476100921631
2019-10-18,1488.2,0.5765291452407837,0.0009121849434450269,-0.003897249698638916
2019-10-21,1482.4,0.5764818787574768,0.0009113394189625978,-0.0004722476005554199
2019-10-22,1481.7,0.5763497352600098,0.0009122887859120965,0.0055342912673950195
2019-10-23,1489.9,0.5762909650802612,0.0009105193894356489,0.006040692329406738
2019-10-24,1498.9,0.5763270258903503,0.0009051477536559105,0.00040030479431152344
2019-10-25,1499.5,0.6073217391967773,-0.002956126118078828,-0.006335437297821045
2019-10-28,1490.0,0.6073704361915588,-0.002960881916806102,-0.0020134449005126953
2019-10-29,1487.0,0.607399046421051,-0.0029650649521499872,0.004169464111328125
2019-10-30,1493.2,0.6074727773666382,-0.0029711511451750994,0.01218867301940918
2019-10-31,1511.4,0.6076399087905884,-0.002980568213388324,-0.002249598503112793
2019-11-01,1508.0,0.6078600287437439,-0.00299202767200768,0.0
2019-11-04,1508.0,0.6080666184425354,-0.003000200493261218,-0.018037080764770508
2019-11-05,1480.8,0.6081687808036804,-0.00300072249956429,0.0063478946685791016
2019-11-06,1490.2,0.6082423329353333,-0.0030013162177056074,-0.017447352409362793
2019-11-07,1464.2,0.6081942915916443,-0.0029962791595607996,-0.0019805431365966797
2019-11-08,1461.3,0.6080618500709534,-0.0029886618722230196,-0.003969073295593262
2019-11-11,1455.5,0.607866108417511,-0.0029804629739373922,-0.002335965633392334
2019-11-12,1452.1,0.6076455116271973,-0.002972038695588708,0.0066111087799072266
2019-11-13,1461.7,0.6074477434158325,-0.0029644554015249014,0.006909847259521484
2019-11-14,1471.8,0.607326328754425,-0.0029607058968394995,-0.0030574798583984375
2019-11-15,1467.3,0.6072817444801331,-0.002962007885798812,0.002453446388244629
2019-11-18,1470.9,0.6073173880577087,-0.0029668353963643312,0.001631617546081543
2019-11-19,1473.3,0.6074122190475464,-0.00297280284576118,0.0
2019-11-20,1473.3,0.6075747013092041,-0.0029790273401886225,-0.006923258304595947
2019-11-21,1463.1,0.6077284812927246,-0.0029824876692146063,0.0
2019-11-22,1463.1,0.6078752875328064,-0.0029838106129318476,-0.00444263219833374
2019-11-25,1456.6,0.6080300807952881,-0.002984672086313367,0.0021969079971313477
2019-11-26,1459.8,0.6082106232643127,-0.0029864420648664236,-0.004384160041809082
2019-11-27,1453.4,0.6083738207817078,-0.0029866707045584917,0.008394122123718262
2019-11-29,1465.6,0.6085084080696106,-0.0029877100605517626,-0.002251565456390381
2019-12-02,1462.3,0.608548641204834,-0.0029894120525568724,0.010873198509216309
2019-12-03,1478.2,0.6085900068283081,-0.0029948025476187468,-0.0028412342071533203
2019-12-04,1474.0,0.6086181402206421,-0.0030015630181878805,0.0019674301147460938
2019-12-05,1476.9,0.6086419224739075,-0.0030092487577348948,-0.012052297592163086
2019-12-06,1459.1,0.6086434125900269,-0.0030143188778311014,0.00013709068298339844
2019-12-09,1459.3,0.6086128354072571,-0.003016746835783124,0.0022612810134887695
2019-12-10,1462.6,0.6085494160652161,-0.003020437201485038,0.0046492815017700195
2019-12-11,1469.4,0.6085342168807983,-0.0030277802143245935,-0.0018375515937805176
2019-12-12,1466.7,0.6084979772567749,-0.003032904816791415,0.006068110466003418
2019-12-13,1475.6,0.6085399389266968,-0.0030414394568651915,-0.00040662288665771484
2019-12-16,1475.0,0.608609676361084,-0.0030526977498084307,-0.00027120113372802734
2019-12-17,1474.6,0.6086924076080322,-0.003063450800254941,-0.0013563036918640137
2019-12-18,1472.6,0.6087484359741211,-0.003071659943088889,0.003802776336669922
2019-12-19,1478.2,0.6087973713874817,-0.0030798588413745165,-0.002367734909057617
2019-12-20,1474.7,0.6088396310806274,-0.00308528752066195,0.005289196968078613
2019-12-23,1482.5,0.6088767647743225,-0.003089993493631482,0.011197328567504883
2019-12-24,1499.1,0.6089386940002441,-0.003095779800787568,0.006804108619689941
2019-12-26,1509.3,0.6090327501296997,-0.003103392431512475,0.00298154354095459
2019-12-27,1513.8,0.6091756820678711,-0.0031160369981080294,0.00046241283416748047
2019-12-30,1514.5,0.6093119382858276,-0.003128831973299384,0.003301382064819336
2019-12-31,1519.5,0.609454870223999,-0.003145205555483699,0.003290534019470215
2020-01-02,1524.5,0.6096512079238892,-0.003160283202305436,0.01620197296142578
2020-01-03,1549.2,0.6099169850349426,-0.003174376441165805,0.010973453521728516
2020-01-06,1566.2,0.6102254986763,-0.003190732328221202,0.003575563430786133
2020-01-07,1571.8,0.610532820224762,-0.0032038053032010794,-0.00916147232055664
2020-01-08,1557.4,0.6107930541038513,-0.0032124051358550787,-0.003659963607788086
2020-01-09,1551.7,0.6110427975654602,-0.003219089237973094,0.003737926483154297
2020-01-10,1557.5,0.6112887859344482,-0.003224908607080579,-0.005842685699462891
2020-01-13,1548.4,0.6115131378173828,-0.0032304541673511267,-0.00387495756149292
2020-01-14,1542.4,0.6117306351661682,-0.003234788542613387,0.006288886070251465
2020-01-15,1552.1,0.6119710803031921,-0.003243030747398734,-0.0019972920417785645
2020-01-16,1549.0,0.6122095584869385,-0.0032520184759050608,0.0063266754150390625
2020-01-17,1558.8,0.6124321818351746,-0.003259592456743121,-0.0015396475791931152
2020-01-21,1556.4,0.6126625537872314,-0.0032671771477907896,-0.0007067322731018066
2020-01-22,1555.3,0.6128897070884705,-0.0032744614873081446,0.0059795379638671875
2020-01-23,1564.6,0.6226513981819153,-0.0014895291533321142,0.0041544437408447266
2020-01-24,1571.1,0.6228166818618774,-0.0014978509861975908,0.0036281347274780273
2020-01-27,1576.8,0.622893750667572,-0.0014991099014878273,-0.004819929599761963
2020-01-28,1569.2,0.6229923963546753,-0.001499404665082693,0.00038242340087890625
2020-01-29,1569.8,0.6230895519256592,-0.0014989182818681002,0.008727192878723145
2020-01-30,1583.5,0.6232455968856812,-0.001501625869423151,-0.0003789067268371582
2020-01-31,1582.9,0.6233428716659546,-0.0015010072384029627,-0.0036010146141052246
2020-02-03,1577.2,0.6234424710273743,-0.0014998151455074549,-0.01699209213256836
2020-02-04,1550.4,0.6235451698303223,-0.001497940393164754,0.0047730207443237305
2020-02-05,1557.8,0.623661994934082,-0.001495608827099204,0.00468599796295166
2020-02-06,1565.1,0.6237875819206238,-0.001493734074756503,0.0022362470626831055
2020-02-07,1568.6,0.6239002346992493,-0.001493146875873208,0.003888845443725586
2020-02-10,1574.7,0.6240544319152832,-0.0014955629594624043,-0.005778849124908447
2020-02-11,1565.6,0.6242020726203918,-0.00149844354018569,0.0011497735977172852
2020-02-12,1567.4,0.6243653893470764,-0.001504167215898633,0.004912614822387695
2020-02-13,1575.1,0.6245216131210327,-0.0015108268707990646,0.004825115203857422
2020-02-14,1582.7,0.6246985793113708,-0.0015204665251076221,0.010930776596069336
2020-02-18,1600.0,0.6248748898506165,-0.001530328532680869,0.00468754768371582
2020-02-19,1607.5,0.6250827312469482,-0.0015410471241921186,0.005660891532897949
2020-02-20,1616.6,0.6252745985984802,-0.0015500376466661692,0.01732027530670166
2020-02-21,1644.6,0.6254824995994568,-0.001558732008561492,0.01690387725830078
2020-02-24,1672.4,0.6255239248275757,-0.0015524609480053186,-0.015247523784637451
2020-02-25,1646.9,0.6253932118415833,-0.0015338694211095572,-0.004189729690551758
2020-02-26,1640.0,0.6251887679100037,-0.0015082082245498896,0.0
2020-02-27,1640.0,0.6246922016143799,-0.0014543344732373953,-0.046280503273010254
2020-02-28,1564.1,0.6241453886032104,-0.0013940513599663973,0.01802957057952881
2020-03-02,1592.3,0.6238470673561096,-0.0013423121999949217,0.03127551078796387
2020-03-03,1642.1,0.6235969066619873,-0.0012912878300994635,-0.000608980655670166
2020-03-04,1641.1,0.623599648475647,-0.0012516803108155727,0.015416502952575684
2020-03-05,1666.4,0.6235771179199219,-0.0012076536659151316,0.0026404857635498047
2020-03-06,1670.8,0.6235993504524231,-0.0011674787383526564,0.0022144317626953125
2020-03-09,1674.5,0.6233639121055603,-0.0011136296670883894,-0.009196817874908447
2020-03-10,1659.1,0.6231735348701477,-0.001062505878508091,-0.010668396949768066
2020-03-11,1641.4,0.6227095127105713,-0.0009944080375134945,-0.031741201877593994
2020-03-12,1589.3,0.6215118169784546,-0.0008742108475416899,-0.04630976915359497
2020-03-13,1515.7,0.6204105019569397,-0.0007603000849485397,-0.0196608304977417
2020-03-16,1485.9,0.6186719536781311,-0.000598039710894227,0.02624666690826416
2020-03-17,1524.9,0.6169731020927429,-0.00043237186037003994,-0.031215131282806396
2020-03-18,1477.3,0.6149972677230835,-0.00025197374634444714,0.0008798837661743164
2020-03-19,1478.6,0.6130900382995605,-7.501873187720776e-05,0.0036520957946777344
2020-03-20,1484.0,0.611380934715271,8.1212492659688e-05,0.05592989921569824
2020-03-23,1567.0,0.6100896596908569,0.00020398758351802826,0.05947673320770264
2020-03-24,1660.2,0.609374463558197,0.00029159814585000277,-0.016805171966552734
2020-03-25,1632.3,0.6088846325874329,0.0003599106566980481,0.010904788970947266
2020-03-26,1650.1,0.6088703870773315,0.0004071219591423869,-0.01587778329849243
2020-03-27,1623.9,0.6089405417442322,0.0004476028261706233,-0.001170039176940918
2020-03-30,1622.0,0.6092848181724548,0.0004648989997804165,-0.02379775047302246
2020-03-31,1583.4,0.6097389459609985,0.00046834337990731,-0.0032840967178344727
2020-04-01,1578.2,0.6101179718971252,0.0004677551332861185,0.030097603797912598
2020-04-02,1625.7,0.6106794476509094,0.00044728454668074846,0.00492095947265625
2020-04-03,1633.7,0.6113294363021851,0.00041284901089966297,0.0265042781829834
2020-04-06,1677.0,0.6122552156448364,0.0003690817393362522,-0.0072748661041259766
2020-04-07,1664.8,0.6131837368011475,0.0003235754556953907,0.0003603696823120117
2020-04-08,1665.4,0.6141915917396545,0.0002713319845497608,0.04251229763031006
2020-04-09,1736.2,0.6153466105461121,0.00020979903638362885,0.0049533843994140625
2020-04-13,1744.8,0.6163878440856934,0.0001302538439631462,0.006820201873779297
2020-04-14,1756.7,0.6175087690353394,4.047970287501812e-05,-0.01679283380508423
2020-04-15,1727.2,0.6184414625167847,-4.2998697608709335e-05,-0.003936946392059326
2020-04-16,1720.4,0.6192537546157837,-0.00012367800809442997,-0.018135368824005127
2020-04-17,1689.2,0.6200041770935059,-0.00020178267732262611,0.007340788841247559
2020-04-20,1701.6,0.5464088916778564,0.0016561485826969147,-0.013751804828643799
2020-04-21,1678.2,0.5477968454360962,0.0016143310349434614,0.03009176254272461
2020-04-22,1728.7,0.5491068363189697,0.0015709976432844996,0.002660989761352539
2020-04-23,1733.3,0.5502992868423462,0.0015305515844374895,-0.005653977394104004
2020-04-24,1723.5,0.5515936017036438,0.001476513221859932,-0.006730496883392334
2020-04-27,1711.9,0.5529783368110657,0.001410924131050706,-0.0008178353309631348
2020-04-28,1710.5,0.5543524622917175,0.0013437143061310053,-0.004150807857513428
2020-04-29,1703.4,0.5558372139930725,0.0012656785547733307,-0.01127159595489502
2020-04-30,1684.2,0.5571799278259277,0.001198978046886623,0.00611567497253418
2020-05-01,1694.5,0.5582583546638489,0.001152943936176598,0.007317781448364258
2020-05-04,1706.9,0.5591851472854614,0.0011141105787828565,-0.0014646649360656738
2020-05-05,1704.4,0.560060441493988,0.00107476394623518,-0.011851727962493896
2020-05-06,1684.2,0.560724139213562,0.0010475019225850701,0.02232515811920166
2020-05-07,1721.8,0.5614925026893616,0.0010093487799167633,-0.0069113969802856445
2020-05-08,1709.9,0.5623979568481445,0.0009590855333954096,-0.008538484573364258
2020-05-11,1695.3,0.5632623434066772,0.0009098252048715949,0.005367755889892578
2020-05-12,1704.4,0.5638635754585266,0.0008813502499833703,0.005573749542236328
2020-05-13,1713.9,0.5641970634460449,0.0008730879053473473,0.014119863510131836
2020-05-14,1738.1,0.5645314455032349,0.0008622163441032171,0.00880277156829834
2020-05-15,1753.4,0.5648627877235413,0.000849867588840425,-0.012318909168243408
2020-05-18,1731.8,0.5653000473976135,0.000827822950668633,0.007160067558288574
2020-05-19,1744.2,0.5657147169113159,0.0008074739016592503,0.003669261932373047
2020-05-20,1750.6,0.5662873983383179,0.0007743658497929573,-0.017194092273712158
2020-05-21,1720.5,0.5667510032653809,0.0007488455157727003,0.008195281028747559
2020-05-22,1734.6,0.567232072353363,0.0007205232977867126,-0.01717972755432129
2020-05-26,1704.8,0.5677361488342285,0.0006914945552125573,0.003226161003112793
2020-05-27,1710.3,0.5682844519615173,0.0006583569338545203,0.0017540454864501953
2020-05-28,1713.3,0.5688438415527344,0.0006267080316320062,0.013774514198303223
2020-05-29,1736.9,0.5695207715034485,0.0005870750173926353,0.0005182027816772461
2020-06-01,1737.8,0.5702537894248962,0.0005449304590001702,-0.007250607013702393
2020-06-02,1725.2,0.5710626840591431,0.0004978582728654146,-0.015882134437561035
2020-06-03,1697.8,0.5719069242477417,0.000448363833129406,0.012427806854248047
2020-06-04,1718.9,0.5727803111076355,0.0003981816116720438,-0.024841487407684326
2020-06-05,1676.2,0.5736062526702881,0.0003493217518553138,0.013184666633605957
2020-06-08,1698.3,0.5744190812110901,0.00030083872843533754,0.009656667709350586
2020-06-09,1714.7,0.5751688480377197,0.00025961059145629406,-0.0008164048194885254
2020-06-10,1713.3,0.5759127140045166,0.00022069690749049187,0.01091456413269043
2020-06-11,1732.0,0.5758962035179138,0.00023214751854538918,-0.001558840274810791
2020-06-12,1729.3,0.575721800327301,0.00024447962641716003,-0.005204439163208008
2020-06-15,1720.3,0.5755232572555542,0.0002542021684348583,0.005406022071838379
2020-06-16,1729.6,0.5753564834594727,0.0002591116353869438,-0.00023126602172851562
2020-06-17,1729.2,0.5751946568489075,0.000264233211055398,-0.0025444626808166504
2020-06-18,1724.8,0.5750625133514404,0.0002688255626708269,0.012233257293701172
2020-06-19,1745.9,0.5748717784881592,0.0002779869828373194,0.00618588924407959
2020-06-22,1756.7,0.5748714804649353,0.00027164071798324585,0.008766412734985352
2020-06-23,1772.1,0.5750175714492798,0.00025449972599744797,-0.0035550594329833984
2020-06-24,1765.8,0.5750465989112854,0.0002496414817869663,-0.0020954012870788574
2020-06-25,1762.1,0.5751199722290039,0.0002413822803646326,0.00590205192565918
2020-06-26,1772.5,0.5750628113746643,0.0002445473801344633,0.001297593116760254
2020-06-29,1774.8,0.5751180648803711,0.00023808889091014862,0.010254621505737305
2020-06-30,1793.0,0.5753339529037476,0.00021860911510884762,-0.011042952537536621
2020-07-01,1773.2,0.5756843090057373,0.00019259005784988403,0.006090760231018066
2020-07-02,1784.0,0.5761629343032837,0.0001591886393725872,0.0025224685668945312
2020-07-06,1788.5,0.5767667889595032,0.00011792173609137535,0.00877833366394043
2020-07-07,1804.2,0.577364444732666,7.923203520476818e-05,0.006263136863708496
2020-07-08,1815.5,0.578070878982544,3.142328932881355e-05,-0.00897824764251709
2020-07-09,1799.2,0.578718364238739,-8.860602974891663e-06,-0.0005558133125305176
2020-07-10,1798.2,0.5794345736503601,-5.409540608525276e-05,0.00711822509765625
2020-07-13,1811.0,0.5799510478973389,-8.372706361114979e-05,-0.00022089481353759766
2020-07-14,1810.6,0.5805343389511108,-0.00012017204426229,0.0004419088363647461
2020-07-15,1811.4,0.6152516007423401,-0.003961257170885801,-0.0070111751556396484
2020-07-16,1798.7,0.615416944026947,-0.003971738740801811,0.005337238311767578
2020-07-17,1808.3,0.6155881881713867,-0.003981363959610462,0.004202842712402344
2020-07-20,1815.9,0.6157698035240173,-0.003990905359387398,0.014593362808227539
2020-07-21,1842.4,0.6159579753875732,-0.0040011112578213215,0.011778116226196289
2020-07-22,1864.1,0.6161704063415527,-0.00401349738240242,0.013411283493041992
2020-07-23,1889.1,0.6163719296455383,-0.004028220660984516,0.004340767860412598
2020-07-24,1897.3,0.6165697574615479,-0.004044347908347845,0.017762064933776855
2020-07-27,1931.0,0.6167958974838257,-0.004060968291014433,0.007094740867614746
2020-07-28,1944.7,0.6170194149017334,-0.004078629892319441,0.004525184631347656
2020-07-29,1953.5,0.6172686815261841,-0.00409680837765336,-0.0057332515716552734
2020-07-30,1942.3,0.6174973845481873,-0.004114095587283373,0.01055455207824707
2020-07-31,1962.8,0.6177434325218201,-0.004134330898523331,0.0016303062438964844
2020-08-03,1966.0,0.61799556016922,-0.00415543420240283,0.01790440082550049
2020-08-04,2001.2,0.6182668805122375,-0.004179118201136589,0.014941096305847168
2020-08-05,2031.1,0.6185635924339294,-0.004203236661851406,0.010043859481811523
2020-08-06,2051.5,0.6188791990280151,-0.004227905999869108,-0.020180344581604004
2020-08-07,2010.1,0.6191638112068176,-0.004250518977642059,0.007114052772521973
2020-08-10,2024.4,0.6194263100624084,-0.004272997844964266,-0.04534679651260376
2020-08-11,1932.6,0.619577944278717,-0.0042878431268036366,0.001190185546875
2020-08-12,1934.9,0.6196930408477783,-0.004298107232898474,0.011266708374023438
2020-08-13,1956.7,0.6197651624679565,-0.004304568748921156,-0.010067939758300781
2020-08-14,1937.0,0.6197864413261414,-0.004306224640458822,0.024780631065368652
2020-08-17,1985.0,0.6198320388793945,-0.004308684729039669,0.007254362106323242
2020-08-18,1999.4,0.6198953986167908,-0.004311211872845888,-0.02035611867904663
2020-08-19,1958.7,0.6199334859848022,-0.0043126484379172325,-0.012712478637695312
2020-08-20,1933.8,0.6199471354484558,-0.004313210025429726,0.00041365623474121094
2020-08-21,1934.6,0.619958221912384,-0.0043149893172085285,-0.0035666227340698242
2020-08-24,1927.7,0.6199749708175659,-0.004316701088100672,-0.00824815034866333
2020-08-25,1911.8,0.6199784874916077,-0.004315548110753298,0.015116572380065918
2020-08-26,1940.7,0.6199991106987,-0.004315521102398634,-0.00984179973602295
2020-08-27,1921.6,0.6200061440467834,-0.0043135518208146095,0.0223771333694458
2020-08-28,1964.6,0.6200408339500427,-0.004311705008149147,0.0015270709991455078
2020-08-31,1967.6,0.620065450668335,-0.004310031421482563,0.00030493736267089844
2020-09-01,1968.2,0.6201146841049194,-0.0043106768280267715,-0.01717299222946167
2020-09-02,1934.4,0.6201791763305664,-0.004312247969210148,-0.003515303134918213
2020-09-03,1927.6,0.6201499700546265,-0.004314882215112448,-0.0019194483757019043
2020-09-04,1923.9,0.6201086044311523,-0.004316141828894615,0.0047299861907958984
2020-09-08,1933.0,0.6200115084648132,-0.00431662704795599,0.006052732467651367
2020-09-09,1944.7,0.6199588775634766,-0.004316234961152077,0.004885077476501465
2020-09-10,1954.2,0.6198866963386536,-0.004314300138503313,-0.008392155170440674
2020-09-11,1937.8,0.6198228597640991,-0.004310308955609798,0.007895469665527344
2020-09-14,1953.1,0.6197928190231323,-0.00430561788380146,0.0016384124755859375
2020-09-15,1956.3,0.6198002099990845,-0.004301274660974741,0.001993536949157715
2020-09-16,1960.2,0.6198193430900574,-0.004298557061702013,-0.010305047035217285
2020-09-17,1940.0,0.6198174953460693,-0.004295187536627054,0.006237149238586426
2020-09-18,1952.1,0.6198033690452576,-0.004292402416467667,-0.026074469089508057
2020-09-21,1901.2,0.6197338700294495,-0.004288575612008572,-0.0013675689697265625
2020-09-22,1898.6,0.6196746230125427,-0.004286339972168207,-0.02038341760635376
2020-09-23,1859.9,0.6195423603057861,-0.004281561356037855,0.0045163631439208984
2020-09-24,1868.3,0.6194064617156982,-0.004276908468455076,-0.005673646926879883
2020-09-25,1857.7,0.6193031072616577,-0.00427105650305748,0.00812840461730957
2020-09-28,1872.8,0.619240403175354,-0.0042642829939723015,0.011480093002319336
2020-09-29,1894.3,0.6191937327384949,-0.004257241263985634,-0.0035897493362426758
2020-09-30,1887.5,0.6191698908805847,-0.004249914083629847,0.011072874069213867
2020-10-01,1908.4,0.6191742420196533,-0.004244324751198292,-0.004296839237213135
2020-10-02,1900.2,0.619167149066925,-0.004239166155457497,0.006473064422607422
2020-10-05,1912.5,0.6191940307617188,-0.004234492313116789,-0.005960822105407715
2020-10-06,1901.1,0.6191877126693726,-0.004229582846164703,-0.009205222129821777
2020-10-07,1883.6,0.6191945672035217,-0.004223227500915527,0.002654433250427246
2020-10-08,1888.6,0.5492643117904663,-0.00048506935127079487,0.016361355781555176
2020-10-09,1919.5,0.5492594838142395,-0.00048447330482304096,0.001562952995300293
2020-10-12,1922.5,0.5492559671401978,-0.00048507051542401314,-0.017685294151306152
2020-10-13,1888.5,0.5492560863494873,-0.0004871285054832697,0.0067778825759887695
2020-10-14,1901.3,0.5492651462554932,-0.0004892074503004551,0.0009992122650146484
2020-10-15,1903.2,0.5492876172065735,-0.000491676852107048,-0.001260995864868164
2020-10-16,1900.8,0.5493040680885315,-0.0004936249461025,0.002946138381958008
2020-10-19,1906.4,0.5493161082267761,-0.0004945774562656879,0.0020982027053833008
2020-10-20,1910.4,0.5493186712265015,-0.0004943795502185822,0.0074329376220703125
2020-10-21,1924.6,0.5493141412734985,-0.000493267085403204,-0.012210309505462646
2020-10-22,1901.1,0.5493070483207703,-0.00049221096560359,0.00047338008880615234
2020-10-23,1902.0,0.5492920279502869,-0.0004910626448690891,0.0003679990768432617
2020-10-26,1902.7,0.5492832064628601,-0.0004895778838545084,0.003206014633178711
2020-10-27,1908.8,0.5492777228355408,-0.0004869089461863041,-0.017078816890716553
2020-10-28,1876.2,0.5492520332336426,-0.00048287026584148407,-0.005649685859680176
2020-10-29,1865.6,0.5491685271263123,-0.0004777531139552593,0.006325125694274902
2020-10-30,1877.4,0.5490625500679016,-0.0004712080117315054,0.0069245100021362305
2020-11-02,1890.4,0.5489444136619568,-0.00046388222835958004,0.009574651718139648
2020-11-03,1908.5,0.5488222241401672,-0.0004561969544738531,-0.007283210754394531
2020-11-04,1894.6,0.5487373471260071,-0.00045042671263217926,0.026760339736938477
2020-11-05,1945.3,0.548682689666748,-0.0004464942030608654,0.0025702714920043945
2020-11-06,1950.3,0.548667848110199,-0.000444906298071146,-0.049787282943725586
2020-11-09,1853.2,0.5486811399459839,-0.0004453160800039768,0.011979341506958008
2020-11-10,1875.4,0.5487066507339478,-0.0004466415848582983,-0.00783836841583252
2020-11-11,1860.7,0.5487046241760254,-0.0004500155337154865,0.006395459175109863
2020-11-12,1872.6,0.548677384853363,-0.00045480974949896336,0.006995558738708496
2020-11-13,1885.7,0.5486636161804199,-0.0004599965177476406,0.0008485317230224609
2020-11-16,1887.3,0.5486584305763245,-0.0004658442921936512,-0.001483619213104248
2020-11-17,1884.5,0.5486706495285034,-0.0004720801953226328,-0.005837082862854004
2020-11-18,1873.5,0.5486962795257568,-0.0004780781455338001,-0.006618618965148926
2020-11-19,1861.1,0.5487306714057922,-0.000483708456158638,0.006179094314575195
2020-11-20,1872.6,0.5487769842147827,-0.0004889406263828278,-0.01858377456665039
2020-11-23,1837.8,0.5488209128379822,-0.0004938002675771713,-0.017956256866455078
2020-11-24,1804.8,0.548845648765564,-0.0004982242826372385,0.000498652458190918
2020-11-25,1805.7,0.5488622188568115,-0.0005022461991757154,-0.013180434703826904
2020-11-27,1781.9,0.5488761067390442,-0.0005061568226665258,-0.003479480743408203
2020-11-30,1775.7,0.5488925576210022,-0.0005098809488117695,0.021625280380249023
2020-12-01,1814.1,0.5488954186439514,-0.0005125829484313726,0.006394386291503906
2020-12-02,1825.7,0.5488983392715454,-0.0005147487390786409,0.006079912185668945
2020-12-03,1836.8,0.5489072799682617,-0.0005164530593901873,-0.0004900097846984863
2020-12-04,1835.9,0.5489203929901123,-0.0005180549342185259,0.014107584953308105
2020-12-07,1861.8,0.548945963382721,-0.0005196866113692522,0.0048340559005737305
2020-12-08,1870.8,0.5489848256111145,-0.0005216090939939022,-0.019350051879882812
2020-12-09,1834.6,0.5490209460258484,-0.0005235362332314253,-0.0005450844764709473
2020-12-10,1833.6,0.5490507483482361,-0.0005247851368039846,0.00338137149810791
2020-12-11,1839.8,0.5490847229957581,-0.0005257800221443176,-0.00603330135345459
2020-12-14,1828.7,0.5491117835044861,-0.0005259918980300426,0.012905359268188477
2020-12-15,1852.3,0.549135684967041,-0.0005257443990558386,0.0020514726638793945
2020-12-16,1856.1,0.5491594672203064,-0.0005256757140159607,0.01675558090209961
2020-12-17,1887.2,0.5491776466369629,-0.0005253527779132128,-0.000794827938079834
2020-12-18,1885.7,0.5492061972618103,-0.0005256161093711853,-0.0034469962120056152
2020-12-21,1879.2,0.5492361187934875,-0.0005258244927972555,-0.006704986095428467
2020-12-22,1866.6,0.549278974533081,-0.0005261304322630167,0.004339456558227539
2020-12-23,1874.7,0.5493088960647583,-0.0005260920152068138,0.002773761749267578
2020-12-24,1879.9,0.5493326187133789,-0.0005262922495603561,-0.0014362931251525879
2020-12-28,1877.2,0.5493502616882324,-0.0005270200781524181,0.0013318061828613281
2020-12-29,1879.7,0.5493631362915039,-0.0005276757292449474,0.006011605262756348
2020-12-30,1891.0,0.5493782162666321,-0.0005281339399516582,0.0011105537414550781
2020-12-31,1893.1,0.5494043827056885,-0.0005290666595101357,0.02725684642791748
2021-01-04,1944.7,0.5494418740272522,-0.0005293854046612978,0.00411379337310791
2021-01-05,1952.7,0.5425400733947754,-0.0015820874832570553,-0.023454666137695312
2021-01-06,1906.9,0.5427142381668091,-0.001581072574481368,0.0028318166732788086
2021-01-07,1912.3,0.5428103804588318,-0.0015849238261580467,-0.04089319705963135
2021-01-08,1834.1,0.5426775217056274,-0.0015957679133862257,0.008450984954833984
2021-01-11,1849.6,0.5425020456314087,-0.0016084655653685331,-0.0036223530769348145
2021-01-12,1842.9,0.5423235297203064,-0.0016190216410905123,0.005806088447570801
2021-01-13,1853.6,0.542142391204834,-0.0016260535921901464,-0.0017802715301513672
2021-01-14,1850.3,0.541983425617218,-0.001631642458960414,-0.011349499225616455
2021-01-15,1829.3,0.5418363809585571,-0.0016326210461556911,0.005575895309448242
2021-01-19,1839.5,0.5417123436927795,-0.0016302443109452724,0.014351725578308105
2021-01-20,1865.9,0.5416113138198853,-0.0016261916607618332,-0.0003215670585632324
2021-01-21,1865.3,0.5415355563163757,-0.001622131559997797,-0.005146682262420654
2021-01-22,1855.7,0.5414549112319946,-0.0016190214082598686,-0.000431060791015625
2021-01-25,1854.9,0.5413730144500732,-0.0016151403542608023,-0.0022643208503723145
2021-01-26,1850.7,0.5413073897361755,-0.0016107088886201382,-0.0031338930130004883
2021-01-27,1844.9,0.5413060784339905,-0.0015970610547810793,-0.003794252872467041
2021-01-28,1837.9,0.5414256453514099,-0.0015730243176221848,0.005114555358886719
2021-01-29,1847.3,0.5415982007980347,-0.0015427479520440102,0.007308006286621094
2021-02-01,1860.8,0.5417587161064148,-0.0015111365355551243,-0.01628333330154419
2021-02-02,1830.5,0.541765570640564,-0.0014876374043524265,0.0009286403656005859
2021-02-03,1832.2,0.5416570901870728,-0.0014759099576622248,-0.02363276481628418
2021-02-04,1788.9,0.541456401348114,-0.0014681078027933836,0.012298107147216797
2021-02-05,1810.9,0.5412499904632568,-0.0014685653150081635,0.011596441268920898
2021-02-08,1831.9,0.5410588383674622,-0.0014744026120752096,0.0018559694290161133
2021-02-09,1835.3,0.5409039258956909,-0.0014835924375802279,0.002887725830078125
2021-02-10,1840.6,0.5407909154891968,-0.0014933354686945677,-0.00852978229522705
2021-02-11,1824.9,0.5406923890113831,-0.0015034331008791924,-0.0018083453178405762
2021-02-12,1821.6,0.5406020879745483,-0.0015153856948018074,-0.013394832611083984
2021-02-16,1797.2,0.5405121445655823,-0.0015294188633561134,-0.014522552490234375
2021-02-17,1771.1,0.5403934121131897,-0.0015419332776218653,0.001298666000366211
2021-02-18,1773.4,0.5402896404266357,-0.0015522411558777094,0.0013533830642700195
2021-02-19,1775.8,0.5402212142944336,-0.0015599762555211782,0.017400503158569336
2021-02-22,1806.7,0.5402339696884155,-0.0015659898053854704,-0.0012729763984680176
2021-02-23,1804.4,0.540282666683197,-0.0015692939050495625,-0.004433631896972656
2021-02-24,1796.4,0.5403096675872803,-0.0015719931107014418,-0.01224672794342041
2021-02-25,1774.4,0.5403773188591003,-0.0015743763651698828,-0.026093363761901855
2021-02-26,1728.1,0.5404163002967834,-0.0015675106551498175,-0.003240525722503662
2021-03-01,1722.5,0.5403779745101929,-0.0015563846100121737,0.00615382194519043
2021-03-02,1733.1,0.5402819514274597,-0.0015435311943292618,-0.01027059555053711
2021-03-03,1715.3,0.5401843786239624,-0.0015281385276466608,-0.008803188800811768
2021-03-04,1700.2,0.5401309728622437,-0.0015097565483301878,-0.001293957233428955
2021-03-05,1698.0,0.5400682091712952,-0.0014899901580065489,-0.01195526123046875
2021-03-08,1677.7,0.5399640202522278,-0.0014711034018546343,0.023186564445495605
2021-03-09,1716.6,0.5398746728897095,-0.0014527041930705309,0.002854466438293457
2021-03-10,1721.5,0.5397740006446838,-0.0014356484171003103,0.0004647970199584961
2021-03-11,1722.3,0.5396522879600525,-0.001421564258635044,-0.0016257762908935547
2021-03-12,1719.5,0.5395447015762329,-0.0014131697826087475,0.0054666996002197266
2021-03-15,1728.9,0.5394505858421326,-0.001409557880833745,0.0009832382202148438
2021-03-16,1730.6,0.539379358291626,-0.0014104312285780907,-0.00219571590423584
2021-03-17,1726.8,0.539322018623352,-0.0014150224160403013,0.0031270980834960938
2021-03-18,1732.2,0.5393450856208801,-0.0014230236411094666,0.005311250686645508
2021-03-19,1741.4,0.5394478440284729,-0.0014329426921904087,-0.002067267894744873
2021-03-22,1737.8,0.539544403553009,-0.0014433895703405142,-0.007538318634033203
2021-03-23,1724.7,0.5396158695220947,-0.0014529521577060223,0.004754543304443359
2021-03-24,1732.9,0.5397184491157532,-0.0014609417412430048,-0.00461655855178833
2021-03-25,1724.9,0.5398142337799072,-0.0014669639058411121,0.004232048988342285
2021-03-26,1732.2,0.5398766398429871,-0.001473335549235344,-0.011603713035583496
2021-03-29,1712.1,0.5399008989334106,-0.001479864353314042,-0.01647096872329712
2021-03-30,1683.9,0.5398831963539124,-0.0014844401739537716,0.01775646209716797
2021-03-31,1713.8,0.5398848652839661,-0.001488348701968789,0.007410407066345215
2021-04-01,1726.5,0.5245807766914368,0.0011282062623649836,0.00028955936431884766
2021-04-05,1727.0,0.5245014429092407,0.0011223572073504329,0.008396029472351074
2021-04-06,1741.5,0.5244689583778381,0.00111652712803334,-0.0008039474487304688
2021-04-07,1740.1,0.5244539380073547,0.00111011927947402,0.009597182273864746
2021-04-08,1756.8,0.5244784355163574,0.0011034319177269936,-0.0076844096183776855
2021-04-09,1743.3,0.5245187878608704,0.0010951000731438398,-0.006940901279449463
2021-04-12,1731.2,0.5245673656463623,0.0010861987248063087,0.008664488792419434
2021-04-13,1746.2,0.5246393084526062,0.0010782753815874457,-0.006471157073974609
2021-04-14,1734.9,0.5247252583503723,0.0010709997732192278,0.017580270767211914
2021-04-15,1765.4,0.5248399376869202,0.0010637735249474645,0.007703661918640137
2021-04-16,1779.0,0.5249595642089844,0.001056524459272623,-0.005396246910095215
2021-04-19,1769.4,0.525105357170105,0.0010495829628780484,0.00446474552154541
2021-04-20,1777.3,0.5252618193626404,0.001047032419592142,0.008439779281616211
2021-04-21,1792.3,0.5254242420196533,0.001045985845848918,-0.006193220615386963
2021-04-22,1781.2,0.5255773067474365,0.0010457771131768823,-0.002357959747314453
2021-04-23,1777.0,0.5257453322410583,0.0010429014218971133,0.0012379884719848633
2021-04-26,1779.2,0.5259069204330444,0.0010386125650256872,-0.0006744265556335449
2021-04-27,1778.0,0.5260374546051025,0.0010341190500184894,-0.0026996731758117676
2021-04-28,1773.2,0.526153028011322,0.0010289534693583846,-0.0028761625289916992
2021-04-29,1768.1,0.526248574256897,0.0010239486582577229,-0.00045239925384521484
2021-04-30,1767.3,0.5262883305549622,0.001023456105031073,0.013636589050292969
2021-05-03,1791.4,0.5263170599937439,0.0010260161943733692,-0.00870823860168457
2021-05-04,1775.8,0.5263261198997498,0.0010313825914636254,0.004673957824707031
2021-05-05,1784.1,0.5263335108757019,0.0010385740315541625,0.017599940299987793
2021-05-06,1815.5,0.5263610482215881,0.0010437378659844398,0.008592605590820312
2021-05-07,1831.1,0.5264196395874023,0.0010433015413582325,0.0034952163696289062
2021-05-10,1837.5,0.5264958143234253,0.0010429571848362684,-0.0008707642555236816
2021-05-11,1835.9,0.5265976190567017,0.0010471292771399021,-0.007244408130645752
2021-05-12,1822.6,0.5266921520233154,0.0010640955297276378,0.0006583929061889648
2021-05-13,1823.8,0.5267781615257263,0.0010822960175573826,0.007731080055236816
2021-05-14,1837.9,0.5268533825874329,0.0010893899016082287,0.016105294227600098
2021-05-17,1867.5,0.5269134044647217,0.001089351368136704,0.00016069412231445312
2021-05-18,1867.8,0.5269935131072998,0.0010880476329475641,0.007227778434753418
2021-05-19,1881.3,0.5270622372627258,0.0010891754645854235,0.0002657175064086914
2021-05-20,1881.8,0.5271584391593933,0.0010879153851419687,-0.0027102231979370117
2021-05-21,1876.7,0.5272523164749146,0.0010838445741683245,0.0042095184326171875
2021-05-24,1884.6,0.5273504257202148,0.0010772580280900002,0.007163286209106445
2021-05-25,1898.1,0.5274655818939209,0.0010684086009860039,0.0016859769821166992
2021-05-26,1901.3,0.5275593400001526,0.0010566114215180278,-0.002945423126220703
2021-05-27,1895.7,0.5276357531547546,0.0010420165490359068,0.0035871267318725586
2021-05-28,1902.5,0.5277115702629089,0.001024739001877606,0.00021028518676757812
2021-06-01,1902.9,0.5277947783470154,0.0010083800880238414,0.002417325973510742
2021-06-02,1907.5,0.5278789401054382,0.000993905938230455,-0.01903015375137329
2021-06-03,1871.2,0.527927815914154,0.0009816066594794393,0.009940147399902344
2021-06-04,1889.8,0.5279828906059265,0.0009712839964777231,0.003704071044921875
2021-06-07,1896.8,0.5280393362045288,0.0009601857746019959,-0.0024251937866210938
2021-06-08,1892.2,0.5281004309654236,0.0009509009541943669,0.0005284547805786133
2021-06-09,1893.2,0.5281834006309509,0.0009450565557926893,0.0005282163619995117
2021-06-10,1894.2,0.5282920002937317,0.0009391806088387966,-0.00886911153793335
2021-06-11,1877.4,0.5283701419830322,0.0009316176874563098,-0.0071375370025634766
2021-06-14,1864.0,0.5284292697906494,0.000923459418118,-0.005096554756164551
2021-06-15,1854.5,0.5284789204597473,0.0009139545727521181,0.0026961565017700195
2021-06-16,1859.5,0.5284632444381714,0.0009098220616579056,-0.04608762264251709
2021-06-17,1773.8,0.5283796191215515,0.0009076155256479979,-0.0033261775970458984
2021-06-18,1767.9,0.5283157229423523,0.0009148061508312821,0.007862448692321777
2021-06-21,1781.8,0.5282445549964905,0.0009227656992152333,-0.0030867457389831543
2021-06-22,1776.3,0.5281620025634766,0.0009270886657759547,0.0033777952194213867
2021-06-23,1782.3,0.5280596613883972,0.0009295843774452806,-0.0037592053413391113
2021-06-24,1775.6,0.5279577374458313,0.0009291573660448194,0.0005631446838378906
2021-06-25,1776.6,0.527845561504364,0.0009277492063120008,0.0016885995864868164
2021-06-28,1779.6,0.583318293094635,-0.0027686338871717453,-0.009440302848815918
2021-06-29,1762.8,0.5831940174102783,-0.002766805235296488,0.004538178443908691
2021-06-30,1770.8,0.583078145980835,-0.0027662385255098343,0.002880096435546875
2021-07-01,1775.9,0.5829679369926453,-0.0027671121060848236,0.003772735595703125
2021-07-02,1782.6,0.5828937292098999,-0.002769922837615013,0.0061147212982177734
2021-07-06,1793.5,0.58287513256073,-0.0027749030850827694,0.004460573196411133
2021-07-07,1801.5,0.5828894972801208,-0.0027816155925393105,-0.0010547041893005371
2021-07-08,1799.6,0.5829522013664246,-0.002788625191897154,0.0057790279388427734
2021-07-09,1810.0,0.5830181837081909,-0.0027965218760073185,-0.0024861693382263184
2021-07-12,1805.5,0.5831043720245361,-0.00280411122366786,0.0021600723266601562
2021-07-13,1809.4,0.5831870436668396,-0.0028109909035265446,0.008234739303588867
2021-07-14,1824.3,0.5832780599594116,-0.0028179585933685303,0.002247452735900879
2021-07-15,1828.4,0.5834144949913025,-0.002827825490385294,-0.007602274417877197
2021-07-16,1814.5,0.5835548639297485,-0.0028357957489788532,-0.0031964778900146484
2021-07-19,1808.7,0.5836971998214722,-0.0028403643518686295,0.0012164115905761719
2021-07-20,1810.9,0.5837844610214233,-0.0028429748490452766,-0.004417717456817627
2021-07-21,1802.9,0.583850085735321,-0.0028444929048419,0.0011647939682006836
2021-07-22,1805.0,0.5839242339134216,-0.002846142742782831,-0.0019944310188293457
2021-07-23,1801.4,0.5839916467666626,-0.002848445437848568,-0.001498878002166748
2021-07-26,1798.7,0.5840672254562378,-0.00285149784758687,0.00044476985931396484
2021-07-27,1799.5,0.5841639637947083,-0.002855065744370222,0.0
2021-07-28,1799.5,0.5842520594596863,-0.0028587738052010536,0.01761603355407715
2021-07-29,1831.2,0.5843726396560669,-0.0028651850298047066,-0.010157287120819092
2021-07-30,1812.6,0.5844990015029907,-0.002870501484721899,0.003034353256225586
2021-08-02,1818.1,0.5846308469772339,-0.002875671721994877,-0.004400193691253662
2021-08-03,1810.1,0.5847387909889221,-0.0028802012093365192,0.00022101402282714844
2021-08-04,1810.5,0.5848370790481567,-0.0028846259228885174,-0.002982616424560547
2021-08-05,1805.1,0.5849074125289917,-0.0028886464424431324,-0.024984776973724365
2021-08-06,1760.0,0.5848954916000366,-0.002889031544327736,-0.020795464515686035
2021-08-09,1723.4,0.5847980380058289,-0.0028851968236267567,0.0031332969665527344
2021-08-10,1728.8,0.5846414566040039,-0.0028800806030631065,0.012494206428527832
2021-08-11,1750.4,0.5844732522964478,-0.002875812817364931,-0.0007998347282409668
2021-08-12,1749.0,0.5843048095703125,-0.002872152253985405,0.014979958534240723
2021-08-13,1775.2,0.5841959118843079,-0.0028717629611492157,0.006590843200683594
2021-08-16,1786.9,0.5841622352600098,-0.0028758090920746326,-0.0010632872581481934
2021-08-17,1785.0,0.5841624140739441,-0.002880115993320942,-0.0019047856330871582
2021-08-18,1781.6,0.5841730833053589,-0.002882340457290411,-0.00078582763671875
2021-08-19,1780.2,0.5841532945632935,-0.002881379798054695,0.0004494190216064453
2021-08-20,1781.0,0.5841098427772522,-0.0028791530057787895,0.01246488094329834
2021-08-23,1803.2,0.584118664264679,-0.0028796130791306496,0.0013309717178344727
2021-08-24,1805.6,0.5841798186302185,-0.002882341854274273,-0.00963670015335083
2021-08-25,1788.2,0.5842440724372864,-0.0028850208036601543,0.0022368431091308594
2021-08-26,1792.2,0.5843161344528198,-0.0028874468989670277,0.013614535331726074
2021-08-27,1816.6,0.5843926072120667,-0.0028917277231812477,-0.004183650016784668
2021-08-30,1809.0,0.5844930410385132,-0.0028971401043236256,0.0033167600631713867
2021-08-31,1815.0,0.5846100449562073,-0.002904016524553299,-0.0010468363761901855
2021-09-01,1813.1,0.5847256183624268,-0.002911211922764778,-0.0024268031120300293
2021-09-02,1808.7,0.5848432779312134,-0.0029182592406868935,0.012274026870727539
2021-09-03,1830.9,0.5849745869636536,-0.002926735207438469,-0.01911628246307373
2021-09-07,1795.9,0.5850613713264465,-0.0029312395490705967,-0.002895534038543701
2021-09-08,1790.7,0.5850917100906372,-0.0029324954375624657,0.003741621971130371
2021-09-09,1797.4,0.5851088166236877,-0.0029323012568056583,-0.004339635372161865
2021-09-10,1789.6,0.5851021409034729,-0.002929660491645336,0.001341104507446289
2021-09-13,1792.0,0.5850560069084167,-0.002924925647675991,0.007086992263793945
2021-09-14,1804.7,0.5850239992141724,-0.002920249942690134,-0.006815493106842041
2021-09-15,1792.4,0.5849909782409668,-0.0029163616709411144,-0.02108907699584961
2021-09-16,1754.6,0.5849296450614929,-0.0029100505635142326,-0.0029636025428771973
2021-09-17,1749.4,0.5848336219787598,-0.0029018577188253403,0.007088184356689453
2021-09-20,1761.8,0.5847316980361938,-0.002891348209232092,0.008059859275817871
2021-09-21,1776.0,0.584596574306488,-0.0028794147074222565,0.0003941059112548828
2021-09-22,1776.7,0.555418074131012,0.0002785568358376622,-0.01632237434387207
2021-09-23,1747.7,0.5553787350654602,0.00028374441899359226,0.0011444091796875
2021-09-24,1749.7,0.5553508996963501,0.00029075529891997576,0.00017154216766357422
2021-09-27,1750.0,0.5553195476531982,0.00029798364266753197,-0.008114278316497803
2021-09-28,1735.8,0.5552679300308228,0.0003054536646232009,-0.00823831558227539
2021-09-29,1721.5,0.5551896691322327,0.0003142175264656544,0.019634127616882324
2021-09-30,1755.3,0.5551230311393738,0.0003220692742615938,0.0009684562683105469
2021-10-01,1757.0,0.5550642013549805,0.0003291093744337559,0.005236148834228516
2021-10-04,1766.2,0.5550267696380615,0.0003346008015796542,-0.0037367939949035645
2021-10-05,1759.6,0.5549991726875305,0.0003404992166906595,0.0005115270614624023
2021-10-06,1760.5,0.5549824833869934,0.0003464199835434556,-0.0014768242835998535
2021-10-07,1757.9,0.5549677610397339,0.00035294482950121164,-0.0009101629257202148
2021-10-08,1756.3,0.5549572706222534,0.00035964639391750097,-0.0009679794311523438
2021-10-11,1754.6,0.5549500584602356,0.0003659303765743971,0.0021088123321533203
2021-10-12,1758.3,0.5549479126930237,0.00037148850969970226,0.020133018493652344
2021-10-13,1793.7,0.5549689531326294,0.00037489819806069136,0.001672506332397461
2021-10-14,1796.7,0.555004358291626,0.00037681451067328453,-0.01641899347305298
2021-10-15,1767.2,0.5550540089607239,0.00037945841904729605,-0.0013580322265625
2021-10-18,1764.8,0.5550992488861084,0.0003818758996203542,0.002776503562927246
2021-10-19,1769.7,0.5551295280456543,0.00038468814454972744,0.008136987686157227
2021-10-20,1784.1,0.5551509261131287,0.00038694182876497507,-0.0016254782676696777
2021-10-21,1781.2,0.5551607012748718,0.00038798688910901546,0.008028268814086914
2021-10-22,1795.5,0.5551713705062866,0.0003883880563080311,0.005847930908203125
2021-10-25,1806.0,0.5551901459693909,0.00038824870716780424,-0.007364392280578613
2021-10-26,1792.7,0.5552010536193848,0.00038836186286062,0.00290071964263916
2021-10-27,1797.9,0.5552125573158264,0.00038736837450414896,0.0020579099655151367
2021-10-28,1801.6,0.5552049279212952,0.00038485019467771053,-0.01032412052154541
2021-10-29,1783.0,0.5551996231079102,0.00038354110438376665,0.006786346435546875
2021-11-01,1795.1,0.5551891326904297,0.0003821935970336199,-0.0035652518272399902
2021-11-02,1788.7,0.5551750063896179,0.00038128846790641546,-0.014032542705535889
2021-11-03,1763.6,0.5551310777664185,0.00038091070018708706,0.01667046546936035
2021-11-04,1793.0,0.5551040172576904,0.000380681362003088,0.01305079460144043
2021-11-05,1816.4,0.555092990398407,0.00037890952080488205,0.006055951118469238
2021-11-08,1827.4,0.5550908446311951,0.00037621031515300274,0.0015321969985961914
2021-11-09,1830.2,0.5551007390022278,0.00037259969394654036,0.009507179260253906
2021-11-10,1847.6,0.5551528334617615,0.0003707241266965866,0.008443355560302734
2021-11-11,1863.2,0.5552331805229187,0.00036922236904501915,0.002522587776184082
2021-11-12,1867.9,0.5553232431411743,0.0003674293402582407,-0.0009636878967285156
2021-11-15,1866.1,0.5554690957069397,0.0003660855581983924,-0.006698489189147949
2021-11-16,1853.6,0.5556234121322632,0.0003653879975900054,0.008685827255249023
2021-11-17,1869.7,0.5557737350463867,0.0003637573681771755,-0.00465315580368042
2021-11-18,1861.0,0.5558931231498718,0.00036153558176010847,-0.005266010761260986
2021-11-19,1851.2,0.5559965372085571,0.00035936501808464527,-0.024416565895080566
2021-11-22,1806.0,0.5560492873191833,0.0003599654883146286,-0.012458443641662598
2021-11-23,1783.5,0.5560373067855835,0.0003632403677329421,0.0003364086151123047
2021-11-24,1784.1,0.5559924244880676,0.0003684047842398286,0.0006726980209350586
2021-11-26,1785.3,0.5558741688728333,0.0003697287756949663,-0.0016803741455078125
2021-11-29,1782.3,0.5557473301887512,0.0003723856061697006,-0.004881381988525391
2021-11-30,1773.6,0.5556088089942932,0.00037365895695984364,0.004510641098022461
2021-12-01,1781.6,0.555466890335083,0.0003737992374226451,-0.01173102855682373
2021-12-02,1760.7,0.5553197860717773,0.0003754403442144394,0.012097477912902832
2021-12-03,1782.0,0.5551932454109192,0.00037557235918939114,-0.0025252699851989746
2021-12-06,1777.5,0.5550985336303711,0.000377348274923861,0.002869129180908203
2021-12-07,1782.6,0.5550479888916016,0.0003811286296695471,0.0004488229751586914
2021-12-08,1783.4,0.5550333857536316,0.00038530712481588125,-0.004934430122375488
2021-12-09,1774.6,0.5550421476364136,0.00038869213312864304,0.004677176475524902
2021-12-10,1782.9,0.5550673604011536,0.0003909419756382704,0.0019069910049438477
2021-12-13,1786.3,0.5551150441169739,0.000391407054848969,-0.008901119232177734
2021-12-14,1770.4,0.5551593899726868,0.00039145571645349264,-0.004405796527862549
2021-12-15,1762.6,0.5552288293838501,0.00039267668034881353,0.019289731979370117
2021-12-16,1796.6,0.524522602558136,0.0009478265419602394,0.004007577896118164
2021-12-17,1803.8,0.5245369076728821,0.0009485500631853938,-0.005599319934844971
2021-12-20,1793.7,0.5245229601860046,0.0009491221280768514,-0.003233492374420166
2021-12-21,1787.9,0.5245136022567749,0.0009481217712163925,0.007662534713745117
2021-12-22,1801.6,0.5245639681816101,0.000947202555835247,0.005328536033630371
2021-12-23,1811.2,0.5246419310569763,0.0009462429443374276,-0.0017115473747253418
2021-12-27,1808.1,0.5247360467910767,0.0009449218632653356,0.0011614561080932617
2021-12-28,1810.2,0.5248419642448425,0.0009439816931262612,-0.0028173327445983887
2021-12-29,1805.1,0.5249578952789307,0.0009418650297448039,0.004210233688354492
2021-12-30,1812.7,0.5250753164291382,0.0009398191468790174,0.008164644241333008
2021-12-31,1827.5,0.5252111554145813,0.0009382833959534764,-0.01537621021270752
2022-01-03,1799.4,0.5252895951271057,0.0009348460007458925,0.008113861083984375
2022-01-04,1814.0,0.5253520607948303,0.0009309264132753015,0.005843400955200195
2022-01-05,1824.6,0.5253686904907227,0.0009261461673304439,-0.01967555284500122
2022-01-06,1788.7,0.52532958984375,0.0009188037365674973,0.00464022159576416
2022-01-07,1797.0,0.5252905488014221,0.0009152077836915851,0.0007790327072143555
2022-01-10,1798.4,0.5252151489257812,0.0009101436007767916,0.011232137680053711
2022-01-11,1818.6,0.5251718163490295,0.000906220986507833,0.004728913307189941
2022-01-12,1827.2,0.525174081325531,0.000903962878510356,-0.0032837390899658203
2022-01-13,1821.2,0.5251697301864624,0.0009022790472954512,-0.002580702304840088
2022-01-14,1816.5,0.5251548290252686,0.000901093240827322,-0.0023121237754821777
2022-01-18,1812.3,0.5250231027603149,0.0008976050885394216,0.016994953155517578
2022-01-19,1843.1,0.5248860120773315,0.0008952065836638212,-0.0003255009651184082
2022-01-20,1842.5,0.5247004628181458,0.00089219119399786,-0.005807280540466309
2022-01-21,1831.8,0.5244695544242859,0.0008892308687791228,0.005404472351074219
2022-01-24,1841.7,0.5242133736610413,0.0008866293355822563,0.005972743034362793
2022-01-25,1852.7,0.5239438414573669,0.0008853530744090676,-0.0123063325881958
2022-01-26,1829.9,0.523618221282959,0.0008828515419736505,-0.02000105381011963
2022-01-27,1793.3,0.5232558250427246,0.0008787658298388124,-0.004684090614318848
2022-01-28,1784.9,0.5229225754737854,0.000874175108037889,0.005658507347106934
2022-01-31,1795.0,0.5226891040802002,0.0008710601832717657,0.0029526948928833008
2022-02-01,1800.3,0.5225545763969421,0.000868877861648798,0.0049436092376708984
2022-02-02,1809.2,0.5225042700767517,0.0008675629505887628,-0.0034269094467163086
2022-02-03,1803.0,0.5224922299385071,0.0008675210410729051,0.001996636390686035
2022-02-04,1806.6,0.5225005745887756,0.0008674721466377378,0.007749319076538086
2022-02-07,1820.6,0.5225334763526917,0.0008678054437041283,0.0032956600189208984
2022-02-08,1826.6,0.5225738883018494,0.0008676262805238366,0.0047081708908081055
2022-02-09,1835.2,0.5226485729217529,0.0008675047429278493,0.0005449056625366211
2022-02-10,1836.2,0.5226712822914124,0.0008661344181746244,0.002505183219909668
2022-02-11,1840.8,0.5226390957832336,0.0008636569837108254,0.014776110649108887
2022-02-14,1868.0,0.522569477558136,0.0008617169223725796,-0.00706636905670166
2022-02-15,1854.8,0.5224815607070923,0.000859598396345973,0.008302688598632812
2022-02-16,1870.2,0.5224344730377197,0.0008583146845921874,0.01630842685699463
2022-02-17,1900.7,0.5223795175552368,0.0008576220134273171,-0.0011048316955566406
2022-02-18,1898.6,0.5223300457000732,0.000858061364851892,0.003950238227844238
2022-02-22,1906.1,0.5222699046134949,0.0008595125982537866,0.0016263723373413086
2022-02-23,1909.2,0.5221690535545349,0.0008611258817836642,0.008328080177307129
2022-02-24,1925.1,0.5220459699630737,0.0008618177380412817,-0.020050883293151855
2022-02-25,1886.5,0.5219431519508362,0.0008625931804999709,0.006838083267211914
2022-02-28,1899.4,0.5218570232391357,0.00086300412658602,0.022638678550720215
2022-03-01,1942.4,0.5217787027359009,0.000864723464474082,-0.011068761348724365
2022-03-02,1920.9,0.5217104554176331,0.0008674610871821642,0.007027983665466309
2022-03-03,1934.4,0.5216581225395203,0.0008703487692400813,0.01587057113647461
2022-03-04,1965.1,0.5216073989868164,0.0008730972185730934,0.014655709266662598
2022-03-07,1993.9,0.5215017795562744,0.0008759116753935814,0.0231705904006958
2022-03-08,2040.1,0.5214381814002991,0.0008814692264422774,-0.026567280292510986
2022-03-09,1985.9,0.521396815776825,0.0008862951071932912,0.006143331527709961
2022-03-10,1998.1,0.521391749382019,0.0008901029359549284,-0.007707357406616211
2022-03-11,1982.7,0.5213453769683838,0.0008911446202546358,-0.01165074110031128
2022-03-14,1959.6,0.5212382078170776,0.0008893129415810108,-0.01587057113647461
2022-03-15,1928.5,0.46465420722961426,0.004160167183727026,-0.010630011558532715
2022-03-16,1908.0,0.46489986777305603,0.004121335688978434,0.017872095108032227
2022-03-17,1942.1,0.46526381373405457,0.004073718562722206,-0.0071572065353393555
2022-03-18,1928.2,0.46571415662765503,0.004020123276859522,0.00020742416381835938
2022-03-21,1928.6,0.46619173884391785,0.003961432725191116,-0.004096269607543945
2022-03-22,1920.7,0.46666419506073,0.0039012846536934376,0.008278250694274902
2022-03-23,1936.6,0.46711769700050354,0.003847462823614478,0.012909173965454102
2022-03-24,1961.6,0.4676065444946289,0.003790193237364292,-0.003976285457611084
2022-03-25,1953.8,0.4681040048599243,0.003729508025571704,-0.007267951965332031
2022-03-28,1939.6,0.46860283613204956,0.00366832478903234,-0.01422971487045288
2022-03-29,1912.0,0.4690822660923004,0.003613102249801159,0.011244773864746094
2022-03-30,1933.5,0.46954697370529175,0.003566441126167774,0.008119940757751465
2022-03-31,1949.2,0.46996718645095825,0.0035294191911816597,-0.015442192554473877
2022-04-01,1919.1,0.4703272581100464,0.003495339071378112,0.005262851715087891
2022-04-04,1929.2,0.47064611315727234,0.003461873158812523,-0.003265559673309326
2022-04-05,1922.9,0.4708542227745056,0.0034382869489490986,-0.0023401975631713867
2022-04-06,1918.4,0.4709775149822235,0.003421170637011528,0.00802755355834961
2022-04-07,1933.8,0.47110041975975037,0.0034024338237941265,0.004033446311950684
2022-04-08,1941.6,0.4712621867656708,0.0033793444745242596,0.001390695571899414
2022-04-11,1944.3,0.47140201926231384,0.003363187424838543,0.014298200607299805
2022-04-12,1972.1,0.47158515453338623,0.0033472636714577675,0.0045130252838134766
2022-04-13,1981.0,0.4718802571296692,0.0033224732615053654,-0.005098402500152588
2022-04-14,1970.9,0.4722229242324829,0.0032935040071606636,0.006088614463806152
2022-04-18,1982.9,0.47265222668647766,0.003256974508985877,-0.013717293739318848
2022-04-19,1955.7,0.473110556602478,0.003216666867956519,-0.001738429069519043
2022-04-20,1952.3,0.47359660267829895,0.003176589496433735,-0.003790438175201416
2022-04-21,1944.9,0.4740349352359772,0.0031453981064260006,-0.007146894931793213
2022-04-22,1931.0,0.4742885231971741,0.00313978036865592,-0.01957535743713379
2022-04-25,1893.2,0.474435955286026,0.003145180642604828,0.004331350326538086
2022-04-26,1901.4,0.4743560254573822,0.0031836340203881264,-0.008151888847351074
2022-04-27,1885.9,0.47418904304504395,0.003224909771233797,0.0014846324920654297
2022-04-28,1888.7,0.47399845719337463,0.0032627321779727936,0.01090705394744873
2022-04-29,1909.3,0.47375133633613586,0.0033067469485104084,-0.024878203868865967
2022-05-02,1861.8,0.47352835536003113,0.0033405148424208164,0.0037598609924316406
2022-05-03,1868.8,0.47342246770858765,0.003356311935931444,-0.0009632110595703125
2022-05-04,1867.0,0.4735119640827179,0.0033496988471597433,0.003749370574951172
2022-05-05,1874.0,0.47359398007392883,0.0033482620492577553,0.003841996192932129
2022-05-06,1881.2,0.473717600107193,0.003337827045470476,-0.012810945510864258
2022-05-09,1857.1,0.4737927317619324,0.003340562805533409,-0.009261727333068848
2022-05-10,1839.9,0.4739089012145996,0.0033408328890800476,0.006902575492858887
2022-05-11,1852.6,0.4740794599056244,0.003339602379128337,-0.015545666217803955
2022-05-12,1823.8,0.4742812216281891,0.003337301081046462,-0.008992254734039307
2022-05-13,1807.4,0.47452273964881897,0.0033249028492718935,0.0033750534057617188
2022-05-16,1813.5,0.47483474016189575,0.0033046945463865995,0.0025916099548339844
2022-05-17,1818.2,0.4752136170864105,0.003273816779255867,-0.0012649297714233398
2022-05-18,1815.9,0.47551247477531433,0.0032584285363554955,0.013932466506958008
2022-05-19,1841.2,0.47582748532295227,0.0032412363216280937,0.00032591819763183594
2022-05-20,1841.8,0.4761430323123932,0.003225803840905428,0.0032576322555541992
2022-05-23,1847.8,0.476443886756897,0.0032078702934086323,0.009362459182739258
2022-05-24,1865.1,0.47671619057655334,0.0031952830031514168,-0.010133504867553711
2022-05-25,1846.2,0.4769519567489624,0.0031835255213081837,0.0006500482559204102
2022-05-26,1847.4,0.47713494300842285,0.003173673525452614,0.002111077308654785
2022-05-27,1851.3,0.4772859513759613,0.0031627158168703318,-0.004645407199859619
2022-05-31,1842.7,0.4773619472980499,0.0031528391409665346,0.0003256797790527344
2022-06-01,1843.3,0.47738519310951233,0.00313902972266078,0.012586116790771484
2022-06-02,1866.5,0.47741368412971497,0.0031218959484249353,-0.01130455732345581
2022-06-03,1845.4,0.4774512052536011,0.0031021086033433676,-0.0033597350120544434
2022-06-06,1839.2,0.4774819612503052,0.0030808723531663418,0.004512906074523926
2022-06-07,1847.5,0.47754961252212524,0.003058144822716713,0.002381563186645508
2022-06-08,1851.9,0.4776551127433777,0.003033075714483857,-0.0016739368438720703
2022-06-09,1848.8,0.48417454957962036,0.0027422450948506594,0.012278199195861816
2022-06-10,1871.5,0.4843268394470215,0.0027293653693050146,-0.023243367671966553
2022-06-13,1828.0,0.48428666591644287,0.0027414148207753897,-0.01012033224105835
2022-06-14,1809.5,0.48418956995010376,0.002770371036604047,0.0032052993774414062
2022-06-15,1815.3,0.48418283462524414,0.002795514417812228,0.01674652099609375
2022-06-16,1845.7,0.48412612080574036,0.002817160915583372,-0.0054721832275390625
2022-06-17,1835.6,0.48408493399620056,0.002836609026417136,-0.0005447864532470703
2022-06-21,1834.6,0.4840868413448334,0.002855448517948389,-0.00016349554061889648
2022-06-22,1834.3,0.48413246870040894,0.0028686821460723877,-0.0046885013580322266
2022-06-23,1825.7,0.48416686058044434,0.002881616586819291,0.0004382133483886719
2022-06-24,1826.5,0.4842369556427002,0.0028918490279465914,-0.003065943717956543
2022-06-27,1820.9,0.484333336353302,0.0028956395108252764,-0.0018672347068786621
2022-06-28,1817.5,0.4843983054161072,0.0028985401149839163,-0.0020908117294311523
2022-06-29,1813.7,0.4844205975532532,0.0029021550435572863,-0.005293011665344238
2022-06-30,1804.1,0.4843766987323761,0.002905003260821104,-0.0028823018074035645
2022-07-01,1798.9,0.4843292236328125,0.002905215136706829,-0.02062368392944336
2022-07-05,1761.8,0.4841943383216858,0.002913645701482892,-0.015268504619598389
2022-07-06,1734.9,0.48402535915374756,0.0029268956277519464,0.0017292499542236328
2022-07-07,1737.9,0.48386242985725403,0.0029426789842545986,0.0015535354614257812
2022-07-08,1740.6,0.4837667644023895,0.002952361246570945,-0.0060898661613464355
2022-07-11,1730.0,0.48363760113716125,0.0029659473802894354,-0.003872811794281006
2022-07-12,1723.3,0.4834524989128113,0.0029842169024050236,0.0063250064849853516
2022-07-13,1734.2,0.48325517773628235,0.003001262666657567,-0.017126023769378662
2022-07-14,1704.5,0.48305225372314453,0.003016634378582239,-0.0012320280075073242
2022-07-15,1702.4,0.48287513852119446,0.003018836723640561,0.003994345664978027
2022-07-18,1709.2,0.4826929569244385,0.003013154724612832,0.00046813488006591797
2022-07-19,1710.0,0.48251673579216003,0.002999361138790846,-0.006140351295471191
2022-07-20,1699.5,0.48232772946357727,0.0029769139364361763,0.0077669620513916016
2022-07-21,1712.7,0.4821634888648987,0.002953009447082877,0.008407831192016602
2022-07-22,1727.1,0.48200687766075134,0.002925462555140257,-0.004689931869506836
2022-07-25,1719.0,0.48184826970100403,0.0028958942275494337,-0.0007562637329101562
2022-07-26,1717.7,0.4816523492336273,0.0028711638879030943,0.0008150339126586914
2022-07-27,1719.1,0.4814823269844055,0.002848407719284296,0.01814901828765869
2022-07-28,1750.3,0.48134827613830566,0.0028252066113054752,0.007198810577392578
2022-07-29,1762.9,0.48126524686813354,0.0027983076870441437,0.0034601688385009766
2022-08-01,1769.0,0.4811536967754364,0.00277132960036397,0.0011870861053466797
2022-08-02,1771.1,0.4810163080692291,0.002749406034126878,-0.007396519184112549
2022-08-03,1758.0,0.48092135787010193,0.002730024280026555,0.0173492431640625
2022-08-04,1788.5,0.4808838665485382,0.002706452738493681,-0.008722364902496338
2022-08-05,1772.9,0.4808971583843231,0.0026813093572854996,0.007840275764465332
2022-08-08,1786.8,0.48094433546066284,0.0026561503764241934,0.004029512405395508
2022-08-09,1794.0,0.48100546002388,0.002631355542689562,0.0008918046951293945
2022-08-10,1795.6,0.4811355173587799,0.00260026752948761,-0.003285825252532959
2022-08-11,1789.7,0.48128747940063477,0.002565714530646801,0.004972934722900391
2022-08-12,1798.6,0.48145556449890137,0.0025350155774503946,-0.009562969207763672
2022-08-15,1781.4,0.4815790057182312,0.002515016356483102,-0.004603147506713867
2022-08-16,1773.2,0.4816770851612091,0.00250223814509809,-0.007274925708770752
2022-08-17,1760.3,0.48175254464149475,0.0024933808017522097,-0.002840399742126465
2022-08-18,1755.3,0.4818090796470642,0.0024910687934607267,-0.004386782646179199
2022-08-19,1747.6,0.48183178901672363,0.0024962578900158405,-0.007782101631164551
2022-08-22,1734.0,0.4817405045032501,0.002516693202778697,0.007381796836853027
2022-08-23,1746.8,0.48160257935523987,0.002546136500313878,0.0005724430084228516
2022-08-24,1747.8,0.48149460554122925,0.002576030557975173,0.005664229393005371
2022-08-25,1757.7,0.48142725229263306,0.002603972563520074,-0.01228874921798706
2022-08-26,1736.1,0.4812617897987366,0.0026360235642641783,0.0002880096435546875
2022-08-29,1736.6,0.4810575842857361,0.0026721362955868244,-0.007716238498687744
2022-08-30,1723.2,0.4808444082736969,0.0027082720771431923,-0.006035208702087402
2022-08-31,1712.8,0.48065856099128723,0.0027409724425524473,-0.00945824384689331
2022-09-01,1696.6,0.48051393032073975,0.002774662571027875,0.007780313491821289
2022-09-02,1709.8,0.4804198741912842,0.0028060905169695616,-0.005497753620147705
2022-09-06,1700.4,0.5137848258018494,0.0013570392038673162,0.008762717247009277
2022-09-07,1715.3,0.5130077004432678,0.001405136426910758,-0.004255831241607666
2022-09-08,1708.0,0.5122783780097961,0.001444377237930894,0.004800915718078613
2022-09-09,1716.2,0.5115562677383423,0.001469020382501185,0.006933927536010742
2022-09-12,1728.1,0.5109295845031738,0.0014919405803084373,-0.013367295265197754
2022-09-13,1705.0,0.5102361440658569,0.0015247268602252007,-0.004985332489013672
2022-09-14,1696.5,0.5095227360725403,0.0015571548137813807,-0.018331825733184814
2022-09-15,1665.4,0.5087546706199646,0.0015913249226287007,0.0037828683853149414
2022-09-16,1671.7,0.5079762935638428,0.0016237328527495265,-0.0032900571823120117
2022-09-19,1666.2,0.5071948766708374,0.0016540481010451913,-0.003901064395904541
2022-09-20,1659.7,0.5063561201095581,0.0016889329999685287,0.0029523372650146484
2022-09-21,1664.6,0.505517840385437,0.0017238087020814419,0.00372469425201416
2022-09-22,1670.8,0.5045276880264282,0.0017624245956540108,-0.015262126922607422
2022-09-23,1645.3,0.5032892227172852,0.001809795736335218,-0.013371407985687256
2022-09-26,1623.3,0.5017822980880737,0.0018756191711872816,0.0020943880081176758
2022-09-27,1626.7,0.5000730156898499,0.0019539352506399155,0.02071678638458252
2022-09-28,1660.4,0.4985436797142029,0.0020186041947454214,-0.0011442899703979492
2022-09-29,1658.5,0.49716120958328247,0.0020794726442545652,0.002351522445678711
2022-09-30,1662.4,0.4958687126636505,0.0021360048558562994,0.01834702491760254
2022-10-03,1692.9,0.49471381306648254,0.002194196917116642,0.01665782928466797
2022-10-04,1721.1,0.49385228753089905,0.0022450070828199387,-0.0056359171867370605
2022-10-05,1711.4,0.4931516647338867,0.0022836567368358374,0.00017523765563964844
2022-10-06,1711.7,0.4924716353416443,0.002320629544556141,-0.006543159484863281
2022-10-07,1700.5,0.4917345941066742,0.002362094586715102,-0.01952362060546875
2022-10-10,1667.3,0.4908941984176636,0.0024112602695822716,0.006837368011474609
2022-10-11,1678.7,0.490077942609787,0.0024750467855483294,-0.005003809928894043
2022-10-12,1670.3,0.48920193314552307,0.0025517605245113373,-0.00017964839935302734
2022-10-13,1670.0,0.48831596970558167,0.0026279138401150703,-0.016946136951446533
2022-10-14,1641.7,0.48735952377319336,0.002707143547013402,0.009319663047790527
2022-10-17,1657.0,0.48645323514938354,0.0027785347774624825,-0.004827976226806641
2022-10-18,1649.0,0.48559969663619995,0.002840045839548111,-0.013038218021392822
2022-10-19,1627.5,0.48467889428138733,0.0029043075628578663,0.0020276308059692383
2022-10-20,1630.8,0.48368754982948303,0.0029701306484639645,0.012386560440063477
2022-10-21,1651.0,0.48276287317276,0.003028037492185831,-0.001393139362335205
2022-10-24,1648.7,0.48189178109169006,0.003082806710153818,0.0024868249893188477
2022-10-25,1652.8,0.48121190071105957,0.003119247267022729,0.006776332855224609
2022-10-26,1664.0,0.48079994320869446,0.0031323442235589027,-0.0019832253456115723
2022-10-27,1660.7,0.48060306906700134,0.0031227373983711004,-0.012705445289611816
2022-10-28,1639.6,0.4805029034614563,0.003099465277045965,-0.002256631851196289
2022-10-31,1635.9,0.48041215538978577,0.0030726022087037563,0.0055626630783081055
2022-11-01,1645.0,0.48038217425346375,0.0030400939285755157,0.0004254579544067383
2022-11-02,1645.7,0.4804052710533142,0.003006748855113983,-0.011180579662322998
2022-11-03,1627.3,0.48035672307014465,0.0029758226592093706,0.027776002883911133
2022-11-04,1672.5,0.48039501905441284,0.002940827514976263,0.0023915767669677734
2022-11-07,1676.5,0.4805127680301666,0.0029063555411994457,0.021234750747680664
2022-11-08,1712.1,0.48078617453575134,0.002866465598344803,-0.0011681318283081055
2022-11-09,1710.1,0.48112204670906067,0.0028256012592464685,0.02350747585296631
2022-11-10,1750.3,0.48179593682289124,0.002752468688413501,0.008969902992248535
2022-11-11,1766.0,0.4828137755393982,0.00265609472990036,0.004303455352783203
2022-11-14,1773.6,0.48400700092315674,0.0025514881126582623,0.00011277198791503906
2022-11-15,1773.8,0.4854949414730072,0.0024454817175865173,-0.00045102834701538086
2022-11-16,1773.0,0.487225741147995,0.002332625910639763,-0.00688093900680542
2022-11-17,1760.8,0.4889197051525116,0.002221688162535429,-0.0050545334815979
2022-11-18,1751.9,0.49048924446105957,0.0021165218204259872,-0.008276700973510742
2022-11-21,1737.4,0.4918783903121948,0.0020185522735118866,0.0005180835723876953
2022-11-22,1738.3,0.49315863847732544,0.0019269242184236646,0.003796815872192383
2022-11-23,1744.9,0.4944250285625458,0.0018389727920293808,0.004814028739929199
2022-11-25,1753.3,0.4957268536090851,0.0017500058747828007,-0.007528722286224365
2022-11-28,1740.1,0.496942937374115,0.001670557539910078,0.00476992130279541
2022-11-29,1748.4,0.4979632496833801,0.0016132419696077704,-0.001372694969177246
2022-11-30,1746.0,0.5104721784591675,0.0008261826587840915,0.03155779838562012
2022-12-01,1801.1,0.5108110904693604,0.0008101415587589145,-0.0028870701789855957
2022-12-02,1795.9,0.5112413167953491,0.0007901049684733152,-0.015869498252868652
2022-12-05,1767.4,0.5115973353385925,0.0007742338348180056,0.0010750293731689453
2022-12-06,1769.3,0.5118351578712463,0.0007639584364369512,0.009156107902526855
2022-12-07,1785.5,0.5119993090629578,0.000757113448344171,0.0017921924591064453
2022-12-08,1788.7,0.5121230483055115,0.000752492225728929,0.005255222320556641
2022-12-09,1798.1,0.5121831893920898,0.0007507180562242866,-0.009788095951080322
2022-12-12,1780.5,0.5121014714241028,0.0007572992471978068,0.018758773803710938
2022-12-13,1813.9,0.5120691061019897,0.0007608456071466208,-0.003528296947479248
2022-12-14,1807.5,0.512104332447052,0.0007614591158926487,-0.016763508319854736
2022-12-15,1777.2,0.512065052986145,0.0007663718424737453,0.0072023868560791016
2022-12-16,1790.0,0.511991024017334,0.0007712844526395202,-0.001284956932067871
2022-12-19,1787.7,0.5118829607963562,0.0007762974128127098,0.01577448844909668
2022-12-20,1815.9,0.5118159651756287,0.0007769593503326178,0.0
2022-12-21,1815.9,0.5118218064308167,0.0007738167187198997,-0.015914976596832275
2022-12-22,1787.0,0.5117796063423157,0.0007737671257928014,0.00498044490814209
2022-12-23,1795.9,0.5117559432983398,0.0007720945868641138,0.01052403450012207
2022-12-27,1814.8,0.5117316246032715,0.0007696012035012245,-0.003802061080932617
2022-12-28,1807.9,0.5116719007492065,0.0007687385659664869,0.00641632080078125
2022-12-29,1819.5,0.5116530060768127,0.0007662007119506598,0.00010991096496582031
2022-12-30,1819.7,0.5116609930992126,0.0007631632033735514,0.01099085807800293
2023-01-03,1839.7,0.5116555094718933,0.0007616033544763923,0.007120728492736816
2023-01-04,1852.8,0.5117038488388062,0.0007574615301564336,-0.009715020656585693
2023-01-05,1834.8,0.5117321610450745,0.0007550321752205491,0.01602351665496826
2023-01-06,1864.2,0.5118647217750549,0.0007472893921658397,0.004559636116027832
2023-01-09,1872.7,0.5120671987533569,0.0007371347164735198,-0.0005874037742614746
2023-01-10,1871.6,0.5123382806777954,0.0007243916625156999,0.0016028881072998047
2023-01-11,1874.6,0.5126330256462097,0.0007115028565749526,0.011149048805236816
2023-01-12,1895.5,0.5130533576011658,0.0006921247113496065,0.012081265449523926
2023-01-13,1918.4,0.513570249080658,0.0006674693431705236,-0.005838215351104736
2023-01-17,1907.2,0.5140694975852966,0.0006437867414206266,-0.001468062400817871
2023-01-18,1904.4,0.5145046710968018,0.0006233968306332827,0.009294271469116211
2023-01-19,1922.1,0.514890193939209,0.0006047041388228536,0.0022372007369995117
2023-01-20,1926.4,0.5152432918548584,0.0005876000504940748,0.00036334991455078125
2023-01-23,1927.1,0.5155433416366577,0.000572790508158505,0.003528594970703125
2023-01-24,1933.9,0.5157732963562012,0.0005554159870371222,0.0037747621536254883
2023-01-25,1941.2,0.5160183906555176,0.0005369937280192971,-0.006233274936676025
2023-01-26,1929.1,0.5162472724914551,0.0005207416834309697,-0.00025916099548339844
2023-01-27,1928.6,0.5164550542831421,0.0005063972203060985,-0.002955496311187744
2023-01-30,1922.9,0.5165706872940063,0.0004976983182132244,0.0034322738647460938
2023-01-31,1929.5,0.5166602730751038,0.0004909138660877943,-0.0008810162544250488
2023-02-01,1927.8,0.5168090462684631,0.0004815055290237069,-0.0059653520584106445
2023-02-02,1916.3,0.5169472098350525,0.0004744059406220913,-0.0278661847114563
2023-02-03,1862.9,0.5170019865036011,0.00047518208157271147,0.0017714500427246094
2023-02-06,1866.2,0.5169429183006287,0.00048321334179490805,0.002947211265563965
2023-02-07,1871.7,0.5168506503105164,0.0004933149321004748,0.0030454397201538086
2023-02-08,1877.4,0.5167136788368225,0.0005054825451225042,-0.005965709686279297
2023-02-09,1866.2,0.5165184140205383,0.0005203982582315803,-0.0018218159675598145
2023-02-10,1862.8,0.51630038022995,0.0005365157267078757,-0.005851447582244873
2023-02-13,1851.9,0.5160468816757202,0.0005519840633496642,0.0011339187622070312
2023-02-14,1854.0,0.5158200860023499,0.000562643283046782,-0.010679662227630615
2023-02-15,1834.2,0.51561439037323,0.0005726037779822946,0.0042525529861450195
2023-02-16,1842.0,0.515381932258606,0.0005829505389556289,-0.0008686184883117676
2023-02-17,1840.4,0.5151578783988953,0.0005926623707637191,-0.004020869731903076
2023-02-21,1833.0,0.5148310661315918,0.0006076254649087787,-0.0005455613136291504
2023-02-22,1832.0,0.5144621133804321,0.0006247377023100853,-0.007641911506652832
2023-02-23,1818.0,0.5141100883483887,0.0006416928954422474,-0.0050604939460754395
2023-02-24,1808.8,0.5137383937835693,0.0006597648607566953,0.00453341007232666
2023-02-27,1817.0,0.5134187936782837,0.0006745090940967202,0.006549239158630371
2023-02-28,1828.9,0.5160872936248779,-0.00020057358779013157,0.004811644554138184
2023-03-01,1837.7,0.5159214735031128,-0.00017397874034941196,-0.0022854208946228027
2023-03-02,1833.5,0.515774130821228,-0.0001473836600780487,0.0077446699142456055
2023-03-03,1847.7,0.5157217979431152,-0.00012789759784936905,0.00010824203491210938
2023-03-06,1847.9,0.5157289505004883,-0.00011574593372642994,-0.01839923858642578
2023-03-07,1813.9,0.5157095789909363,-0.0001045519020408392,-0.0006616115570068359
2023-03-08,1812.7,0.5156843066215515,-9.137275628745556e-05,0.009157657623291016
2023-03-09,1829.3,0.5156545639038086,-8.224206976592541e-05,0.01787567138671875
2023-03-10,1862.0,0.5156816244125366,-8.330703712999821e-05,0.026691675186157227
2023-03-13,1911.7,0.5157896280288696,-9.800959378480911e-05,-0.0028769969940185547
2023-03-14,1906.2,0.5159175395965576,-0.00011693057604134083,0.010701894760131836
2023-03-15,1926.6,0.5160484313964844,-0.00014283554628491402,-0.003944754600524902
2023-03-16,1919.0,0.5161840915679932,-0.00016774190589785576,0.026472091674804688
2023-03-17,1969.8,0.5163867473602295,-0.00020315591245889664,0.004772067070007324
2023-03-20,1979.2,0.5166134238243103,-0.00024153385311365128,-0.020816445350646973
2023-03-21,1938.0,0.5168173909187317,-0.0002770686987787485,0.004540801048278809
2023-03-22,1946.8,0.5170571208000183,-0.00031747808679938316,0.024142146110534668
2023-03-23,1993.8,0.5173482298851013,-0.0003615573514252901,-0.005868256092071533
2023-03-24,1982.1,0.5176332592964172,-0.0004050603602081537,-0.014984071254730225
2023-03-27,1952.4,0.5178673267364502,-0.00044254492968320847,0.010243773460388184
2023-03-28,1972.4,0.518097996711731,-0.000476430868729949,-0.003194093704223633
2023-03-29,1966.1,0.5183131694793701,-0.0005060327239334583,0.007222414016723633
2023-03-30,1980.3,0.5185465812683105,-0.0005354541353881359,-0.0057062506675720215
2023-03-31,1969.0,0.5187824964523315,-0.0005641824100166559,0.007567286491394043
2023-04-03,1983.9,0.5190419554710388,-0.0005944115109741688,0.01930534839630127
2023-04-04,2022.2,0.519349992275238,-0.0006296637002378702,-0.0006428360939025879
2023-04-05,2020.9,0.5196636319160461,-0.00066745700314641,-0.004453480243682861
2023-04-06,2011.9,0.5199624300003052,-0.0007045345846563578,-0.011332571506500244
2023-04-10,1989.1,0.5201700925827026,-0.0007341019809246063,0.007893085479736328
2023-04-11,2004.8,0.520336389541626,-0.0007580791134387255,0.0030426979064941406
2023-04-12,2010.9,0.5204903483390808,-0.000780722126364708,0.015117645263671875
2023-04-13,2041.3,0.5206637382507324,-0.0008024515118449926,-0.019154489040374756
2023-04-14,2002.2,0.5207905769348145,-0.0008206171914935112,-0.0039955973625183105
2023-04-17,1994.2,0.5208606719970703,-0.0008313246071338654,0.00661921501159668
2023-04-18,2007.4,0.520928680896759,-0.0008390843868255615,-0.00607752799987793
2023-04-19,1995.2,0.5209744572639465,-0.0008435032796114683,0.0062149763107299805
2023-04-20,2007.6,0.5210286378860474,-0.0008483140263706446,-0.013996779918670654
2023-04-21,1979.5,0.5210577845573425,-0.0008509727194905281,0.004849672317504883
2023-04-24,1989.1,0.52110356092453,-0.0008547694887965918,0.0024634599685668945
2023-04-25,1994.0,0.5211465954780579,-0.000861508771777153,-0.004162490367889404
2023-04-26,1985.7,0.5211721062660217,-0.000867847353219986,0.0021151304244995117
2023-04-27,1989.9,0.5211805701255798,-0.0008698978926986456,0.0001004934310913086
2023-04-28,1990.1,0.521211564540863,-0.0008728350512683392,-0.0033666491508483887
2023-05-01,1983.4,0.5211992263793945,-0.0008714664727449417,0.01557934284210205
2023-05-02,2014.3,0.521219789981842,-0.0008735540322959423,0.007099151611328125
2023-05-03,2028.6,0.5212785601615906,-0.0008807391859591007,0.009563207626342773
2023-05-04,2048.0,0.5213459730148315,-0.0008919308893382549,-0.014941394329071045
2023-05-05,2017.4,0.5214061737060547,-0.0009012094233185053,0.004411578178405762
2023-05-08,2026.3,0.5214511156082153,-0.0009085151832550764,0.004885673522949219
2023-05-09,2036.2,0.5214852094650269,-0.0009144230280071497,-0.0027993321418762207
2023-05-10,2030.5,0.5215444564819336,-0.000921591417863965,-0.007781386375427246
2023-05-11,2014.7,0.5215904712677002,-0.0009282277897000313,-9.924173355102539e-05
2023-05-12,2014.5,0.5215919613838196,-0.0009297991637140512,0.001737356185913086
2023-05-15,2018.0,0.5215688347816467,-0.0009284608531743288,-0.014667987823486328
2023-05-16,1988.4,0.5214890241622925,-0.0009233744349330664,-0.003872513771057129
2023-05-17,1980.7,0.5213713049888611,-0.0009118556044995785,-0.012217879295349121
2023-05-18,1956.5,0.5211930871009827,-0.0008923772256821394,0.011346817016601562
2023-05-19,1978.7,0.5210070610046387,-0.0008697344455868006,-0.001970946788787842
2023-05-22,1974.8,0.5208166241645813,-0.0008457181975245476,-0.0012153387069702148
2023-05-23,1972.4,0.5206169486045837,-0.0008216963615268469,-0.004867136478424072
2023-05-24,1962.8,0.5328630208969116,-0.0004042221698909998,-0.010036706924438477
2023-05-25,1943.1,0.5327574610710144,-0.0004048480186611414,0.0005146265029907227
2023-05-26,1944.1,0.5326165556907654,-0.00040298933163285255,0.007149815559387207
2023-05-30,1958.0,0.5325078964233398,-0.00039773108437657356,0.0030132532119750977
2023-05-31,1963.9,0.5324562788009644,-0.00039094523526728153,0.007179617881774902
2023-06-01,1978.0,0.5324043035507202,-0.00038591143675148487,-0.012942373752593994
2023-06-02,1952.4,0.5322697758674622,-0.00038529466837644577,0.0028682947158813477
2023-06-05,1958.0,0.5321322083473206,-0.00038604368455708027,0.003830432891845703
2023-06-06,1965.5,0.5319924354553223,-0.0003893813118338585,-0.011600136756896973
2023-06-07,1942.7,0.5318273305892944,-0.0003970626275986433,0.010758280754089355
2023-06-08,1963.6,0.5316958427429199,-0.0004038349725306034,-0.0007129907608032227
2023-06-09,1962.2,0.5315759181976318,-0.0004118701908737421,-0.0035164356231689453
2023-06-12,1955.3,0.5314739346504211,-0.0004166793078184128,-0.005472362041473389
2023-06-13,1944.6,0.5313242077827454,-0.0004235499072819948,0.005502462387084961
2023-06-14,1955.3,0.5311733484268188,-0.0004305304028093815,0.001278519630432129
2023-06-15,1957.8,0.5310574173927307,-0.0004329222720116377,0.0003064870834350586
2023-06-16,1958.4,0.5309407114982605,-0.0004381642211228609,-0.011693239212036133
2023-06-20,1935.5,0.5308491587638855,-0.00044191465713083744,-0.0011366605758666992
2023-06-21,1933.3,0.5307894945144653,-0.000445336801931262,-0.010655403137207031
2023-06-22,1912.7,0.5306981801986694,-0.00045069586485624313,0.003346085548400879
2023-06-23,1919.1,0.5306516289710999,-0.00045292568393051624,0.0023969411849975586
2023-06-26,1923.7,0.5306532979011536,-0.00045295897871255875,-0.005042314529418945
2023-06-27,1914.0,0.5306177139282227,-0.00045340112410485744,-0.0008881688117980957
2023-06-28,1912.3,0.530581533908844,-0.000451487023383379,-0.0016211271286010742
2023-06-29,1909.2,0.5304927229881287,-0.0004530258011072874,0.0062329769134521484
2023-06-30,1921.1,0.5303888916969299,-0.0004523308016359806,0.0003123283386230469
2023-07-03,1921.7,0.5302622318267822,-0.00045372522436082363,-0.0010927915573120117
2023-07-05,1919.6,0.5301229357719421,-0.0004577201325446367,-0.005678296089172363
2023-07-06,1908.7,0.5299895405769348,-0.00046386662870645523,0.009168505668640137
2023-07-07,1926.2,0.5298861861228943,-0.00047132489271461964,-0.0006229877471923828
2023-07-10,1925.0,0.5298206806182861,-0.0004771521780639887,0.0032727718353271484
2023-07-11,1931.3,0.5297750234603882,-0.000481476541608572,0.012892842292785645
2023-07-12,1956.2,0.5297723412513733,-0.00048269331455230713,0.0015336275100708008
2023-07-13,1959.2,0.5298048257827759,-0.0004812681581825018,0.00045943260192871094
2023-07-14,1960.1,0.5298285484313965,-0.00048312684521079063,-0.00392836332321167
2023-07-17,1952.4,0.5298474431037903,-0.0004844777286052704,0.012702226638793945
2023-07-18,1977.2,0.5298711061477661,-0.0004857196472585201,0.00015175342559814453
2023-07-19,1977.5,0.5299072861671448,-0.00048506283201277256,-0.0046523213386535645
2023-07-20,1968.3,0.5299237370491028,-0.0004874402657151222,-0.0020322203636169434
2023-07-21,1964.3,0.5299323201179504,-0.0004893215373158455,-0.0020363330841064453
2023-07-24,1960.3,0.5299245715141296,-0.0004905341193079948,0.0009181499481201172
2023-07-25,1962.1,0.5298894643783569,-0.0004924314562231302,0.0034656524658203125
2023-07-26,1968.9,0.5298592448234558,-0.0004936179611831903,-0.011935591697692871
2023-07-27,1945.4,0.5297976732254028,-0.0004985041450709105,0.007710456848144531
2023-07-28,1960.4,0.5297306180000305,-0.0005011691246181726,0.005151987075805664
2023-07-31,1970.5,0.5296664834022522,-0.0005034997593611479,-0.015123069286346436
2023-08-01,1940.7,0.5295893549919128,-0.0005043509881943464,-0.0017004013061523438
2023-08-02,1937.4,0.529556155204773,-0.0005040743853896856,-0.0027872323989868164
2023-08-03,1932.0,0.529517412185669,-0.0005047244485467672,0.0039337873458862305
2023-08-04,1939.6,0.5295488238334656,-0.0005004496779292822,-0.003144979476928711
2023-08-07,1933.5,0.529559314250946,-0.0004958263598382473,-0.004861652851104736
2023-08-08,1924.1,0.5295790433883667,-0.0004887590184807777,-0.004521548748016357
2023-08-09,1915.4,0.529613196849823,-0.000481222290545702,-0.0005220770835876465
2023-08-10,1914.4,0.5296257734298706,-0.0004757859278470278,-0.0007835626602172852
2023-08-11,1912.9,0.5296003222465515,-0.00047285505570471287,-0.001202404499053955
2023-08-14,1910.6,0.5295414328575134,-0.0004707619082182646,-0.004239499568939209
2023-08-15,1902.5,0.5295001864433289,-0.00046898378059268,-0.0033640265464782715
2023-08-16,1896.1,0.5294671654701233,-0.0004686762113124132,-0.006328761577606201
2023-08-17,1884.1,0.5294556021690369,-0.0004676436074078083,0.001061558723449707
2023-08-18,1886.1,0.529460072517395,-0.00046494160778820515,0.003817439079284668
2023-08-21,1893.3,0.5120686888694763,0.0004622206324711442,0.0016373395919799805
2023-08-22,1896.4,0.5118677616119385,0.0004910457646474242,0.011653661727905273
2023-08-23,1918.5,0.5117589831352234,0.0005074588116258383,-0.000156402587890625
2023-08-24,1918.2,0.5115076899528503,0.0005272109992802143,-0.0037013888359069824
2023-08-25,1911.1,0.5112817287445068,0.0005455431528389454,0.0035581588745117188
2023-08-28,1917.9,0.5111624598503113,0.0005532305222004652,0.009698152542114258
2023-08-29,1936.5,0.5112475156784058,0.0005447559524327517,0.004027962684631348
2023-08-30,1944.3,0.5115193128585815,0.0005218308651819825,-0.0031374096870422363
2023-08-31,1938.2,0.5118517875671387,0.0004921419313177466,0.0008255243301391602
2023-09-01,1939.8,0.5121556520462036,0.00046019291039556265,-0.007011055946350098
2023-09-05,1926.2,0.5122866630554199,0.00044259103015065193,-0.004205167293548584
2023-09-06,1918.1,0.5123013854026794,0.0004330558003857732,-0.00031280517578125
2023-09-07,1917.5,0.5122478604316711,0.00042663945350795984,0.0004693269729614258
2023-09-08,1918.4,0.5121791362762451,0.00041995395440608263,0.002554178237915039
2023-09-11,1923.3,0.5121559500694275,0.00041269161738455296,-0.00623929500579834
2023-09-12,1911.3,0.5121211409568787,0.0004081845982000232,-0.0011510848999023438
2023-09-13,1909.1,0.5120984315872192,0.0004027617396786809,0.00047147274017333984
2023-09-14,1910.0,0.5120512247085571,0.0003957560984417796,0.007172703742980957
2023-09-15,1923.7,0.5120121240615845,0.0003897730493918061,0.004054665565490723
2023-09-18,1931.5,0.51199871301651,0.00038421223871409893,0.0002589225769042969
2023-09-19,1932.0,0.5119875073432922,0.0003801619168370962,0.007039308547973633
2023-09-20,1945.6,0.511975109577179,0.0003790095215663314,-0.013569116592407227
2023-09-21,1919.2,0.5118117332458496,0.00039277062751352787,0.003230571746826172
2023-09-22,1925.4,0.5115532875061035,0.000415301532484591,-0.004570484161376953
2023-09-25,1916.6,0.5111308097839355,0.00045367865823209286,-0.008452415466308594
2023-09-26,1900.4,0.5105117559432983,0.0005120325367897749,-0.015154719352722168
2023-09-27,1871.6,0.5096879005432129,0.0005878288066014647,-0.005984187126159668
2023-09-28,1860.4,0.5088711380958557,0.0006622024811804295,-0.006611526012420654
2023-09-29,1848.1,0.5080699920654297,0.0007354614790529013,-0.00979381799697876
2023-10-02,1830.0,0.5071834325790405,0.0008136539254337549,-0.0029508471488952637
2023-10-03,1824.6,0.5061551332473755,0.0009079623268917203,-0.0033431649208068848
2023-10-04,1818.5,0.5051716566085815,0.0009990163380280137,-0.0010448098182678223
2023-10-05,1816.6,0.5043022036552429,0.0010826351353898644,0.007486462593078613
2023-10-06,1830.2,0.5036125183105469,0.0011510709300637245,0.01054537296295166
2023-10-09,1849.5,0.5029768943786621,0.0012037476990371943,0.006217837333679199
2023-10-10,1861.0,0.5025724172592163,0.0012363521382212639,0.006340742111206055
2023-10-11,1872.8,0.5024534463882446,0.0012474386021494865,-0.0018688440322875977
2023-10-12,1869.3,0.5023660659790039,0.0012546497164294124,0.031081080436706543
2023-10-13,1927.4,0.5023084282875061,0.001262391684576869,-0.0032686591148376465
2023-10-16,1921.1,0.5024027824401855,0.0012590306578204036,0.0008327960968017578
2023-10-17,1922.7,0.5025005340576172,0.0012555974535644054,0.01695537567138672
2023-10-18,1955.3,0.5025016069412231,0.001258523785509169,0.006699681282043457
2023-10-19,1968.4,0.5023593306541443,0.001275350688956678,0.0071631669998168945
2023-10-20,1982.5,0.502140998840332,0.001298403600230813,-0.0031273365020751953
2023-10-23,1976.3,0.5020126104354858,0.0013145949924364686,-0.0006577968597412109
2023-10-24,1975.0,0.5019446611404419,0.0013213062193244696,0.004607558250427246
2023-10-25,1984.1,0.5017999410629272,0.0013319102581590414,0.001562356948852539
2023-10-26,1987.2,0.5016299486160278,0.0013441052287817001,0.0007045269012451172
2023-10-27,1988.6,0.5014378428459167,0.0013591950992122293,0.003821730613708496
2023-10-30,1996.2,0.5013589262962341,0.0013655305374413729,-0.005510449409484863
2023-10-31,1985.2,0.5013606548309326,0.0013617048971354961,-0.0032238364219665527
2023-11-01,1978.8,0.5015063285827637,0.0013439757749438286,0.003436446189880371
2023-11-02,1985.6,0.5019479393959045,0.0013051214627921581,0.0029714107513427734
2023-11-03,1991.5,0.5027607679367065,0.0012430115602910519,-0.004971146583557129
2023-11-06,1981.6,0.5036901831626892,0.001174024771898985,-0.007468700408935547
2023-11-07,1966.8,0.5046476125717163,0.0011035450734198093,-0.007779181003570557
2023-11-08,1951.5,0.5056079626083374,0.0010329599026590586,0.006507754325866699
2023-11-09,1964.2,0.5064200162887573,0.0009722372051328421,-0.01608794927597046
2023-11-10,1932.6,0.5070079565048218,0.0009136943845078349,0.006675004959106445
2023-11-13,1945.5,0.5074629783630371,0.0008609562646597624,0.008378386497497559
2023-11-14,1961.8,0.5241895318031311,0.001090887701138854,-0.0008665919303894043
2023-11-15,1960.1,0.5242087244987488,0.0010890827979892492,0.012142300605773926
2023-11-16,1983.9,0.5242235064506531,0.0010843867203220725,-0.001159369945526123
2023-11-17,1981.6,0.5242420434951782,0.0010769665241241455,-0.0019681453704833984
2023-11-20,1977.7,0.5242698192596436,0.0010676879901438951,0.010921835899353027
2023-11-21,1999.3,0.5243041515350342,0.0010560695081949234,-0.003951370716094971
2023-11-22,1991.4,0.524344265460968,0.0010464987717568874,0.005423307418823242
2023-11-24,2002.2,0.5243932008743286,0.001035515684634447,0.004794716835021973
2023-11-27,2011.8,0.5244495868682861,0.0010214322246611118,0.013868093490600586
2023-11-28,2039.7,0.5245186686515808,0.001002313569188118,0.0036280155181884766
2023-11-29,2047.1,0.5245945453643799,0.000980036798864603,-0.0043964385986328125
2023-11-30,2038.1,0.5246594548225403,0.000960931065492332,0.01614248752593994
2023-12-01,2071.0,0.5247399210929871,0.0009403215954080224,-0.022646069526672363
2023-12-04,2024.1,0.5248106718063354,0.0009257737547159195,-0.0027666687965393066
2023-12-05,2018.5,0.5248662233352661,0.0009161728667095304,0.005944967269897461
2023-12-06,2030.5,0.5249016284942627,0.0009080404415726662,-0.00029546022415161133
2023-12-07,2029.9,0.5249242186546326,0.000900144106708467,-0.015567243099212646
2023-12-08,1998.3,0.5249340534210205,0.0008987309411168098,-0.010158658027648926
2023-12-11,1978.0,0.524924099445343,0.0009028983768075705,-0.0001010894775390625
2023-12-12,1977.8,0.5249001979827881,0.0009094872511923313,0.002275228500366211
2023-12-13,1982.3,0.5248717069625854,0.0009126742370426655,0.02416384220123291
2023-12-14,2030.2,0.5248401165008545,0.0009053843095898628,-0.00448232889175415
2023-12-15,2021.1,0.5247986912727356,0.0008968088077381253,0.0025728940963745117
2023-12-18,2026.3,0.5247517228126526,0.0008882539113983512,0.005971431732177734
2023-12-19,2038.4,0.5247114300727844,0.0008780255448073149,-0.0019132494926452637
2023-12-20,2034.5,0.5246582627296448,0.0008659601444378495,0.002261042594909668
2023-12-21,2039.1,0.524609386920929,0.0008535806555300951,0.008827447891235352
2023-12-22,2057.1,0.5245785117149353,0.0008396126795560122,0.0005346536636352539
2023-12-26,2058.2,0.5245675444602966,0.0008248453959822655,0.011514902114868164
2023-12-27,2081.9,0.5245813727378845,0.0008056389633566141,-0.003842651844024658
2023-12-28,2073.9,0.5246086716651917,0.0007873999420553446,-0.005545079708099365
2023-12-29,2062.4,0.5246409177780151,0.0007720752619206905,0.0009697675704956055
2024-01-02,2064.4,0.5246630311012268,0.0007619448006153107,-0.014628946781158447
2024-01-03,2034.2,0.5246602892875671,0.0007592904148623347,0.003981947898864746
2024-01-04,2042.3,0.5246440172195435,0.0007597998483106494,4.8995018005371094e-05
2024-01-05,2042.4,0.5246338844299316,0.0007620936958119273,-0.007736027240753174
2024-01-08,2026.6,0.5246418118476868,0.0007661344716325402,-9.864568710327148e-05
2024-01-09,2026.4,0.5246555209159851,0.0007718658307567239,-0.0023193955421447754
2024-01-10,2021.7,0.5246706008911133,0.0007788382936269045,-0.003660261631011963
2024-01-11,2014.3,0.5246767401695251,0.000787118449807167,0.016084909439086914
2024-01-12,2046.7,0.5246759057044983,0.0007921834476292133,-0.010113835334777832
2024-01-16,2026.0,0.5246502757072449,0.0008014834020286798,-0.011549890041351318
2024-01-17,2002.6,0.5245972275733948,0.0008145826868712902,0.007989645004272461
2024-01-18,2018.6,0.5245426893234253,0.0008296382147818804,0.0039136409759521484
2024-01-19,2026.5,0.5245077013969421,0.0008445072453469038,-0.003306150436401367
2024-01-22,2019.8,0.5244850516319275,0.0008583926828578115,0.001930832862854004
2024-01-23,2023.7,0.5244705677032471,0.0008724817307665944,-0.004842579364776611
2024-01-24,2013.9,0.5244538187980652,0.0008851942839100957,0.0014896392822265625
2024-01-25,2016.9,0.5244318842887878,0.0008976211538538337,-4.9591064453125e-05
2024-01-26,2016.8,0.5244054794311523,0.0009092864347621799,0.004164934158325195
2024-01-29,2025.2,0.5243773460388184,0.0009196378523483872,0.0031108856201171875
2024-01-30,2031.5,0.5243498086929321,0.0009274220792576671,0.008318901062011719
2024-01-31,2048.4,0.5243062973022461,0.0009281355887651443,0.002245664596557617
2024-02-01,2053.0,0.5242698192596436,0.0009250927250832319,-0.008231878280639648
2024-02-02,2036.1,0.5242396593093872,0.0009278930956497788,-0.0051078200340271
2024-02-05,2025.7,0.5242080092430115,0.0009370142361149192,0.00434422492980957
2024-02-06,2034.5,0.5241843461990356,0.0009459804277867079,0.0003440380096435547
2024-02-07,2035.2,0.5241696834564209,0.0009545231005176902,-0.0014740824699401855
2024-02-08,2032.2,0.524154543876648,0.0009634423768147826,-0.004379451274871826
2024-02-09,2023.3,0.5241367220878601,0.0009732816834002733,-0.0025206804275512695
2024-02-12,2018.2,0.522101879119873,3.4835655242204666e-05,-0.01253587007522583
2024-02-13,1992.9,0.5220116972923279,4.035595338791609e-05,-0.00130462646484375
2024-02-14,1990.3,0.5218963623046875,4.586786963045597e-05,0.005928754806518555
2024-02-15,2002.1,0.5217881202697754,5.2443123422563076e-05,0.0046950578689575195
2024-02-16,2011.5,0.5216549634933472,6.174622103571892e-05,0.007954239845275879
2024-02-20,2027.5,0.5215089321136475,7.012824062258005e-05,-0.002564728260040283
2024-02-21,2022.3,0.5213660597801208,7.855903822928667e-05,-0.0012857317924499512
2024-02-22,2019.7,0.5212398767471313,8.766364771872759e-05,0.009357810020446777
2024-02-23,2038.6,0.5211659669876099,9.510433301329613e-05,-0.004954397678375244
2024-02-26,2028.5,0.5211241245269775,0.00010152813047170639,0.0027114152908325195
2024-02-27,2034.0,0.5211088061332703,0.00010720349382609129,-0.0004916191101074219
2024-02-28,2033.0,0.5211039185523987,0.00011055788490921259,0.00624692440032959
2024-02-29,2045.7,0.5211266279220581,0.00011161132715642452,0.02013981342315674
2024-03-01,2086.9,0.5212118029594421,0.00010921875946223736,0.014758706092834473
2024-03-04,2117.7,0.5213451981544495,0.00010509428102523088,0.007460951805114746
2024-03-05,2133.5,0.5215082168579102,9.54396091401577e-05,0.007874369621276855
2024-03-06,2150.3,0.5217115879058838,8.155789691954851e-05,0.003580927848815918
2024-03-07,2158.0,0.5219501256942749,6.524333730340004e-05,0.00954592227935791
2024-03-08,2178.6,0.5222142338752747,4.772923421114683e-05,0.0017900466918945312
2024-03-11,2182.5,0.5224761366844177,2.948450855910778e-05,-0.010126054286956787
2024-03-12,2160.4,0.5226989388465881,1.3872049748897552e-05,0.006943106651306152
2024-03-13,2175.4,0.5228918790817261,1.6400590538978577e-06,-0.005700051784515381
2024-03-14,2163.0,0.5230377912521362,-6.549293175339699e-06,-0.002635180950164795
2024-03-15,2157.3,0.5231318473815918,-1.2306496500968933e-05,0.0015759468078613281
2024-03-18,2160.7,0.5231886506080627,-1.606089062988758e-05,-0.0020363330841064453
2024-03-19,2156.3,0.523223340511322,-1.9358238205313683e-05,0.0007419586181640625
2024-03-20,2157.9,0.5232670307159424,-2.2485852241516113e-05,0.011353611946105957
2024-03-21,2182.4,0.5233229994773865,-2.4889828637242317e-05,-0.011134445667266846
2024-03-22,2158.1,0.5233681797981262,-2.903793938457966e-05,0.007738232612609863
2024-03-25,2174.8,0.5234191417694092,-3.349455073475838e-05,0.00036787986755371094
2024-03-26,2175.6,0.5234658122062683,-3.896327689290047e-05,0.006894707679748535
2024-03-27,2190.6,0.5235269665718079,-4.595145583152771e-05,0.012233972549438477
2024-03-28,2217.4,0.5236063599586487,-5.329935811460018e-05,0.0086137056350708
2024-04-01,2236.5,0.5236806273460388,-5.803373642265797e-05,0.010954618453979492
2024-04-02,2261.0,0.52373868227005,-6.21606595814228e-05,0.014772176742553711
2024-04-03,2294.4,0.5238072276115417,-6.684241816401482e-05,-0.0024406909942626953
2024-04-04,2288.8,0.5238434076309204,-7.302802987396717e-05,0.016121983528137207
2024-04-05,2325.7,0.5238792896270752,-7.787137292325497e-05,0.002579927444458008
2024-04-08,2331.7,0.5239214301109314,-8.110911585390568e-05,0.005060672760009766
2024-04-09,2343.5,0.5239720344543457,-8.495012298226357e-05,-0.005931258201599121
2024-04-10,2329.6,0.5239831805229187,-8.362298831343651e-05,0.010817289352416992
2024-04-11,2354.8,0.5239346027374268,-8.087675087153912e-05,0.0005944967269897461
2024-04-12,2356.2,0.523810863494873,-7.808557711541653e-05,0.004074454307556152
2024-04-15,2365.8,0.5236120223999023,-7.211021147668362e-05,0.010567307472229004
2024-04-16,2390.8,0.5233781933784485,-6.528315134346485e-05,-0.007988989353179932
2024-04-17,2371.7,0.5231360793113708,-5.957321263849735e-05,0.004469394683837891
2024-04-18,2382.3,0.52293461561203,-4.924507811665535e-05,0.00675809383392334
2024-04-19,2398.4,0.5227257013320923,-3.8574449717998505e-05,-0.02760171890258789
2024-04-22,2332.2,0.5225242972373962,-2.862699329853058e-05,-0.0019295215606689453
2024-04-23,2327.7,0.5223626494407654,-1.7808284610509872e-05,-0.0013747215270996094
2024-04-24,2324.5,0.5222142338752747,-4.727859050035477e-06,0.002280116081237793
2024-04-25,2329.8,0.5220781564712524,9.616836905479431e-06,0.002146124839782715
2024-04-26,2334.8,0.5219618678092957,2.2940337657928467e-05,0.004539966583251953
2024-04-29,2345.4,0.5218875408172607,3.416300751268864e-05,-0.023023784160614014
2024-04-30,2291.4,0.5217745900154114,4.5157503336668015e-05,0.003709554672241211
2024-05-01,2299.9,0.5216570496559143,5.286303348839283e-05,-0.00030434131622314453
2024-05-02,2299.2,0.5215714573860168,5.792197771370411e-05,-8.696317672729492e-05
2024-05-03,2299.0,0.5215533971786499,5.992688238620758e-05,0.009830355644226074
2024-05-06,2321.6,0.5216054320335388,6.0831429436802864e-05,-0.002756774425506592
2024-05-07,2315.2,0.5217055678367615,5.966448225080967e-05,-0.0006909966468811035
2024-05-08,2313.6,0.488376259803772,0.0015173337887972593,0.007996201515197754
2024-05-09,2332.1,0.48830661177635193,0.0015143926721066236,0.015093684196472168
2024-05-10,2367.3,0.48823198676109314,0.001511135371401906,-0.013179540634155273
2024-05-13,2336.1,0.48815926909446716,0.001508053857833147,0.007405400276184082
2024-05-14,2353.4,0.48808836936950684,0.0015064097242429852,0.014999628067016602
2024-05-15,2388.7,0.48799940943717957,0.001507132314145565,-0.003642141819000244
2024-05-16,2380.0,0.48790574073791504,0.0015078943688422441,0.013529419898986816
2024-05-17,2412.2,0.48781314492225647,0.0015083248727023602,0.008995890617370605
2024-05-20,2433.9,0.48772329092025757,0.001508303452283144,-0.00501251220703125
2024-05-21,2421.7,0.48763740062713623,0.0015081026358529925,-0.013420343399047852
2024-05-22,2389.2,0.48756688833236694,0.001507208333350718,-0.02268540859222412
2024-05-23,2335.0,0.48753178119659424,0.0015052687376737595,-0.0010706782341003418
2024-05-24,2332.5,0.4875054955482483,0.0015035499818623066,0.00973200798034668
2024-05-28,2355.2,0.4875020384788513,0.0015016610268503428,-0.0063263773918151855
2024-05-29,2340.3,0.48752540349960327,0.0014993599615991116,0.0011109113693237305
2024-05-30,2342.9,0.48756319284439087,0.001498563215136528,-0.008536458015441895
2024-05-31,2322.9,0.4876038432121277,0.0014988509938120842,0.010202884674072266
2024-06-03,2346.6,0.4876275360584259,0.0015008137561380863,-0.008991777896881104
2024-06-04,2325.5,0.48763376474380493,0.0015040372963994741,0.01229846477508545
2024-06-05,2354.1,0.4876181185245514,0.0015084859915077686,0.006881594657897949
2024-06-06,2370.3,0.48758232593536377,0.0015128476079553366,-0.02746492624282837
2024-06-07,2305.2,0.48755916953086853,0.0015138649614527822,0.001084446907043457
2024-06-10,2307.7,0.4875503480434418,0.001513039693236351,-8.666515350341797e-05
2024-06-11,2307.5,0.48754388093948364,0.0015123323537409306,0.012351036071777344
2024-06-12,2336.0,0.4875223934650421,0.0015129628591239452,-0.015325367450714111
2024-06-13,2300.2,0.48748964071273804,0.001513808616437018,0.013563990592956543
2024-06-14,2331.4,0.4874461889266968,0.0015155437868088484,-0.00814962387084961
2024-06-17,2312.4,0.4874015748500824,0.0015169470570981503,0.007784128189086914
2024-06-18,2330.4,0.4873514473438263,0.001518759410828352,0.010041236877441406
2024-06-20,2353.8,0.487301766872406,0.0015206239186227322,-0.015889286994934082
2024-06-21,2316.4,0.4872610867023468,0.0015221104258671403,0.005871176719665527
2024-06-24,2330.0,0.48722827434539795,0.001523845363408327,-0.00575101375579834
2024-06-25,2316.6,0.48720118403434753,0.0015257365303114057,-0.00751107931137085
2024-06-26,2299.2,0.4871893525123596,0.0015260814689099789,0.011003851890563965
2024-06-27,2324.5,0.48718035221099854,0.0015260414220392704,0.0013766288757324219
2024-06-28,2327.7,0.4871786832809448,0.00152479053940624,-4.291534423828125e-05
2024-07-01,2327.6,0.4871915280818939,0.0015218474436551332,-0.001976311206817627
2024-07-02,2323.0,0.487206369638443,0.00151889119297266,0.01584160327911377
2024-07-03,2359.8,0.48720866441726685,0.00151747465133667,0.012161970138549805
2024-07-05,2388.5,0.4871879816055298,0.0015183782670646906,-0.013941824436187744
2024-07-08,2355.2,0.48715877532958984,0.001519832294434309,0.002080559730529785
2024-07-09,2360.1,0.48712924122810364,0.0015214376617223024,0.005126833915710449
2024-07-10,2372.2,0.48709461092948914,0.0015239417552947998,0.018042325973510742
2024-07-11,2415.0,0.4870487153530121,0.0015278090722858906,-0.00041407346725463867
2024-07-12,2414.0,0.4869924783706665,0.0015326312277466059,0.0036867856979370117
2024-07-15,2422.9,0.4869370758533478,0.0015373756177723408,0.016302824020385742
2024-07-16,2462.4,0.48687511682510376,0.0015433118678629398,-0.003086388111114502
2024-07-17,2454.8,0.48681554198265076,0.0015495623229071498,-0.001222074031829834
2024-07-18,2451.8,0.48677536845207214,0.0015563450288027525,-0.022962749004364014
2024-07-19,2395.5,0.4867684543132782,0.0015628284309059381,-0.0014610886573791504
2024-07-22,2392.0,0.4867832660675049,0.0015692823799327016,0.005267620086669922
2024-07-23,2404.6,0.48680680990219116,0.0015748407458886504,0.003618001937866211
2024-07-24,2413.3,0.48684626817703247,0.0015800322871655226,-0.025442421436309814
2024-07-25,2351.9,0.4869094491004944,0.0015860128914937377,0.011947870254516602
2024-07-26,2380.0,0.48697349429130554,0.0015934421680867672,-0.0011344552040100098
2024-07-29,2377.3,0.48702719807624817,0.0016006832011044025,0.011651873588562012
2024-07-30,2405.0,0.48706820607185364,0.001608117949217558,0.008939743041992188
2024-07-31,2426.5,0.4870826303958893,0.001616430701687932,0.003502964973449707
2024-08-01,2435.0,0.4870758056640625,0.0016255441587418318,-0.0038193464279174805
2024-08-02,2425.7,0.48705270886421204,0.001639887341298163,-0.009894073009490967
2024-08-05,2401.7,0.5228370428085327,0.0007039387710392475,-0.005246222019195557
2024-08-06,2389.1,0.5224566459655762,0.000761893461458385,0.0005859136581420898
2024-08-07,2390.5,0.5221324563026428,0.0008260719478130341,0.013260841369628906
2024-08-08,2422.2,0.5218609571456909,0.0008732276037335396,0.004087209701538086
2024-08-09,2432.1,0.5216951966285706,0.0008988308254629374,0.012458324432373047
2024-08-12,2462.4,0.52162766456604,0.0009080758318305016,0.0017462968826293945
2024-08-13,2466.7,0.5216493606567383,0.0008983203442767262,-0.011067450046539307
2024-08-14,2439.4,0.5217503309249878,0.0008749057305976748,0.005616188049316406
2024-08-15,2453.1,0.5219084024429321,0.0008401225786656141,0.018548011779785156
2024-08-16,2498.6,0.5222168564796448,0.000804594368673861,0.001280665397644043
2024-08-19,2501.8,0.5225881934165955,0.0007669134065508842,0.003797292709350586
2024-08-20,2511.3,0.522956132888794,0.0007278844714164734,-0.0011548399925231934
2024-08-21,2508.4,0.523292601108551,0.000689821201376617,-0.011760473251342773
2024-08-22,2478.9,0.5235751271247864,0.000659817480482161,0.01190042495727539
2024-08-23,2508.4,0.5238332152366638,0.0006296565989032388,0.0037075281143188477
2024-08-26,2517.7,0.5240813493728638,0.0006015382241457701,-0.000675201416015625
2024-08-27,2516.0,0.5243246555328369,0.0005749983247369528,-0.0059618353843688965
2024-08-28,2501.0,0.5245229601860046,0.0005555736133828759,0.009876012802124023
2024-08-29,2525.7,0.5247247219085693,0.0005370187573134899,-0.012630105018615723
2024-08-30,2493.8,0.5248972177505493,0.0005224131746217608,-0.0015639662742614746
2024-09-03,2489.9,0.5249574780464172,0.0005215384298935533,0.0014057159423828125
2024-09-04,2493.4,0.5249179005622864,0.0005280990153551102,0.007219076156616211
2024-09-05,2511.4,0.5248587727546692,0.0005355729954317212,-0.0071274638175964355
2024-09-06,2493.5,0.5247610807418823,0.0005504745058715343,0.003328680992126465
2024-09-09,2501.8,0.5246750712394714,0.0005629000952467322,0.0041970014572143555
2024-09-10,2512.3,0.524615466594696,0.0005727729294449091,-7.957220077514648e-05
2024-09-11,2512.1,0.5245909094810486,0.0005782509688287973,0.015564560890197754
2024-09-12,2551.2,0.52462238073349,0.0005766949616372585,0.011798381805419922
2024-09-13,2581.3,0.5247140526771545,0.0005674209678545594,-0.00034874677658081055
2024-09-16,2580.4,0.5248363614082336,0.000554941943846643,-0.00623929500579834
2024-09-17,2564.3,0.5249597430229187,0.0005432672332972288,0.0024957656860351562
2024-09-18,2570.7,0.5250781774520874,0.0005332590080797672,0.006729722023010254
2024-09-19,2588.0,0.5252035856246948,0.0005196145502850413,0.01232612133026123
2024-09-20,2619.9,0.5253662467002869,0.0005025059217587113,0.00251924991607666
2024-09-23,2626.5,0.5255528092384338,0.0004836128791794181,0.009404182434082031
2024-09-24,2651.2,0.5257673263549805,0.0004616894293576479,0.0030175447463989258
2024-09-25,2659.2,0.5260024666786194,0.00043915503192692995,0.00402379035949707
2024-09-26,2669.9,0.5262389183044434,0.00041647301986813545,-0.009588301181793213
2024-09-27,2644.3,0.5264201760292053,0.0003996005980297923,-0.0031009912490844727
2024-09-30,2636.1,0.5265506505966187,0.00038737524300813675,0.011835694313049316
2024-10-01,2667.3,0.5266238451004028,0.00038094911724328995,-0.007573187351226807
2024-10-02,2647.1,0.5266517996788025,0.000380190322175622,0.003777742385864258
2024-10-03,2657.1,0.5266222953796387,0.0003861722070723772,-0.004252791404724121
2024-10-04,2645.8,0.5265558958053589,0.000395800918340683,-0.00037795305252075195
2024-10-07,2644.8,0.5264139771461487,0.0004146886058151722,-0.011267423629760742
2024-10-08,2615.0,0.5262016654014587,0.00043813977390527725,-0.0034416913986206055
2024-10-09,2606.0,0.5259472131729126,0.00046397140249609947,0.005602478981018066
2024-10-10,2620.6,0.5256907343864441,0.0004895447054877877,0.01411890983581543
2024-10-11,2657.6,0.5254601240158081,0.0005095682572573423,-0.003687560558319092
2024-10-14,2647.8,0.5252571702003479,0.0005251837428659201,0.005136251449584961
2024-10-15,2661.4,0.5250895023345947,0.0005381873343139887,0.004734396934509277
2024-10-16,2674.0,0.5249704718589783,0.0005458018276840448,0.006357550621032715
2024-10-17,2691.0,0.524915337562561,0.000548486365005374,0.008435487747192383
2024-10-18,2713.7,0.5249271392822266,0.0005440174136310816,0.0034639835357666016
2024-10-21,2723.1,0.5249912738800049,0.0005362536758184433,0.0077484846115112305
2024-10-22,2744.2,0.5250965356826782,0.0005247796652838588,-0.010859310626983643
2024-10-23,2714.4,0.5252014994621277,0.0005167638882994652,0.0075522661209106445
2024-10-24,2734.9,0.5252983570098877,0.0005082881543785334,0.0021938085556030273
2024-10-25,2740.9,0.5253669619560242,0.0005019498057663441,0.000729680061340332
2024-10-28,2742.9,0.5254183411598206,0.0004962608218193054,0.009296774864196777
2024-10-29,2768.4,0.5495393872261047,0.0007525418186560273,0.007260560989379883
2024-10-30,2788.5,0.5495973825454712,0.0007567565189674497,-0.01800251007080078
2024-10-31,2738.3,0.5496506094932556,0.0007616702932864428,0.00010955333709716797
2024-11-01,2738.6,0.5496976375579834,0.000767500139772892,-0.0009129047393798828
2024-11-04,2736.1,0.5497411489486694,0.0007731569930911064,0.0015350580215454102
2024-11-05,2740.3,0.5497677326202393,0.0007761031156405807,-0.026529908180236816
2024-11-06,2667.6,0.5498186349868774,0.0007804955821484327,0.011545896530151367
2024-11-07,2698.4,0.5498607158660889,0.0007827760418877006,-0.004039406776428223
2024-11-08,2687.5,0.5499023199081421,0.0007837607990950346,-0.028390705585479736
2024-11-11,2611.2,0.5499451160430908,0.0007838956080377102,-0.004289209842681885
2024-11-12,2600.0,0.5499799251556396,0.0007860111072659492,-0.007384598255157471
2024-11-13,2580.8,0.5500286221504211,0.0007896047318354249,-0.004882216453552246
2024-11-14,2568.2,0.5500849485397339,0.0007943457458168268,-0.0009734630584716797
2024-11-15,2565.7,0.5501514077186584,0.0008008154109120369,0.01750016212463379
2024-11-18,2610.6,0.5502012968063354,0.0008059974061325192,0.006320357322692871
2024-11-19,2627.1,0.5502464771270752,0.000809803488664329,0.008031606674194336
2024-11-20,2648.2,0.5502921938896179,0.0008134854724630713,0.009025096893310547
2024-11-21,2672.1,0.5503383278846741,0.0008166572079062462,0.014146089553833008
2024-11-22,2709.9,0.5503846406936646,0.0008193468675017357,-0.03435546159744263
2024-11-25,2616.8,0.5504201650619507,0.0008180479053407907,0.0013375282287597656
2024-11-26,2620.3,0.5504216551780701,0.0008147867629304528,0.007480025291442871
2024-11-27,2639.9,0.5503982305526733,0.0008098389953374863,0.0064775943756103516
2024-11-29,2657.0,0.550347626209259,0.0008019087836146355,-0.008317708969116211
2024-12-02,2634.9,0.5502992868423462,0.0007938984781503677,0.003719329833984375
2024-12-03,2644.7,0.5502472519874573,0.000786385964602232,0.00344085693359375
2024-12-04,2653.8,0.5501928925514221,0.0007777310675010085,-0.010249435901641846
2024-12-05,2626.6,0.550129234790802,0.0007681570714339614,0.004568696022033691
2024-12-06,2638.6,0.5500578284263611,0.0007582168327644467,0.009967327117919922
2024-12-09,2664.9,0.549999475479126,0.0007505789399147034,0.012270689010620117
2024-12-10,2697.6,0.5499582290649414,0.0007448428077623248,0.013419270515441895
2024-12-11,2733.8,0.5499308705329895,0.0007399070309475064,-0.016936123371124268
2024-12-12,2687.5,0.5499351620674133,0.0007377447327598929,-0.01172095537185669
2024-12-13,2656.0,0.5499522686004639,0.0007375339046120644,-0.0017319917678833008
2024-12-16,2651.4,0.549976110458374,0.0007373490370810032,-0.0026401281356811523
2024-12-17,2644.4,0.5500075817108154,0.000737968715839088,-0.002987384796142578
2024-12-18,2636.5,0.5500963926315308,0.000744812423363328,-0.016802608966827393
2024-12-19,2592.2,0.5502098798751831,0.0007545124972239137,0.01408076286315918
2024-12-20,2628.7,0.5503009557723999,0.0007644655415788293,-0.006238758563995361
2024-12-23,2612.3,0.5504041314125061,0.0007768630748614669,0.002947568893432617
2024-12-24,2620.0,0.5505016446113586,0.0007887878455221653,0.007175564765930176
2024-12-26,2638.8,0.5505895614624023,0.0007997530046850443,-0.00818556547164917
2024-12-27,2617.2,0.5506762862205505,0.0008110865019261837,-0.0042411088943481445
2024-12-30,2606.1,0.550744354724884,0.0008206878555938601,0.00886380672454834
2024-12-31,2629.2,0.5508062243461609,0.0008303067879751325,0.01129615306854248
2025-01-02,2658.9,0.5508807301521301,0.0008405201369896531,-0.00522768497467041
2025-01-03,2645.0,0.5509546399116516,0.000849155941978097,-0.002495288848876953
2025-01-06,2638.4,0.5510125160217285,0.0008561935974285007,0.006936073303222656
2025-01-07,2656.7,0.5510656833648682,0.0008642866741865873,0.0029360055923461914
2025-01-08,2664.5,0.551125168800354,0.0008720997720956802,0.016513466835021973
2025-01-10,2708.5,0.5511944890022278,0.0008830882143229246,-0.012922286987304688
2025-01-13,2673.5,0.5512832403182983,0.0008947091409936547,0.0014961957931518555
2025-01-14,2677.5,0.5513584017753601,0.0009051267988979816,0.013071894645690918
2025-01-15,2712.5,0.5514219403266907,0.0009111756226047873,0.012497663497924805
2025-01-16,2746.4,0.551471471786499,0.0009147553937509656,-0.0007646083831787109
2025-01-17,2744.3,0.5515159964561462,0.0009157778695225716,0.0038989782333374023
2025-01-21,2755.0,0.5515308976173401,0.0009125721408054233,0.0045735836029052734
2025-01-22,2767.6,0.5515168905258179,0.0009068705840036273,-0.0016259551048278809
2025-01-23,2763.1,0.551468551158905,0.0008988368790596724,0.00513911247253418
2025-01-24,2777.3,0.5514042973518372,0.0008896330837160349,-0.014330506324768066
2025-01-27,2737.5,0.5513463020324707,0.0008800019277259707,0.010703206062316895
2025-01-28,2766.8,0.49489498138427734,0.0016449345275759697,0.0008312463760375977
2025-01-29,2769.1,0.49489814043045044,0.001637565204873681,0.019464731216430664
2025-01-30,2823.0,0.4949941039085388,0.0016297604888677597,-0.0037194490432739258
2025-01-31,2812.5,0.4951511025428772,0.0016214170027524233,0.007608890533447266
2025-02-03,2833.9,0.4953305125236511,0.0016118033090606332,0.006845712661743164
2025-02-04,2853.3,0.4955712556838989,0.0016021088231354952,0.006413698196411133
2025-02-05,2871.6,0.4958501160144806,0.0015934847760945559,-0.005432546138763428
2025-02-06,2856.0,0.4961104393005371,0.001585632562637329,0.00395655632019043
2025-02-07,2867.3,0.49642235040664673,0.0015765437856316566,0.016391754150390625
2025-02-10,2914.3,0.49682164192199707,0.001565658487379551,-0.000617682933807373
2025-02-11,2912.5,0.4972679615020752,0.0015532493125647306,-0.0012016892433166504
2025-02-12,2909.0,0.49777892231941223,0.0015397579409182072,0.0058095455169677734
2025-02-13,2925.9,0.4982505440711975,0.0015269573777914047,-0.01445704698562622
2025-02-14,2883.6,0.4986003637313843,0.0015165751101449132,0.01664590835571289
2025-02-18,2931.6,0.4989350140094757,0.0015060524456202984,-0.0041615962982177734
2025-02-19,2919.4,0.4991837739944458,0.0014965410809963942,0.007056236267089844
2025-02-20,2940.0,0.49944472312927246,0.0014866446144878864,-0.0008162856101989746
2025-02-21,2937.6,0.4996737837791443,0.001476197736337781,0.003506183624267578
2025-02-24,2947.9,0.4998962879180908,0.0014654111582785845,-0.014722287654876709
2025-02-25,2904.5,0.49998077750205994,0.0014575812965631485,0.004234790802001953
2025-02-26,2916.8,0.49999725818634033,0.0014526306185871363,-0.01151949167251587
2025-02-27,2883.2,0.49994099140167236,0.0014494003262370825,-0.016093194484710693
2025-02-28,2836.8,0.49964940547943115,0.0014522022102028131,0.018823981285095215
2025-03-03,2890.2,0.4993712604045868,0.0014550455380231142,0.006712436676025391
2025-03-04,2909.6,0.49926331639289856,0.0014562662690877914,0.0019589662551879883
2025-03-05,2915.3,0.49926626682281494,0.001457509002648294,0.00044596195220947266
2025-03-06,2916.6,0.49942898750305176,0.0014551738277077675,-0.0040801167488098145
2025-03-07,2904.7,0.4996713399887085,0.0014527540188282728,-0.004716455936431885
2025-03-10,2891.0,0.49989455938339233,0.001448185881599784,0.0075751543045043945
2025-03-11,2912.9,0.5002626776695251,0.0014418947976082563,0.008994579315185547
2025-03-12,2939.1,0.5007995367050171,0.0014348479453474283,0.015378832817077637
2025-03-13,2984.3,0.5015432238578796,0.0014242178294807673,0.0034178495407104492
2025-03-14,2994.5,0.5023849606513977,0.0014118404360488057,0.0018366575241088867
2025-03-17,3000.0,0.503260612487793,0.0013980444055050611,0.011700034141540527
2025-03-18,3035.1,0.504209041595459,0.001378651475533843,0.00026357173919677734
2025-03-19,3035.9,0.5051054954528809,0.0013571908930316567,0.0013505220413208008
2025-03-20,3040.0,0.5059493184089661,0.0013342781458050013,-0.0071710944175720215
2025-03-21,3018.2,0.5066878795623779,0.0013119588838890195,-0.0016896724700927734
2025-03-24,3013.1,0.5073108673095703,0.0012917353305965662,0.0035178661346435547
2025-03-25,3023.7,0.5078444480895996,0.001272367313504219,-0.0009260177612304688
2025-03-26,3020.9,0.5083353519439697,0.0012512786779552698,0.013009428977966309
2025-03-27,3060.2,0.5088887214660645,0.0012280958471819758,0.008594274520874023
2025-03-28,3086.5,0.5094742178916931,0.0012018866837024689,0.011760950088500977
2025-03-31,3122.8,0.5100558996200562,0.0011746170930564404,-0.0012489557266235352
2025-04-01,3118.9,0.510569155216217,0.0011499710381031036,0.0067331790924072266
2025-04-02,3139.9,0.5110678672790527,0.0011262430343776941,-0.01366281509399414
2025-04-03,3097.0,0.5114569664001465,0.0010981603991240263,-0.02744591236114502
2025-04-04,3012.0,0.5113896727561951,0.001067260280251503,-0.020152688026428223
2025-04-07,2951.3,0.5109695792198181,0.0010498615447431803,0.005794048309326172
2025-04-08,2968.4,0.5103525519371033,0.0010439674369990826,0.029679298400878906
2025-04-09,3056.5,0.5099396109580994,0.001063755014911294,0.03229176998138428
2025-04-10,3155.2,0.5098981261253357,0.0010755008552223444,0.021234750747680664
2025-04-11,3222.2,0.5102783441543579,0.0010803383775055408,-0.0054000020027160645
2025-04-14,3204.8,0.5109948515892029,0.0010869831312447786,0.004337191581726074
2025-04-15,3218.7,0.5119630694389343,0.0010916809551417828,0.033522844314575195
2025-04-16,3326.6,0.5132737159729004,0.0010761612793430686,-0.0053809285163879395
2025-04-17,3308.7,0.5147901177406311,0.0010472815483808517,0.02946782112121582
2025-04-21,3406.2,0.5167006850242615,0.0009995276341214776,-0.0015853047370910645
2025-04-22,3400.8,0.5186588764190674,0.0009450952056795359,-0.03660905361175537
2025-04-23,3276.3,0.5202197432518005,0.000894127762876451,0.017000913619995117
2025-04-24,3332.0,0.4458554983139038,0.005507115740329027,-0.014885962009429932
2025-04-25,3282.4,0.445861279964447,0.005505313165485859,0.015263199806213379
2025-04-28,3332.5,0.4458722472190857,0.005504259839653969,-0.004110991954803467
2025-04-29,3318.8,0.4458790719509125,0.005502784624695778,-0.004158139228820801
2025-04-30,3305.0,0.445886492729187,0.005501760169863701,-0.02874433994293213
2025-05-01,3210.0,0.44588300585746765,0.005500473082065582,0.006822347640991211
2025-05-02,3231.9,0.4458768963813782,0.005498901009559631,0.024567604064941406
2025-05-05,3311.3,0.4458882808685303,0.005498165264725685,0.030229806900024414
2025-05-06,3411.4,0.4459059238433838,0.005498003680258989,-0.008794069290161133
2025-05-07,3381.4,0.44591596722602844,0.005497005768120289,-0.025078296661376953
2025-05-08,3296.6,0.4459197521209717,0.005495297722518444,0.011769652366638184
2025-05-09,3335.4,0.44592195749282837,0.005494345910847187,-0.03459852933883667
2025-05-12,3220.0,0.4459191858768463,0.0054908208549022675,0.006304383277893066
2025-05-13,3240.3,0.4459216594696045,0.0054896376095712185,-0.018177390098571777
2025-05-14,3181.4,0.44592005014419556,0.005488888826221228,0.012353062629699707
2025-05-15,3220.7,0.4459141194820404,0.005487819202244282,-0.012015998363494873
2025-05-16,3182.0,0.4459112584590912,0.005487033165991306,0.014739155769348145
2025-05-19,3228.9,0.44591498374938965,0.0054870303720235825,0.015918731689453125
2025-05-20,3280.3,0.4459209740161896,0.005486821755766869,0.008840680122375488
2025-05-21,3309.3,0.4459344744682312,0.005488003604114056,-0.005137026309967041
2025-05-22,3292.3,0.4459337294101715,0.0054876008071005344,0.02165663242340088
2025-05-23,3363.6,0.44594377279281616,0.005488704890012741,-0.01917588710784912
2025-05-27,3299.1,0.44593900442123413,0.005487574264407158,-0.0016671419143676758
2025-05-28,3293.6,0.44594383239746094,0.005487275309860706,0.00713503360748291
2025-05-29,3317.1,0.4459467828273773,0.0054873269982635975,-0.00850147008895874
2025-05-30,3288.9,0.44594645500183105,0.005487238056957722,0.02484118938446045
2025-06-02,3370.6,0.4459564983844757,0.005486954934895039,-0.006052374839782715
2025-06-03,3350.2,0.44596657156944275,0.005485755391418934,0.006954789161682129
2025-06-04,3373.5,0.4459741413593292,0.005485492758452892,-0.006758570671081543
2025-06-05,3350.7,0.4459809362888336,0.005485706031322479,-0.008356451988220215
2025-06-06,3322.7,0.44598039984703064,0.005484319292008877,0.0028290748596191406
2025-06-09,3332.1,0.4459839463233948,0.005483954679220915,-0.0033612847328186035
2025-06-10,3320.9,0.445985347032547,0.005483257584273815,0.00012052059173583984
2025-06-11,3321.3,0.44598427414894104,0.005483602173626423,0.017944693565368652
2025-06-12,3380.9,0.4459908604621887,0.005484023131430149,0.014877676963806152
2025-06-13,3431.2,0.4460066258907318,0.005484488792717457,-0.010142266750335693
2025-06-16,3396.4,0.44600537419319153,0.005484241060912609,-0.0028853416442871094
2025-06-17,3386.6,0.4460119605064392,0.005484286695718765,0.0009448528289794922
2025-06-18,3389.8,0.4460051655769348,0.005484110675752163,-0.006401538848876953
2025-06-20,3368.1,0.44600385427474976,0.005484886467456818,0.002850174903869629
2025-06-23,3377.7,0.44600147008895874,0.005484905559569597,-0.017852425575256348
2025-06-24,3317.4,0.44599246978759766,0.005485217086970806,0.0029240846633911133
2025-06-25,3327.1,0.4459906816482544,0.005485317669808865,0.0019235610961914062
2025-06-26,3333.5,0.4459928274154663,0.005485477391630411,-0.017939090728759766
2025-06-27,3273.7,0.44598981738090515,0.005485199857503176,0.006323099136352539
2025-06-30,3294.4,0.4459872543811798,0.005485323257744312,0.012840032577514648
2025-07-01,3336.7,0.4459899067878723,0.005485157482326031,0.0033866167068481445
2025-07-02,3348.0,0.44599559903144836,0.005484717432409525,-0.004898428916931152
2025-07-03,3331.6,0.4460012912750244,0.005483560264110565,0.0001800060272216797
2025-07-07,3332.2,0.4460063576698303,0.005483194254338741,-0.007562577724456787
2025-07-08,3307.0,0.446000337600708,0.005482797510921955,0.0013910531997680664
2025-07-09,3311.6,0.44599705934524536,0.005482246167957783,0.0017513036727905273
2025-07-10,3317.4,0.4459993839263916,0.005481651984155178,0.011635661125183105
2025-07-11,3356.0,0.4460073709487915,0.005481008440256119,-0.0013408660888671875
2025-07-14,3351.5,0.44601383805274963,0.0054804254323244095,-0.006474673748016357
2025-07-15,3329.8,0.44601255655288696,0.005479728803038597,0.006817221641540527
2025-07-16,3352.5,0.4460122585296631,0.0054793693125247955,-0.00369870662689209
2025-07-17,3340.1,0.44601383805274963,0.005478559993207455,0.003862142562866211
2025-07-18,3353.0,0.44601601362228394,0.005478427745401859,0.014583945274353027
2025-07-21,3401.9,0.4460233449935913,0.0054786549881100655,0.010964512825012207
2025-07-22,3439.2,0.5524759888648987,-0.0007926216349005699,-0.01311349868774414
2025-07-23,3394.1,0.5525715351104736,-0.000800078734755516,-0.0068059563636779785
2025-07-24,3371.0,0.5526636838912964,-0.0008077353704720736,-0.010975956916809082
2025-07-25,3334.0,0.5527321100234985,-0.0008149952627718449,-0.007468461990356445
2025-07-28,3309.1,0.5527689456939697,-0.0008198826108127832,0.00432133674621582
2025-07-29,3323.4,0.5527582168579102,-0.0008253755513578653,-0.008304715156555176
2025-07-30,3295.8,0.5527141094207764,-0.0008299564942717552,-0.0007889270782470703
2025-07-31,3293.2,0.5526238679885864,-0.0008323502261191607,0.016549229621887207
2025-08-01,3347.7,0.5524554252624512,-0.000839712331071496,0.007975578308105469
2025-08-04,3374.4,0.5523085594177246,-0.0008465677965432405,0.0022226572036743164
2025-08-05,3381.9,0.5521891117095947,-0.0008540868293493986,-0.0005617737770080566
2025-08-06,3380.0,0.5521057844161987,-0.0008617471903562546,0.00600588321685791
2025-08-07,3400.3,0.552064061164856,-0.0008699907921254635,0.011410713195800781
2025-08-08,3439.1,0.5520945191383362,-0.0008780732750892639,-0.025006532669067383
2025-08-11,3353.1,0.5521094799041748,-0.0008862053509801626,-0.0012526512145996094
2025-08-12,3348.9,0.5521306395530701,-0.0008928221650421619,0.002926349639892578
2025-08-13,3358.7,0.5521593689918518,-0.000900899525731802,-0.006996750831604004
2025-08-14,3335.2,0.5521807670593262,-0.0009086746722459793,0.00023984909057617188
2025-08-15,3336.0,0.5521975755691528,-0.0009161808993667364,-0.0012890100479125977
2025-08-18,3331.7,0.5522106885910034,-0.000922149047255516,-0.005492687225341797
2025-08-19,3313.4,0.5522038340568542,-0.0009281609673053026,0.009054183959960938
2025-08-20,3343.4,0.5521983504295349,-0.0009343563579022884,-0.001944124698638916
2025-08-21,3336.9,0.5521805882453918,-0.0009386858437210321,0.0112379789352417
2025-08-22,3374.4,0.5521990656852722,-0.000942898215726018,-0.00017774105072021484
2025-08-25,3373.8,0.552243173122406,-0.0009478726424276829,0.004386782646179199
2025-08-26,3388.6,0.5522977113723755,-0.0009545418433845043,0.0047217607498168945
2025-08-27,3404.6,0.5523551106452942,-0.0009635069873183966,0.007989168167114258
2025-08-28,3431.8,0.5524284243583679,-0.0009754186030477285,0.012209296226501465
2025-08-29,3473.7,0.5525158047676086,-0.0009905947372317314,0.021792292594909668
2025-09-02,3549.4,0.5526069402694702,-0.0010067743714898825,0.012340068817138672
2025-09-03,3593.2,0.5527167916297913,-0.0010241875424981117,-0.007625460624694824
2025-09-04,3565.8,0.5528355836868286,-0.0010424230713397264,0.013292908668518066
2025-09-05,3613.2,0.5529740452766418,-0.001065360615029931,0.006891489028930664
2025-09-08,3638.1,0.553121030330658,-0.001093749888241291,0.0014293193817138672
2025-09-09,3643.3,0.5532165169715881,-0.0011300623882561922,8.237361907958984e-05
2025-09-10,3643.6,0.5532823204994202,-0.0011678421869874,-0.0018389225006103516
2025-09-11,3636.9,0.5533127784729004,-0.0012068478390574455,0.003437042236328125
2025-09-12,3649.4,0.553336501121521,-0.0012437731493264437,0.008987784385681152
2025-09-15,3682.2,0.5533366203308105,-0.0012793915811926126,0.001819610595703125
2025-09-16,3688.9,0.5533141493797302,-0.0013142949901521206,-0.0019246339797973633
2025-09-17,3681.8,0.5532919764518738,-0.0013460356276482344,-0.010348200798034668
2025-09-18,3643.7,0.5532597303390503,-0.0013705282472074032,0.0076296329498291016
2025-09-19,3671.5,0.5532315969467163,-0.0013877912424504757,0.01884782314300537
2025-09-22,3740.7,0.5532203912734985,-0.0014006809797137976,0.010666489601135254
2025-09-23,3780.6,0.5532328486442566,-0.001412673620507121,-0.012828648090362549
2025-09-24,3732.1,0.5532654523849487,-0.0014206606429070234,0.0012860298156738281
2025-09-25,3736.9,0.5533105731010437,-0.0014232301618903875,0.010275959968566895
2025-09-26,3775.3,0.5533908009529114,-0.0014227954670786858,0.012078523635864258
2025-09-29,3820.9,0.5534830689430237,-0.0014236101415008307,0.005208253860473633
2025-09-30,3840.8,0.5535823702812195,-0.0014259826857596636,0.006951689720153809
2025-10-01,3867.5,0.5536758303642273,-0.0014319343026727438,-0.007188141345977783
2025-10-02,3839.7,0.5537431240081787,-0.0014405138790607452,0.01070404052734375
2025-10-03,3880.8,0.5538093447685242,-0.001450228039175272,0.017444849014282227
2025-10-06,3948.5,0.5539062023162842,-0.0014586292672902346,0.00711667537689209
2025-10-07,3976.6,0.554012656211853,-0.0014671625103801489,0.016773104667663574
2025-10-08,4043.3,0.5541495084762573,-0.0014770417474210262,-0.023990333080291748
2025-10-09,3946.3,0.5542721152305603,-0.0014851009473204613,0.007500648498535156
2025-10-10,3975.9,0.5543254613876343,-0.0014939799439162016,0.033376097679138184
2025-10-13,4108.6,0.5543889999389648,-0.0015023380983620882,0.0073261260986328125
2025-10-14,4138.7,0.5544483065605164,-0.0015112317632883787,0.009229898452758789
2025-10-15,4176.9,0.4894696772098541,0.0012664592359215021,0.02473127841949463
2025-10-16,4280.2,0.48916229605674744,0.0012914878316223621,-0.021097183227539062
2025-10-17,4189.9,0.48897412419319153,0.001310132909566164,0.03496503829956055
2025-10-20,4336.4,0.48880407214164734,0.0013137791538611054,-0.05735170841217041
2025-10-21,4087.7,0.48864421248435974,0.0013155158376321197,-0.010592758655548096
2025-10-22,4044.4,0.4885159432888031,0.0013166721910238266,0.020052433013916016
2025-10-23,4125.5,0.48843932151794434,0.0013125803088769317,-0.001721024513244629
2025-10-24,4118.4,0.48837265372276306,0.001304508070461452,-0.02828770875930786
2025-10-27,4001.9,0.4882911145687103,0.001295573078095913,-0.008920729160308838
2025-10-28,3966.2,0.4881856441497803,0.0012886680196970701,0.004412293434143066
2025-10-29,3983.7,0.48812833428382874,0.0012840242125093937,0.004418015480041504
2025-10-30,4001.3,0.4881316125392914,0.0012799109099432826,-0.004773497581481934
2025-10-31,3982.2,0.48813650012016296,0.0012779203243553638,0.0045452117919921875
2025-11-03,4000.3,0.48815640807151794,0.0012759092496708035,-0.013149023056030273
2025-11-04,3947.7,0.4881571829319,0.0012802697019651532,0.00825798511505127
2025-11-05,3980.3,0.4882175624370575,0.0012834403896704316,-0.00010055303573608398
2025-11-06,3979.9,0.4882590174674988,0.0012896006228402257,0.00489962100982666
2025-11-07,3999.4,0.48830750584602356,0.0012958678416907787,0.028104186058044434
2025-11-10,4111.8,0.4883376359939575,0.0012953781988471746,-0.0012159943580627441
2025-11-11,4106.8,0.4883422255516052,0.0012917936546728015,0.0237654447555542
2025-11-12,4204.4,0.4882763922214508,0.0012862402945756912,-0.004162311553955078
2025-11-13,4186.9,0.4882168769836426,0.0012885305332019925,-0.02371680736541748
2025-11-14,4087.6,0.48822227120399475,0.0012945221969857812,-0.004721581935882568
2025-11-17,4068.3,0.4882466495037079,0.001306832185946405,-0.0017206072807312012
2025-11-18,4061.3,0.4882907271385193,0.0013263687724247575,0.004038095474243164
2025-11-19,4077.7,0.48836955428123474,0.0013443068601191044,-0.005199015140533447
2025-11-20,4056.5,0.488438218832016,0.0013671087799593806,0.004979610443115234
2025-11-21,4076.7,0.4885118305683136,0.0013822336914017797,0.003728508949279785
2025-11-24,4091.9,0.4885489344596863,0.0013852871488779783,0.011559486389160156
2025-11-25,4139.2,0.48852410912513733,0.0013770771911367774,0.006281375885009766
2025-11-26,4165.2,0.4884389042854309,0.0013616844080388546,0.012748360633850098
2025-11-28,4218.3,0.48831963539123535,0.001341789378784597,0.004978299140930176
2025-12-01,4239.3,0.4882250130176544,0.0013237639795988798,-0.012431204319000244
2025-12-02,4186.6,0.4881550967693329,0.001307032653130591,0.0030333995819091797
2025-12-03,4199.3,0.48808372020721436,0.0012908272910863161,0.002976655960083008
2025-12-04,4211.8,0.4880475401878357,0.0012760087847709656,0.0002611875534057617
2025-12-05,4212.9,0.4880460202693939,0.0012615275336429477,-0.0061002373695373535
2025-12-08,4187.2,0.488070011138916,0.0012516009155660868,0.00465703010559082
2025-12-09,4206.7,0.48811474442481995,0.0012443432351574302,-0.002448558807373047
2025-12-10,4196.4,0.48813679814338684,0.0012366414302960038,0.0212324857711792
2025-12-11,4285.5,0.48815324902534485,0.0012263591634109616,0.0034068822860717773
2025-12-12,4300.1,0.4882005751132965,0.0012185571249574423,0.0015348196029663086
2025-12-15,4306.7,0.48824602365493774,0.001213724142871797,-0.000510871410369873
2025-12-16,4304.5,0.4882839620113373,0.0012113329721614718,0.009989500045776367
2025-12-17,4347.5,0.4883336126804352,0.0012129162205383182,-0.0018401145935058594
2025-12-18,4339.5,0.48835229873657227,0.0012147382367402315,0.0050466060638427734
2025-12-19,4361.4,0.4883843660354614,0.0012115685967728496,0.01907646656036377
2025-12-22,4444.6,0.48839622735977173,0.0012023755116388202,0.008594632148742676
2025-12-23,4482.8,0.48837900161743164,0.0011909790337085724,-0.000490725040435791
2025-12-24,4480.6,0.4883207678794861,0.0011789667187258601,0.010824441909790039
2025-12-26,4529.1,0.48822852969169617,0.0011679913150146604,-0.04504203796386719
2025-12-29,4325.1,0.4881320893764496,0.0011646081693470478,0.010404348373413086
2025-12-30,4370.1,0.4880664646625519,0.0011630310909822583,-0.010182857513427734
2025-12-31,4325.6,0.4880593419075012,0.0011651350650936365,-0.002589285373687744
2026-01-02,4314.4,0.4880921542644501,0.0011667918879538774,0.028393268585205078
2026-01-05,4436.9,0.48809051513671875,0.0011665100464597344,0.010209918022155762
2026-01-06,4482.2,0.48805153369903564,0.0011657228460535407,-0.00734025239944458
2026-01-07,4449.3,0.4879727065563202,0.0011675277492031455,9.000301361083984e-05
2026-01-08,4449.7,0.48790913820266724,0.0011706085642799735,0.009124159812927246
2026-01-09,4490.3,0.4878341555595398,0.001170608913525939,0.025388002395629883
2026-01-12,4604.3,0.515643835067749,0.0002325617242604494,-0.003279447555541992
2026-01-13,4589.2,0.5156830549240112,0.0002249772660434246,0.00808405876159668
2026-01-14,4626.3,0.5157167911529541,0.00021759653463959694,-0.002161562442779541
2026-01-15,4616.3,0.515760600566864,0.00021121534518897533,-0.006043791770935059
2026-01-16,4588.4,0.5158098936080933,0.00020607095211744308,0.037311553955078125
2026-01-20,4759.6,0.5158529281616211,0.0001982017420232296,0.015169262886047363
2026-01-21,4831.8,0.5159718990325928,0.0001907560508698225,0.01593613624572754
2026-01-22,4908.8,0.516167163848877,0.0001809750683605671,0.013730525970458984
2026-01-23,4976.2,0.5164154767990112,0.00016872398555278778,0.02079904079437256
2026-01-26,5079.7,0.5167137384414673,0.00015353807248175144,3.933906555175781e-05
2026-01-27,5079.9,0.5170348882675171,0.00013756612315773964,0.043642640113830566
2026-01-28,5301.6,0.5174153447151184,0.00011591194197535515,0.003168821334838867
2026-01-29,5318.4,0.5178598761558533,9.474647231400013e-05,-0.1136620044708252
2026-01-30,4713.9,0.5181372165679932,8.387747220695019e-05,-0.019389450550079346
2026-02-02,4622.5,0.5182857513427734,7.758010178804398e-05,0.060832977294921875
2026-02-03,4903.7,0.5183864831924438,6.825360469520092e-05,0.0034055709838867188
2026-02-04,4920.4,0.5184412002563477,5.9865182265639305e-05,-0.011990904808044434
2026-02-05,4861.4,0.5183976888656616,5.4067932069301605e-05,0.01847207546234131
2026-02-06,4951.2,0.5183233022689819,5.12516126036644e-05,0.020136475563049316
2026-02-09,5050.9,0.5183165073394775,4.869815893471241e-05,-0.009325087070465088
2026-02-10,5003.8,0.5183318853378296,4.617706872522831e-05,0.0135498046875
2026-02-11,5071.6,0.5183807611465454,4.209950566291809e-05,-0.029162347316741943
2026-02-12,4923.7,0.5183640718460083,3.9661768823862076e-05,0.01996457576751709
2026-02-13,5022.0,0.5183366537094116,3.721145913004875e-05,-0.027698159217834473
2026-02-17,4882.9,0.5182619094848633,3.749947063624859e-05,0.021216869354248047
2026-02-18,4986.5,0.5181933641433716,3.662100061774254e-05,-0.0021257400512695312
2026-02-19,4975.9,0.51811283826828,3.560609184205532e-05,0.016760826110839844
2026-02-20,5059.3,0.5180659294128418,3.3637043088674545e-05,0.028739213943481445
2026-02-23,5204.7,0.5180549621582031,2.7895905077457428e-05,-0.009395420551300049
2026-02-24,5155.8,0.5180712342262268,2.3067230358719826e-05,0.009814262390136719
2026-02-25,5206.4,0.5181442499160767,1.7053214833140373e-05,-0.005742907524108887
2026-02-26,5176.5,0.5182328224182129,9.908340871334076e-06,0.010431766510009766
2026-02-27,5230.5,0.5183231234550476,1.32853165268898e-06,0.012216806411743164
2026-03-02,5294.4,0.5183922052383423,-8.80146399140358e-06,-0.03532034158706665
2026-03-03,5107.4,0.5183621644973755,-1.5148892998695374e-05,0.002506256103515625
2026-03-04,5120.2,0.5183192491531372,-1.8275808542966843e-05,-0.010722339153289795
2026-03-05,5065.3,0.518204927444458,-1.9777333363890648e-05,0.01595175266265869
2026-03-06,5146.1,0.5180025100708008,-1.8664170056581497e-05,-0.010609984397888184
2026-03-09,5091.5,0.5178222060203552,-1.0235700756311417e-05,0.027143359184265137
2026-03-10,5229.7,0.5176898241043091,-2.9704533517360687e-06,-0.011912763118743896
2026-03-11,5167.4,0.5175958275794983,5.8873556554317474e-06,-0.009985685348510742
2026-03-12,5115.8,0.517482340335846,1.560663804411888e-05,-0.012373387813568115
2026-03-13,5052.5,0.5173622369766235,2.8617214411497116e-05,-0.01157844066619873
2026-03-16,4994.0,0.5172850489616394,4.458683542907238e-05,0.001401662826538086
2026-03-17,5001.0,0.517250120639801,5.9199752286076546e-05,-0.022215604782104492
2026-03-18,4889.9,0.5171735882759094,7.402407936751842e-05,-0.059142231941223145
2026-03-19,4600.7,0.517035722732544,9.60801262408495e-05,-0.006586015224456787
2026-03-20,4570.4,0.5168249011039734,0.00011937995441257954,-0.03638625144958496
2026-03-23,4404.1,0.5165383815765381,0.00014943396672606468,-0.001089930534362793
2026-03-24,4399.3,0.5161951780319214,0.00018097390420734882,0.0342099666595459
2026-03-25,4549.8,0.5158789753913879,0.0002105492167174816,-0.038309335708618164
2026-03-26,4375.5,0.5155187249183655,0.00024258415214717388,0.026625514030456543
2026-03-27,4492.0,0.51512610912323,0.0002735578455030918,0.007568955421447754
2026-03-30,4526.0,0.5147503018379211,0.00030546868219971657,0.026867032051086426
2026-03-31,4647.6,0.5145019888877869,0.0003353613428771496,0.02917635440826416
2026-04-01,4783.2,0.5143799185752869,0.0003581182099878788,-0.027533888816833496
2026-04-02,4651.5,0.5143251419067383,0.00037833862006664276,0.0011394023895263672
2026-04-06,4656.8,0.5143090486526489,0.00039456458762288094,6.449222564697266e-05
2026-04-07,4657.1,0.5142914056777954,0.0004076885525137186,0.019840598106384277
2026-04-08,4749.5,0.5143690705299377,0.00041641155257821083,0.00899040699005127
2026-04-09,4792.2,0.5251205563545227,0.0009025327162817121,-0.0063228607177734375
2026-04-10,4761.9,0.5252159833908081,0.0008743138751015067,-0.004095017910003662
2026-04-13,4742.4,0.525313138961792,0.0008457779185846448,0.017417311668395996
2026-04-14,4825.0,0.5254108905792236,0.0008158253040164709,-0.005181372165679932
2026-04-15,4800.0,0.5254859328269958,0.0007897947216406465,-0.003041684627532959
2026-04-16,4785.4,0.5255594849586487,0.0007671188795939088,0.015087604522705078
2026-04-17,4857.6,0.5256050229072571,0.0007459328044205904,-0.010499000549316406
2026-04-20,4806.6,0.5255957245826721,0.0007307087071239948,-0.022510766983032227
2026-04-21,4698.4,0.5255506634712219,0.000724111101590097,0.007257819175720215
2026-04-22,4732.5,0.5254624485969543,0.0007222344866022468,-0.005789756774902344
2026-04-23,4705.1,0.5253586173057556,0.0007261360296979547,0.003655552864074707
2026-04-24,4722.3,0.5252267718315125,0.0007301284931600094,-0.009931564331054688
2026-04-27,4675.4,0.5250846147537231,0.0007342291064560413,-0.01794499158859253
2026-04-28,4591.5,0.5249379873275757,0.0007395485881716013,-0.010083794593811035
2026-04-29,4545.2,0.5247909426689148,0.0007496929029002786,0.01529085636138916
2026-04-30,4614.7,0.5246841311454773,0.0007534879259765148,0.003293752670288086
2026-05-01,4629.9,0.5245910882949829,0.0007552574388682842,-0.02384495735168457
2026-05-04,4519.5,0.5244969129562378,0.000761035131290555,0.008031845092773438
2026-05-05,4555.8,0.5244069695472717,0.00076586555223912,0.027678966522216797
2026-05-06,4681.9,0.5243038535118103,0.0007679970003664494,0.0038231611251831055
2026-05-07,4699.8,0.5242289304733276,0.0007682363502681255,0.004383206367492676
2026-05-08,4720.4,0.5241600275039673,0.0007661186391487718,-0.00036007165908813477
2026-05-11,4718.7,0.5240923166275024,0.0007661707932129502,-0.008710026741027832
2026-05-12,4677.6,0.52403324842453,0.0007675074739381671,0.004297137260437012
2026-05-13,4697.7,0.5239639282226562,0.0007702584844082594,-0.004172265529632568
2026-05-14,4678.1,0.5238562822341919,0.0007751430384814739,-0.026143133640289307
2026-05-15,4555.8,0.5237482190132141,0.0007876337040215731,-0.0007243156433105469
2026-05-18,4552.5,0.5236856341362,0.0007991022430360317,-0.010148286819458008
2026-05-19,4506.3,0.5236602425575256,0.0008114803349599242,0.005547761917114258
2026-05-20,4531.3,0.5236108303070068,0.0008213749388232827,0.0018758773803710938
2026-05-21,4539.8,0.5235450863838196,0.0008291876874864101,-0.004141092300415039
2026-05-22,4521.0,0.5234546661376953,0.000836608000099659,-0.004556536674499512
2026-05-26,4500.4,0.5233142375946045,0.0008445200510323048,-0.011754512786865234
2026-05-27,4447.5,0.5231356620788574,0.0008522412972524762,0.01164698600769043
2026-05-28,4499.3,0.5229476690292358,0.0008578690467402339,0.013602137565612793
2026-05-29,4560.5,0.522785484790802,0.0008603722089901567,-0.01870405673980713
2026-06-01,4475.2,0.522605836391449,0.0008656159043312073,0.0031059980392456055
2026-06-02,4489.1,0.5224327445030212,0.0008710842812433839,-0.011672675609588623
2026-06-03,4436.7,0.5222741365432739,0.0008788106497377157,0.008812785148620605
2026-06-04,4475.8,0.522135853767395,0.000885013141669333,-0.03098881244659424
2026-06-05,4337.1,0.5220023393630981,0.0009061158634722233,-0.00027674436569213867
2026-06-08,4335.9,0.5219043493270874,0.0009255813201889396,-0.017504990100860596
2026-06-09,4260.0,0.5217726230621338,0.00094731489662081,-0.035633742809295654
2026-06-10,4108.2,0.5216129422187805,0.0009751401375979185,-0.00435715913772583
2026-06-11,4090.3,0.5213809609413147,0.0009996166918426752,0.030486702919006348
2026-06-12,4215.0,0.5211653113365173,0.0010173458140343428,0.026808977127075195
2026-06-15,4328.0,0.5209779739379883,0.0010272124782204628,0.0006700754165649414
2026-06-16,4330.9,0.5208344459533691,0.0010313430102542043,0.00646519660949707
2026-06-17,4358.9,0.5207682251930237,0.0010364730842411518,-0.030925214290618896
2026-06-18,4224.1,0.5206576585769653,0.0010425049113109708,-0.009990334510803223
2026-06-22,4181.9,0.5205256938934326,0.001053179963491857,-0.012434542179107666
2026-06-23,4129.9,0.5203864574432373,0.0010708795161917806,-0.03380221128463745
2026-06-24,3990.3,0.5201690196990967,0.001092423452064395,0.010074377059936523
2026-06-25,4030.5,0.5199224352836609,0.0011157135013490915,0.011958837509155273
2026-06-26,4078.7,0.5196866393089294,0.001136547070927918,-0.013827919960021973
2026-06-29,4022.3,0.5194268822669983,0.0011547442991286516,0.00014913082122802734
2026-06-30,4022.9,0.5191828608512878,0.0011692391708493233,0.01128542423248291
2026-07-01,4068.3,0.5190019607543945,0.0011807046830654144,0.010913729667663574
2026-07-02,4112.7,0.51891028881073,0.0011853454634547234,0.010309457778930664
2026-07-06,4155.1,0.5188702344894409,0.001184393186122179,-0.0023586153984069824
2026-07-07,4145.3,0.46431028842926025,0.0018898737616837025,-0.017948031425476074
2026-07-08,4070.9,0.46424999833106995,0.00189060322009027,0.01466512680053711
2026-07-09,4130.6,0.46420904994010925,0.0018920477014034986,-0.00641554594039917
2026-07-10,4104.1,0.4641638398170471,0.0018916372209787369,-0.026095867156982422
2026-07-13,3997.0,0.4640972912311554,0.001889808801934123,0.01603710651397705
2026-07-14,4061.1,0.46405789256095886,0.0018903755117207766,-0.004210710525512695
2026-07-15,4044.0,0.4640423655509949,0.0018914875108748674,-0.014441132545471191
2026-07-16,3985.6,0.46401500701904297,0.001892349449917674,0.006799459457397461
2026-07-17,4012.7,0.4640105068683624,0.0018959189765155315,-0.0005980730056762695
2026-07-20,4010.3,0.4640137255191803,0.0018992238910868764,0.015160918235778809
2026-07-21,4071.1,0.4640364944934845,0.0019020254258066416,0.01861894130706787
2026-07-22,4146.9,0.4640916585922241,0.0019043927313759923,-0.024186670780181885
2026-07-23,4046.6,0.4641319811344147,0.0019057602621614933,0.00518953800201416
2026-07-24,4067.6,0.4641803205013275,0.0019084103405475616,0.0016963481903076172
2026-07-27,4074.5,0.4642302989959717,0.001911656465381384,-0.009375393390655518
2026-07-28,4036.3,0.4642735421657562,0.0019141111988574266,-0.00039643049240112305
2026-07-29,4034.7,0.4643608629703522,0.001915577333420515,0.01620936393737793
2026-07-30,4100.1,0.46446293592453003,0.0019154155161231756,-0.012438714504241943
2026-07-31,4049.1,0.4645558297634125,0.0019101942889392376,-0.0038033723831176758
2026-08-03,4033.7,0.4646173417568207,0.0019041539635509253,0.015296101570129395
2026-08-04,4095.4,0.46466171741485596,0.001899321679957211,0.036724090576171875
2026-08-05,4245.8,0.4647379517555237,0.0018955536652356386,-0.0008949637413024902
2026-08-06,4242.0,0.4648076593875885,0.0018901980947703123,0.023267388343811035
2026-08-07,4340.7,0.4649018347263336,0.001886987593024969,0.004860877990722656
2026-08-10,4361.8,0.4650000035762787,0.0018827023450285196,0.004860401153564453
2026-08-11,4383.0,0.46510544419288635,0.0018794846255332232,0.0059092044830322266
2026-08-12,4408.9,0.46519672870635986,0.0018768336158245802,-0.010274648666381836
2026-08-13,4363.6,0.4652531147003174,0.0018741486128419638,0.0038499832153320312
2026-08-14,4380.4,0.46530765295028687,0.0018701276276260614,0.008538007736206055
2026-08-17,4417.8,0.46537742018699646,0.0018661159556359053,-0.011725246906280518
2026-08-18,4366.0,0.4654427468776703,0.0018624619115144014,0.02826380729675293
2026-08-19,4489.4,0.4655528664588928,0.0018612183630466461,0.005991816520690918
2026-08-20,4516.3,0.4656907618045807,0.001858956879004836,0.02386915683746338
2026-08-21,4624.1,0.465871661901474,0.0018562194891273975,0.003611445426940918
2026-08-24,4640.8,0.4660651683807373,0.0018539445009082556,-0.0005817413330078125
2026-08-25,4638.1,0.46624505519866943,0.0018519009463489056,-0.008602619171142578
2026-08-26,4598.2,0.46639135479927063,0.0018478629644960165,0.0025010108947753906
2026-08-27,4609.7,0.4665129780769348,0.0018429678166285157,-0.02854853868484497
2026-08-28,4478.1,0.46656593680381775,0.0018352484330534935,-0.010495543479919434
